{"resourceType":"CodeSystem","id":"TempCodeCS-Sports","text":{"status":"generated","div":"<div xmlns=\"http://www.w3.org/1999/xhtml\"><p class=\"res-header-id\"><b>Generated Narrative: CodeSystem TempCodeCS-Sports</b></p><a name=\"TempCodeCS-Sports\"> </a><a name=\"hcTempCodeCS-Sports\"> </a><a name=\"TempCodeCS-Sports-en-US\"> </a><p>This case-sensitive code system <code>http://ltc-ig.fhir.tw/CodeSystem/TempCodeCS-Sports</code> defines the following codes:</p><table class=\"codes\"><tr><td style=\"white-space:nowrap\"><b>Code</b></td><td><b>Display</b></td><td><b>Definition</b></td></tr><tr><td style=\"white-space:nowrap\">PhysicalActivity<a name=\"TempCodeCS-Sports-PhysicalActivity\"> </a></td><td>Physical Activity</td><td>Physical Activity</td></tr><tr><td style=\"white-space:nowrap\">BCA<a name=\"TempCodeCS-Sports-BCA\"> </a></td><td>Body Composition Analysis</td><td>Body Composition Analysis</td></tr><tr><td style=\"white-space:nowrap\">Protein<a name=\"TempCodeCS-Sports-Protein\"> </a></td><td>蛋白質重</td><td>蛋白質重</td></tr><tr><td style=\"white-space:nowrap\">FFMI<a name=\"TempCodeCS-Sports-FFMI\"> </a></td><td>無脂肪質量指數</td><td>無脂肪質量指數</td></tr><tr><td style=\"white-space:nowrap\">VFI<a name=\"TempCodeCS-Sports-VFI\"> </a></td><td>內臟脂肪指數</td><td>內臟脂肪指數</td></tr><tr><td style=\"white-space:nowrap\">Mineral<a name=\"TempCodeCS-Sports-Mineral\"> </a></td><td>礦物質重</td><td>礦物質重</td></tr><tr><td style=\"white-space:nowrap\">BodyAge<a name=\"TempCodeCS-Sports-BodyAge\"> </a></td><td>體內年齡</td><td>體內年齡</td></tr><tr><td style=\"white-space:nowrap\">WHR<a name=\"TempCodeCS-Sports-WHR\"> </a></td><td>腰臀圍比</td><td>腰臀圍比</td></tr><tr><td style=\"white-space:nowrap\">ObesityDegree<a name=\"TempCodeCS-Sports-ObesityDegree\"> </a></td><td>肥胖度</td><td>肥胖度</td></tr><tr><td style=\"white-space:nowrap\">DLM<a name=\"TempCodeCS-Sports-DLM\"> </a></td><td>除脂乾物重</td><td>除脂乾物重</td></tr><tr><td style=\"white-space:nowrap\">ICW<a name=\"TempCodeCS-Sports-ICW\"> </a></td><td>細胞內水分</td><td>細胞內水分</td></tr><tr><td style=\"white-space:nowrap\">ECW<a name=\"TempCodeCS-Sports-ECW\"> </a></td><td>細胞外水分</td><td>細胞外水分</td></tr><tr><td style=\"white-space:nowrap\">SMM<a name=\"TempCodeCS-Sports-SMM\"> </a></td><td>骨骼肌重</td><td>骨骼肌重</td></tr><tr><td style=\"white-space:nowrap\">SMI<a name=\"TempCodeCS-Sports-SMI\"> </a></td><td>肌肉質量指數</td><td>肌肉質量指數</td></tr><tr><td style=\"white-space:nowrap\">BodyCellMass<a name=\"TempCodeCS-Sports-BodyCellMass\"> </a></td><td>細胞量</td><td>細胞量</td></tr><tr><td style=\"white-space:nowrap\">SLM<a name=\"TempCodeCS-Sports-SLM\"> </a></td><td>肌肉量</td><td>肌肉量</td></tr><tr><td style=\"white-space:nowrap\">ECWRatio<a name=\"TempCodeCS-Sports-ECWRatio\"> </a></td><td>水腫指數</td><td>水腫指數</td></tr></table></div>"},"url":"http://ltc-ig.fhir.tw/CodeSystem/TempCodeCS-Sports","version":"0.2.0","name":"TempCodeCSSports","title":"身體活動量測-暫用代碼","status":"active","experimental":false,"date":"2024-05-14","publisher":"MI-TW","contact":[{"name":"MI-TW","telecom":[{"system":"url","value":"https://mitw.dicom.org.tw/"}]}],"description":"身體活動量測暫時使用的代碼，目前無官方代碼。本 CodeSystem 繼承自身體活動量測 IG，後續將配合官方代碼更新。","caseSensitive":true,"content":"complete","count":17,"concept":[{"code":"PhysicalActivity","display":"Physical Activity","definition":"Physical Activity"},{"code":"BCA","display":"Body Composition Analysis","definition":"Body Composition Analysis"},{"code":"Protein","display":"蛋白質重","definition":"蛋白質重"},{"code":"FFMI","display":"無脂肪質量指數","definition":"無脂肪質量指數"},{"code":"VFI","display":"內臟脂肪指數","definition":"內臟脂肪指數"},{"code":"Mineral","display":"礦物質重","definition":"礦物質重"},{"code":"BodyAge","display":"體內年齡","definition":"體內年齡"},{"code":"WHR","display":"腰臀圍比","definition":"腰臀圍比"},{"code":"ObesityDegree","display":"肥胖度","definition":"肥胖度"},{"code":"DLM","display":"除脂乾物重","definition":"除脂乾物重"},{"code":"ICW","display":"細胞內水分","definition":"細胞內水分"},{"code":"ECW","display":"細胞外水分","definition":"細胞外水分"},{"code":"SMM","display":"骨骼肌重","definition":"骨骼肌重"},{"code":"SMI","display":"肌肉質量指數","definition":"肌肉質量指數"},{"code":"BodyCellMass","display":"細胞量","definition":"細胞量"},{"code":"SLM","display":"肌肉量","definition":"肌肉量"},{"code":"ECWRatio","display":"水腫指數","definition":"水腫指數"}]}