{"resourceType":"CodeSystem","id":"RelationshipTypeCS-TWLTC","text":{"status":"generated","div":"<div xmlns=\"http://www.w3.org/1999/xhtml\"><p class=\"res-header-id\"><b>Generated Narrative: CodeSystem RelationshipTypeCS-TWLTC</b></p><a name=\"RelationshipTypeCS-TWLTC\"> </a><a name=\"hcRelationshipTypeCS-TWLTC\"> </a><a name=\"RelationshipTypeCS-TWLTC-en-US\"> </a><p>This case-sensitive code system <code>http://ltc-ig.fhir.tw/CodeSystem/RelationshipTypeCS-TWLTC</code> defines the following codes:</p><table class=\"codes\"><tr><td style=\"white-space:nowrap\"><b>Code</b></td><td><b>Display</b></td><td><b>Definition</b></td></tr><tr><td style=\"white-space:nowrap\">GDAUINLAW<a name=\"RelationshipTypeCS-TWLTC-GDAUINLAW\"> </a></td><td>孫媳婦</td><td>孫媳婦</td></tr><tr><td style=\"white-space:nowrap\">GSONINLAW<a name=\"RelationshipTypeCS-TWLTC-GSONINLAW\"> </a></td><td>孫女婿</td><td>孫女婿</td></tr><tr><td style=\"white-space:nowrap\">CGIVERDOM<a name=\"RelationshipTypeCS-TWLTC-CGIVERDOM\"> </a></td><td>聘用看護-本國籍</td><td>聘用看護-本國籍</td></tr><tr><td style=\"white-space:nowrap\">CGIVERFOR<a name=\"RelationshipTypeCS-TWLTC-CGIVERFOR\"> </a></td><td>聘用看護-外國籍</td><td>聘用看護-外國籍</td></tr></table></div>"},"url":"http://ltc-ig.fhir.tw/CodeSystem/RelationshipTypeCS-TWLTC","version":"0.2.0","name":"RelationshipTypeCSTWLTC","title":"關係類型擴展代碼","status":"active","experimental":false,"date":"2024-09-02","publisher":"MI-TW","contact":[{"name":"MI-TW","telecom":[{"system":"url","value":"https://mitw.dicom.org.tw/"}]}],"description":"關係人與個案的關係類型擴展代碼，新增孫媳婦、孫女婿、聘用看護-本國籍、聘用看護-外國籍等代碼","caseSensitive":true,"content":"complete","count":4,"concept":[{"code":"GDAUINLAW","display":"孫媳婦","definition":"孫媳婦"},{"code":"GSONINLAW","display":"孫女婿","definition":"孫女婿"},{"code":"CGIVERDOM","display":"聘用看護-本國籍","definition":"聘用看護-本國籍"},{"code":"CGIVERFOR","display":"聘用看護-外國籍","definition":"聘用看護-外國籍"}]}