{"resourceType":"CodeSystem","id":"ReferralCarePlanCS-TWLTC","text":{"status":"generated","div":"<div xmlns=\"http://www.w3.org/1999/xhtml\"><p class=\"res-header-id\"><b>Generated Narrative: CodeSystem ReferralCarePlanCS-TWLTC</b></p><a name=\"ReferralCarePlanCS-TWLTC\"> </a><a name=\"hcReferralCarePlanCS-TWLTC\"> </a><a name=\"ReferralCarePlanCS-TWLTC-en-US\"> </a><p>This case-sensitive code system <code>http://ltc-ig.fhir.tw/CodeSystem/ReferralCarePlanCS-TWLTC</code> defines the following codes:</p><table class=\"codes\"><tr><td style=\"white-space:nowrap\"><b>Code</b></td><td><b>Display</b></td><td><b>Definition</b></td></tr><tr><td style=\"white-space:nowrap\">care-service-home<a name=\"ReferralCarePlanCS-TWLTC-care-service-home\"> </a></td><td>照顧服務－居家服務</td><td>個案欲申請照顧服務－居家服務。</td></tr><tr><td style=\"white-space:nowrap\">care-service-day<a name=\"ReferralCarePlanCS-TWLTC-care-service-day\"> </a></td><td>照顧服務－日間照顧</td><td>個案欲申請照顧服務－日間照顧。</td></tr><tr><td style=\"white-space:nowrap\">care-service-family<a name=\"ReferralCarePlanCS-TWLTC-care-service-family\"> </a></td><td>照顧服務－家庭托顧</td><td>個案欲申請照顧服務－家庭托顧。</td></tr><tr><td style=\"white-space:nowrap\">scmf-home<a name=\"ReferralCarePlanCS-TWLTC-scmf-home\"> </a></td><td>小規模多機能－居家服務</td><td>個案欲申請小規模多機能－居家服務。</td></tr><tr><td style=\"white-space:nowrap\">scmf-day<a name=\"ReferralCarePlanCS-TWLTC-scmf-day\"> </a></td><td>小規模多機能－日間照顧</td><td>個案欲申請小規模多機能－日間照顧。</td></tr><tr><td style=\"white-space:nowrap\">scmf-overnight<a name=\"ReferralCarePlanCS-TWLTC-scmf-overnight\"> </a></td><td>小規模多機能－夜素</td><td>個案欲申請小規模多機能－夜宿</td></tr><tr><td style=\"white-space:nowrap\">assistive-device-and-environment-improvement<a name=\"ReferralCarePlanCS-TWLTC-assistive-device-and-environment-improvement\"> </a></td><td>輔具購買及住宅無障礙環境改善服務</td><td>個案欲申請輔具購買及住宅無障礙環境改善服務。</td></tr><tr><td style=\"white-space:nowrap\">shared-dementia-care<a name=\"ReferralCarePlanCS-TWLTC-shared-dementia-care\"> </a></td><td>失智共照</td><td>個案欲申請失智共照。</td></tr><tr><td style=\"white-space:nowrap\">preventive-disability-care<a name=\"ReferralCarePlanCS-TWLTC-preventive-disability-care\"> </a></td><td>預防及延緩失能照護</td><td>個案欲申請預防及延緩失能照護。</td></tr><tr><td style=\"white-space:nowrap\">respite-service-home<a name=\"ReferralCarePlanCS-TWLTC-respite-service-home\"> </a></td><td>喘息服務－居家</td><td>個案欲申請喘息服務－居家。</td></tr><tr><td style=\"white-space:nowrap\">respite-service-organization<a name=\"ReferralCarePlanCS-TWLTC-respite-service-organization\"> </a></td><td>喘息服務－機構</td><td>個案欲申請喘息服務－機構。</td></tr><tr><td style=\"white-space:nowrap\">transportation<a name=\"ReferralCarePlanCS-TWLTC-transportation\"> </a></td><td>交通接送服務</td><td>個案欲申請交通接送服務。</td></tr><tr><td style=\"white-space:nowrap\">catering<a name=\"ReferralCarePlanCS-TWLTC-catering\"> </a></td><td>老人餐飲服務</td><td>個案欲申請老人餐飲服務。</td></tr><tr><td style=\"white-space:nowrap\">holistic-community-care<a name=\"ReferralCarePlanCS-TWLTC-holistic-community-care\"> </a></td><td>社區整體照顧模式</td><td>個案欲申請社區整體照顧模式。</td></tr><tr><td style=\"white-space:nowrap\">home-swallowing<a name=\"ReferralCarePlanCS-TWLTC-home-swallowing\"> </a></td><td>居家吞嚥</td><td>個案欲申請居家吞嚥。</td></tr><tr><td style=\"white-space:nowrap\">home-breathing<a name=\"ReferralCarePlanCS-TWLTC-home-breathing\"> </a></td><td>居家呼吸</td><td>個案欲申請居家呼吸。</td></tr><tr><td style=\"white-space:nowrap\">home-care<a name=\"ReferralCarePlanCS-TWLTC-home-care\"> </a></td><td>居家護理</td><td>個案欲申請居家護理。</td></tr><tr><td style=\"white-space:nowrap\">home-nutrition<a name=\"ReferralCarePlanCS-TWLTC-home-nutrition\"> </a></td><td>居家營養</td><td>個案欲申請居家營養。</td></tr><tr><td style=\"white-space:nowrap\">home-physics<a name=\"ReferralCarePlanCS-TWLTC-home-physics\"> </a></td><td>居家物理</td><td>個案欲申請居家物理。</td></tr><tr><td style=\"white-space:nowrap\">home-functions<a name=\"ReferralCarePlanCS-TWLTC-home-functions\"> </a></td><td>居家職能</td><td>個案欲申請居家職能。</td></tr><tr><td style=\"white-space:nowrap\">home-physicial<a name=\"ReferralCarePlanCS-TWLTC-home-physicial\"> </a></td><td>居家醫師</td><td>個案欲申請居家醫師。</td></tr><tr><td style=\"white-space:nowrap\">instutional-placement<a name=\"ReferralCarePlanCS-TWLTC-instutional-placement\"> </a></td><td>機構安置</td><td>個案欲申請機構安置。</td></tr><tr><td style=\"white-space:nowrap\">other<a name=\"ReferralCarePlanCS-TWLTC-other\"> </a></td><td>其他</td><td>個案欲申請其他服務。</td></tr></table></div>"},"url":"http://ltc-ig.fhir.tw/CodeSystem/ReferralCarePlanCS-TWLTC","version":"0.1.1","name":"ReferralCarePlanCSTWLTC","title":"轉介單申請服務種類代碼","status":"active","experimental":false,"date":"2024-08-25","publisher":"MI-TW","contact":[{"name":"MI-TW","telecom":[{"system":"url","value":"https://mitw.dicom.org.tw/"}]}],"description":"用於表述個案欲申請的服務項目。","caseSensitive":true,"content":"complete","count":23,"concept":[{"code":"care-service-home","display":"照顧服務－居家服務","definition":"個案欲申請照顧服務－居家服務。"},{"code":"care-service-day","display":"照顧服務－日間照顧","definition":"個案欲申請照顧服務－日間照顧。"},{"code":"care-service-family","display":"照顧服務－家庭托顧","definition":"個案欲申請照顧服務－家庭托顧。"},{"code":"scmf-home","display":"小規模多機能－居家服務","definition":"個案欲申請小規模多機能－居家服務。"},{"code":"scmf-day","display":"小規模多機能－日間照顧","definition":"個案欲申請小規模多機能－日間照顧。"},{"code":"scmf-overnight","display":"小規模多機能－夜素","definition":"個案欲申請小規模多機能－夜宿"},{"code":"assistive-device-and-environment-improvement","display":"輔具購買及住宅無障礙環境改善服務","definition":"個案欲申請輔具購買及住宅無障礙環境改善服務。"},{"code":"shared-dementia-care","display":"失智共照","definition":"個案欲申請失智共照。"},{"code":"preventive-disability-care","display":"預防及延緩失能照護","definition":"個案欲申請預防及延緩失能照護。"},{"code":"respite-service-home","display":"喘息服務－居家","definition":"個案欲申請喘息服務－居家。"},{"code":"respite-service-organization","display":"喘息服務－機構","definition":"個案欲申請喘息服務－機構。"},{"code":"transportation","display":"交通接送服務","definition":"個案欲申請交通接送服務。"},{"code":"catering","display":"老人餐飲服務","definition":"個案欲申請老人餐飲服務。"},{"code":"holistic-community-care","display":"社區整體照顧模式","definition":"個案欲申請社區整體照顧模式。"},{"code":"home-swallowing","display":"居家吞嚥","definition":"個案欲申請居家吞嚥。"},{"code":"home-breathing","display":"居家呼吸","definition":"個案欲申請居家呼吸。"},{"code":"home-care","display":"居家護理","definition":"個案欲申請居家護理。"},{"code":"home-nutrition","display":"居家營養","definition":"個案欲申請居家營養。"},{"code":"home-physics","display":"居家物理","definition":"個案欲申請居家物理。"},{"code":"home-functions","display":"居家職能","definition":"個案欲申請居家職能。"},{"code":"home-physicial","display":"居家醫師","definition":"個案欲申請居家醫師。"},{"code":"instutional-placement","display":"機構安置","definition":"個案欲申請機構安置。"},{"code":"other","display":"其他","definition":"個案欲申請其他服務。"}]}