{"resourceType":"CodeSystem","id":"ReferralConditionResidenceCS-TWLTC","text":{"status":"generated","div":"<div xmlns=\"http://www.w3.org/1999/xhtml\"><p class=\"res-header-id\"><b>Generated Narrative: CodeSystem ReferralConditionResidenceCS-TWLTC</b></p><a name=\"ReferralConditionResidenceCS-TWLTC\"> </a><a name=\"hcReferralConditionResidenceCS-TWLTC\"> </a><a name=\"ReferralConditionResidenceCS-TWLTC-en-US\"> </a><p>This case-sensitive code system <code>http://ltc-ig.fhir.tw/CodeSystem/ReferralConditionResidenceCS-TWLTC</code> defines the following codes:</p><table class=\"codes\"><tr><td style=\"white-space:nowrap\"><b>Code</b></td><td><b>Display</b></td><td><b>Definition</b></td></tr><tr><td style=\"white-space:nowrap\">not-alone<a name=\"ReferralConditionResidenceCS-TWLTC-not-alone\"> </a></td><td>非獨居</td><td>個案非獨居。</td></tr><tr><td style=\"white-space:nowrap\">alone-managed<a name=\"ReferralConditionResidenceCS-TWLTC-alone-managed\"> </a></td><td>獨居 (社會局列冊管理個案)</td><td>個案獨居，且社會局列冊管理。</td></tr><tr><td style=\"white-space:nowrap\">alone-not-managed<a name=\"ReferralConditionResidenceCS-TWLTC-alone-not-managed\"> </a></td><td>獨居 (社會局未列冊管理個案)</td><td>個案獨居，但社會局未列冊管理。</td></tr></table></div>"},"url":"http://ltc-ig.fhir.tw/CodeSystem/ReferralConditionResidenceCS-TWLTC","version":"0.2.0","name":"ReferralConditionResidenceCSTWLTC","title":"轉介單居住狀況代碼","status":"active","experimental":false,"date":"2024-08-25","publisher":"MI-TW","contact":[{"name":"MI-TW","telecom":[{"system":"url","value":"https://mitw.dicom.org.tw/"}]}],"description":"用於表述個案的居住狀況","caseSensitive":true,"content":"complete","count":3,"concept":[{"code":"not-alone","display":"非獨居","definition":"個案非獨居。"},{"code":"alone-managed","display":"獨居 (社會局列冊管理個案)","definition":"個案獨居，且社會局列冊管理。"},{"code":"alone-not-managed","display":"獨居 (社會局未列冊管理個案)","definition":"個案獨居，但社會局未列冊管理。"}]}