{"resourceType":"ImplementationGuide","id":"fhir.twltc","text":{"status":"generated","div":"<div xmlns=\"http://www.w3.org/1999/xhtml\"><p class=\"res-header-id\"><b>Generated Narrative: ImplementationGuide fhir.twltc</b></p><a name=\"fhir.twltc\"> </a><a name=\"hcfhir.twltc\"> </a><a name=\"fhir.twltc-en-US\"> </a><h2>TaiwanLongTermCareImplementationGuide</h2><p>The official URL for this implementation guide is: </p><pre>http://ltc-ig.fhir.tw/ImplementationGuide/fhir.twltc</pre></div>"},"url":"http://ltc-ig.fhir.tw/ImplementationGuide/fhir.twltc","version":"0.2.0","name":"TaiwanLongTermCareImplementationGuide","title":"臺灣長期照顧實作指引 (Taiwan Long-Term Care Implementation Guide)","status":"active","date":"2024-10-22T01:35:37+08:00","publisher":"MI-TW","contact":[{"name":"MI-TW","telecom":[{"system":"url","value":"https://mitw.dicom.org.tw/"}]}],"packageId":"fhir.twltc","license":"CC0-1.0","fhirVersion":["4.0.1"],"dependsOn":[{"id":"hl7tx","extension":[{"url":"http://hl7.org/fhir/tools/StructureDefinition/implementationguide-dependency-comment","valueMarkdown":"Automatically added as a dependency - all IGs depend on HL7 Terminology"}],"uri":"http://terminology.hl7.org/ImplementationGuide/hl7.terminology","packageId":"hl7.terminology.r4","version":"6.0.2"},{"id":"hl7ext","extension":[{"url":"http://hl7.org/fhir/tools/StructureDefinition/implementationguide-dependency-comment","valueMarkdown":"Automatically added as a dependency - all IGs depend on the HL7 Extension Pack"}],"uri":"http://hl7.org/fhir/extensions/ImplementationGuide/hl7.fhir.uv.extensions","packageId":"hl7.fhir.uv.extensions.r4","version":"5.1.0"},{"id":"tw_gov_mohw_twcore","uri":"https://twcore.mohw.gov.tw/ig/twcore/ImplementationGuide/tw.gov.mohw.twcore","packageId":"tw.gov.mohw.twcore","version":"0.3.0"}],"definition":{"extension":[{"extension":[{"url":"code","valueString":"copyrightyear"},{"url":"value","valueString":"2024+"}],"url":"http://hl7.org/fhir/tools/StructureDefinition/ig-parameter"},{"extension":[{"url":"code","valueString":"releaselabel"},{"url":"value","valueString":"ci-build+trial-use"}],"url":"http://hl7.org/fhir/tools/StructureDefinition/ig-parameter"},{"extension":[{"url":"code","valueString":"generate"},{"url":"value","valueString":"example-narratives"}],"url":"http://hl7.org/fhir/tools/StructureDefinition/ig-parameter"},{"extension":[{"url":"code","valueString":"generate-version"},{"url":"value","valueString":"r4"}],"url":"http://hl7.org/fhir/tools/StructureDefinition/ig-parameter"},{"extension":[{"url":"code","valueString":"version-comparison"},{"url":"value","valueString":"none"}],"url":"http://hl7.org/fhir/tools/StructureDefinition/ig-parameter"},{"extension":[{"url":"code","valueString":"autoload-resources"},{"url":"value","valueString":"true"}],"url":"http://hl7.org/fhir/tools/StructureDefinition/ig-parameter"},{"extension":[{"url":"code","valueString":"path-liquid"},{"url":"value","valueString":"template/liquid"}],"url":"http://hl7.org/fhir/tools/StructureDefinition/ig-parameter"},{"extension":[{"url":"code","valueString":"path-liquid"},{"url":"value","valueString":"input/liquid"}],"url":"http://hl7.org/fhir/tools/StructureDefinition/ig-parameter"},{"extension":[{"url":"code","valueString":"path-qa"},{"url":"value","valueString":"temp/qa"}],"url":"http://hl7.org/fhir/tools/StructureDefinition/ig-parameter"},{"extension":[{"url":"code","valueString":"path-temp"},{"url":"value","valueString":"temp/pages"}],"url":"http://hl7.org/fhir/tools/StructureDefinition/ig-parameter"},{"extension":[{"url":"code","valueString":"path-output"},{"url":"value","valueString":"output"}],"url":"http://hl7.org/fhir/tools/StructureDefinition/ig-parameter"},{"extension":[{"url":"code","valueString":"path-suppressed-warnings"},{"url":"value","valueString":"input/ignoreWarnings.txt"}],"url":"http://hl7.org/fhir/tools/StructureDefinition/ig-parameter"},{"extension":[{"url":"code","valueString":"path-history"},{"url":"value","valueString":"http://ltc-ig.fhir.tw/history.html"}],"url":"http://hl7.org/fhir/tools/StructureDefinition/ig-parameter"},{"extension":[{"url":"code","valueString":"template-html"},{"url":"value","valueString":"template-page.html"}],"url":"http://hl7.org/fhir/tools/StructureDefinition/ig-parameter"},{"extension":[{"url":"code","valueString":"template-md"},{"url":"value","valueString":"template-page-md.html"}],"url":"http://hl7.org/fhir/tools/StructureDefinition/ig-parameter"},{"extension":[{"url":"code","valueString":"apply-contact"},{"url":"value","valueString":"true"}],"url":"http://hl7.org/fhir/tools/StructureDefinition/ig-parameter"},{"extension":[{"url":"code","valueString":"apply-context"},{"url":"value","valueString":"true"}],"url":"http://hl7.org/fhir/tools/StructureDefinition/ig-parameter"},{"extension":[{"url":"code","valueString":"apply-copyright"},{"url":"value","valueString":"true"}],"url":"http://hl7.org/fhir/tools/StructureDefinition/ig-parameter"},{"extension":[{"url":"code","valueString":"apply-jurisdiction"},{"url":"value","valueString":"true"}],"url":"http://hl7.org/fhir/tools/StructureDefinition/ig-parameter"},{"extension":[{"url":"code","valueString":"apply-license"},{"url":"value","valueString":"true"}],"url":"http://hl7.org/fhir/tools/StructureDefinition/ig-parameter"},{"extension":[{"url":"code","valueString":"apply-publisher"},{"url":"value","valueString":"true"}],"url":"http://hl7.org/fhir/tools/StructureDefinition/ig-parameter"},{"extension":[{"url":"code","valueString":"apply-version"},{"url":"value","valueString":"true"}],"url":"http://hl7.org/fhir/tools/StructureDefinition/ig-parameter"},{"extension":[{"url":"code","valueString":"apply-wg"},{"url":"value","valueString":"true"}],"url":"http://hl7.org/fhir/tools/StructureDefinition/ig-parameter"},{"extension":[{"url":"code","valueString":"active-tables"},{"url":"value","valueString":"true"}],"url":"http://hl7.org/fhir/tools/StructureDefinition/ig-parameter"},{"extension":[{"url":"code","valueString":"fmm-definition"},{"url":"value","valueString":"http://hl7.org/fhir/versions.html#maturity"}],"url":"http://hl7.org/fhir/tools/StructureDefinition/ig-parameter"},{"extension":[{"url":"code","valueString":"propagate-status"},{"url":"value","valueString":"true"}],"url":"http://hl7.org/fhir/tools/StructureDefinition/ig-parameter"},{"extension":[{"url":"code","valueString":"excludelogbinaryformat"},{"url":"value","valueString":"true"}],"url":"http://hl7.org/fhir/tools/StructureDefinition/ig-parameter"},{"extension":[{"url":"code","valueString":"tabbed-snapshots"},{"url":"value","valueString":"true"}],"url":"http://hl7.org/fhir/tools/StructureDefinition/ig-parameter"},{"url":"http://hl7.org/fhir/tools/StructureDefinition/ig-internal-dependency","valueCode":"hl7.fhir.uv.tools#0.2.0"},{"extension":[{"url":"code","valueCode":"copyrightyear"},{"url":"value","valueString":"2024+"}],"url":"http://hl7.org/fhir/tools/StructureDefinition/ig-parameter"},{"extension":[{"url":"code","valueCode":"releaselabel"},{"url":"value","valueString":"ci-build+trial-use"}],"url":"http://hl7.org/fhir/tools/StructureDefinition/ig-parameter"},{"extension":[{"url":"code","valueCode":"generate"},{"url":"value","valueString":"example-narratives"}],"url":"http://hl7.org/fhir/tools/StructureDefinition/ig-parameter"},{"extension":[{"url":"code","valueCode":"generate-version"},{"url":"value","valueString":"r4"}],"url":"http://hl7.org/fhir/tools/StructureDefinition/ig-parameter"},{"extension":[{"url":"code","valueCode":"version-comparison"},{"url":"value","valueString":"none"}],"url":"http://hl7.org/fhir/tools/StructureDefinition/ig-parameter"},{"extension":[{"url":"code","valueCode":"autoload-resources"},{"url":"value","valueString":"true"}],"url":"http://hl7.org/fhir/tools/StructureDefinition/ig-parameter"},{"extension":[{"url":"code","valueCode":"path-liquid"},{"url":"value","valueString":"template/liquid"}],"url":"http://hl7.org/fhir/tools/StructureDefinition/ig-parameter"},{"extension":[{"url":"code","valueCode":"path-liquid"},{"url":"value","valueString":"input/liquid"}],"url":"http://hl7.org/fhir/tools/StructureDefinition/ig-parameter"},{"extension":[{"url":"code","valueCode":"path-qa"},{"url":"value","valueString":"temp/qa"}],"url":"http://hl7.org/fhir/tools/StructureDefinition/ig-parameter"},{"extension":[{"url":"code","valueCode":"path-temp"},{"url":"value","valueString":"temp/pages"}],"url":"http://hl7.org/fhir/tools/StructureDefinition/ig-parameter"},{"extension":[{"url":"code","valueCode":"path-output"},{"url":"value","valueString":"output"}],"url":"http://hl7.org/fhir/tools/StructureDefinition/ig-parameter"},{"extension":[{"url":"code","valueCode":"path-suppressed-warnings"},{"url":"value","valueString":"input/ignoreWarnings.txt"}],"url":"http://hl7.org/fhir/tools/StructureDefinition/ig-parameter"},{"extension":[{"url":"code","valueCode":"path-history"},{"url":"value","valueString":"http://ltc-ig.fhir.tw/history.html"}],"url":"http://hl7.org/fhir/tools/StructureDefinition/ig-parameter"},{"extension":[{"url":"code","valueCode":"template-html"},{"url":"value","valueString":"template-page.html"}],"url":"http://hl7.org/fhir/tools/StructureDefinition/ig-parameter"},{"extension":[{"url":"code","valueCode":"template-md"},{"url":"value","valueString":"template-page-md.html"}],"url":"http://hl7.org/fhir/tools/StructureDefinition/ig-parameter"},{"extension":[{"url":"code","valueCode":"apply-contact"},{"url":"value","valueString":"true"}],"url":"http://hl7.org/fhir/tools/StructureDefinition/ig-parameter"},{"extension":[{"url":"code","valueCode":"apply-context"},{"url":"value","valueString":"true"}],"url":"http://hl7.org/fhir/tools/StructureDefinition/ig-parameter"},{"extension":[{"url":"code","valueCode":"apply-copyright"},{"url":"value","valueString":"true"}],"url":"http://hl7.org/fhir/tools/StructureDefinition/ig-parameter"},{"extension":[{"url":"code","valueCode":"apply-jurisdiction"},{"url":"value","valueString":"true"}],"url":"http://hl7.org/fhir/tools/StructureDefinition/ig-parameter"},{"extension":[{"url":"code","valueCode":"apply-license"},{"url":"value","valueString":"true"}],"url":"http://hl7.org/fhir/tools/StructureDefinition/ig-parameter"},{"extension":[{"url":"code","valueCode":"apply-publisher"},{"url":"value","valueString":"true"}],"url":"http://hl7.org/fhir/tools/StructureDefinition/ig-parameter"},{"extension":[{"url":"code","valueCode":"apply-version"},{"url":"value","valueString":"true"}],"url":"http://hl7.org/fhir/tools/StructureDefinition/ig-parameter"},{"extension":[{"url":"code","valueCode":"apply-wg"},{"url":"value","valueString":"true"}],"url":"http://hl7.org/fhir/tools/StructureDefinition/ig-parameter"},{"extension":[{"url":"code","valueCode":"active-tables"},{"url":"value","valueString":"true"}],"url":"http://hl7.org/fhir/tools/StructureDefinition/ig-parameter"},{"extension":[{"url":"code","valueCode":"fmm-definition"},{"url":"value","valueString":"http://hl7.org/fhir/versions.html#maturity"}],"url":"http://hl7.org/fhir/tools/StructureDefinition/ig-parameter"},{"extension":[{"url":"code","valueCode":"propagate-status"},{"url":"value","valueString":"true"}],"url":"http://hl7.org/fhir/tools/StructureDefinition/ig-parameter"},{"extension":[{"url":"code","valueCode":"excludelogbinaryformat"},{"url":"value","valueString":"true"}],"url":"http://hl7.org/fhir/tools/StructureDefinition/ig-parameter"},{"extension":[{"url":"code","valueCode":"tabbed-snapshots"},{"url":"value","valueString":"true"}],"url":"http://hl7.org/fhir/tools/StructureDefinition/ig-parameter"},{"extension":[{"url":"code","valueCode":"copyrightyear"},{"url":"value","valueString":"2024+"}],"url":"http://hl7.org/fhir/tools/StructureDefinition/ig-parameter"},{"extension":[{"url":"code","valueCode":"releaselabel"},{"url":"value","valueString":"ci-build+trial-use"}],"url":"http://hl7.org/fhir/tools/StructureDefinition/ig-parameter"},{"extension":[{"url":"code","valueCode":"generate"},{"url":"value","valueString":"example-narratives"}],"url":"http://hl7.org/fhir/tools/StructureDefinition/ig-parameter"},{"extension":[{"url":"code","valueCode":"generate-version"},{"url":"value","valueString":"r4"}],"url":"http://hl7.org/fhir/tools/StructureDefinition/ig-parameter"},{"extension":[{"url":"code","valueCode":"version-comparison"},{"url":"value","valueString":"none"}],"url":"http://hl7.org/fhir/tools/StructureDefinition/ig-parameter"},{"extension":[{"url":"code","valueCode":"autoload-resources"},{"url":"value","valueString":"true"}],"url":"http://hl7.org/fhir/tools/StructureDefinition/ig-parameter"},{"extension":[{"url":"code","valueCode":"path-liquid"},{"url":"value","valueString":"template/liquid"}],"url":"http://hl7.org/fhir/tools/StructureDefinition/ig-parameter"},{"extension":[{"url":"code","valueCode":"path-liquid"},{"url":"value","valueString":"input/liquid"}],"url":"http://hl7.org/fhir/tools/StructureDefinition/ig-parameter"},{"extension":[{"url":"code","valueCode":"path-qa"},{"url":"value","valueString":"temp/qa"}],"url":"http://hl7.org/fhir/tools/StructureDefinition/ig-parameter"},{"extension":[{"url":"code","valueCode":"path-temp"},{"url":"value","valueString":"temp/pages"}],"url":"http://hl7.org/fhir/tools/StructureDefinition/ig-parameter"},{"extension":[{"url":"code","valueCode":"path-output"},{"url":"value","valueString":"output"}],"url":"http://hl7.org/fhir/tools/StructureDefinition/ig-parameter"},{"extension":[{"url":"code","valueCode":"path-suppressed-warnings"},{"url":"value","valueString":"input/ignoreWarnings.txt"}],"url":"http://hl7.org/fhir/tools/StructureDefinition/ig-parameter"},{"extension":[{"url":"code","valueCode":"path-history"},{"url":"value","valueString":"http://ltc-ig.fhir.tw/history.html"}],"url":"http://hl7.org/fhir/tools/StructureDefinition/ig-parameter"},{"extension":[{"url":"code","valueCode":"template-html"},{"url":"value","valueString":"template-page.html"}],"url":"http://hl7.org/fhir/tools/StructureDefinition/ig-parameter"},{"extension":[{"url":"code","valueCode":"template-md"},{"url":"value","valueString":"template-page-md.html"}],"url":"http://hl7.org/fhir/tools/StructureDefinition/ig-parameter"},{"extension":[{"url":"code","valueCode":"apply-contact"},{"url":"value","valueString":"true"}],"url":"http://hl7.org/fhir/tools/StructureDefinition/ig-parameter"},{"extension":[{"url":"code","valueCode":"apply-context"},{"url":"value","valueString":"true"}],"url":"http://hl7.org/fhir/tools/StructureDefinition/ig-parameter"},{"extension":[{"url":"code","valueCode":"apply-copyright"},{"url":"value","valueString":"true"}],"url":"http://hl7.org/fhir/tools/StructureDefinition/ig-parameter"},{"extension":[{"url":"code","valueCode":"apply-jurisdiction"},{"url":"value","valueString":"true"}],"url":"http://hl7.org/fhir/tools/StructureDefinition/ig-parameter"},{"extension":[{"url":"code","valueCode":"apply-license"},{"url":"value","valueString":"true"}],"url":"http://hl7.org/fhir/tools/StructureDefinition/ig-parameter"},{"extension":[{"url":"code","valueCode":"apply-publisher"},{"url":"value","valueString":"true"}],"url":"http://hl7.org/fhir/tools/StructureDefinition/ig-parameter"},{"extension":[{"url":"code","valueCode":"apply-version"},{"url":"value","valueString":"true"}],"url":"http://hl7.org/fhir/tools/StructureDefinition/ig-parameter"},{"extension":[{"url":"code","valueCode":"apply-wg"},{"url":"value","valueString":"true"}],"url":"http://hl7.org/fhir/tools/StructureDefinition/ig-parameter"},{"extension":[{"url":"code","valueCode":"active-tables"},{"url":"value","valueString":"true"}],"url":"http://hl7.org/fhir/tools/StructureDefinition/ig-parameter"},{"extension":[{"url":"code","valueCode":"fmm-definition"},{"url":"value","valueString":"http://hl7.org/fhir/versions.html#maturity"}],"url":"http://hl7.org/fhir/tools/StructureDefinition/ig-parameter"},{"extension":[{"url":"code","valueCode":"propagate-status"},{"url":"value","valueString":"true"}],"url":"http://hl7.org/fhir/tools/StructureDefinition/ig-parameter"},{"extension":[{"url":"code","valueCode":"excludelogbinaryformat"},{"url":"value","valueString":"true"}],"url":"http://hl7.org/fhir/tools/StructureDefinition/ig-parameter"},{"extension":[{"url":"code","valueCode":"tabbed-snapshots"},{"url":"value","valueString":"true"}],"url":"http://hl7.org/fhir/tools/StructureDefinition/ig-parameter"}],"grouping":[{"id":"-str-profile","name":"Structures: Resource Profiles","description":"These define constraints on FHIR resources for systems conforming to this implementation guide."},{"id":"-str-extension","name":"Structures: Extension Definitions","description":"These define constraints on FHIR data types for systems conforming to this implementation guide."},{"id":"-term-valueset","name":"Terminology: Value Sets","description":"These define sets of codes used by systems conforming to this implementation guide."},{"id":"-term-codesystem","name":"Terminology: Code Systems","description":"These define new code systems used by systems conforming to this implementation guide."}],"resource":[{"extension":[{"url":"http://hl7.org/fhir/tools/StructureDefinition/resource-sort","valueInteger":999999999},{"url":"http://hl7.org/fhir/StructureDefinition/implementationguide-page","valueUri":"StructureDefinition-LTCBundleCMS.html"}],"reference":{"reference":"StructureDefinition/LTCBundleCMS"},"name":"TWLTC Bundle CMS","description":"照顧管理評估量表\n\n本 Bundle 以衛生福利部長期照顧管理中心照顧管理評估量表為基礎，用以表述照顧管理評估量表的文件結構。","exampleBoolean":false,"groupingId":"-str-profile"},{"extension":[{"url":"http://hl7.org/fhir/tools/StructureDefinition/resource-sort","valueInteger":999999999},{"url":"http://hl7.org/fhir/StructureDefinition/implementationguide-page","valueUri":"StructureDefinition-LTCBundleReferral.html"}],"reference":{"reference":"StructureDefinition/LTCBundleReferral"},"name":"TWLTC Bundle Referral","description":"長期照顧管理中心個案服務初篩表/轉介單\n\n本轉介單以臺北市長期照顧管理中心個案服務初篩表/轉介單為基礎，用以表述長期照顧管理中心個案服務初篩表/轉介單內容。\n\n請注意：各縣市轉介單格式可能有所不同，此 Profile 將於後續版本逐步納入各縣市初篩表/轉介單格式並進行整合。","exampleBoolean":false,"groupingId":"-str-profile"},{"extension":[{"url":"http://hl7.org/fhir/tools/StructureDefinition/resource-sort","valueInteger":999999999},{"url":"http://hl7.org/fhir/StructureDefinition/implementationguide-page","valueUri":"StructureDefinition-LTCCarePlan.html"}],"reference":{"reference":"StructureDefinition/LTCCarePlan"},"name":"TWLTC CarePlan","description":"照顧計畫，用以表述長期照顧情境中涉及之照顧計畫內容。","exampleBoolean":false,"groupingId":"-str-profile"},{"extension":[{"url":"http://hl7.org/fhir/tools/StructureDefinition/resource-sort","valueInteger":999999999},{"url":"http://hl7.org/fhir/StructureDefinition/implementationguide-page","valueUri":"StructureDefinition-LTCCarePlanReferral.html"}],"reference":{"reference":"StructureDefinition/LTCCarePlanReferral"},"name":"TWLTC CarePlan Referral","description":"轉診單中欲申請之服務種類。","exampleBoolean":false,"groupingId":"-str-profile"},{"extension":[{"url":"http://hl7.org/fhir/tools/StructureDefinition/resource-sort","valueInteger":999999999},{"url":"http://hl7.org/fhir/StructureDefinition/implementationguide-page","valueUri":"StructureDefinition-LTCCareTeam.html"}],"reference":{"reference":"StructureDefinition/LTCCareTeam"},"name":"TWLTC CareTeam","description":"照顧團隊，用以表述長期照護情境中涉及之照顧團隊資訊。","exampleBoolean":false,"groupingId":"-str-profile"},{"extension":[{"url":"http://hl7.org/fhir/tools/StructureDefinition/resource-sort","valueInteger":999999999},{"url":"http://hl7.org/fhir/StructureDefinition/implementationguide-page","valueUri":"StructureDefinition-LTCCompositionCMS.html"}],"reference":{"reference":"StructureDefinition/LTCCompositionCMS"},"name":"TWLTC Composition CMS","description":"照顧管理評估量表文件架構，用以表述照顧管理評估量表的文件結構。","exampleBoolean":false,"groupingId":"-str-profile"},{"extension":[{"url":"http://hl7.org/fhir/tools/StructureDefinition/resource-sort","valueInteger":999999999},{"url":"http://hl7.org/fhir/StructureDefinition/implementationguide-page","valueUri":"StructureDefinition-LTCCompositionReferral.html"}],"reference":{"reference":"StructureDefinition/LTCCompositionReferral"},"name":"TWLTC Composition Referral","description":"長期照護管理中心個案服務初篩表/轉介單文件架構，用以表述長期照護管理中心個案服務初篩表/轉介單的文件結構。","exampleBoolean":false,"groupingId":"-str-profile"},{"extension":[{"url":"http://hl7.org/fhir/tools/StructureDefinition/resource-sort","valueInteger":999999999},{"url":"http://hl7.org/fhir/StructureDefinition/implementationguide-page","valueUri":"StructureDefinition-LTCCondition.html"}],"reference":{"reference":"StructureDefinition/LTCCondition"},"name":"TWLTC Condition","description":"長照機構住民的病情、問題或診斷資料，用以表述發生在長照機構住民的診斷，或需要特別注意或處理的健康問題與病情。","exampleBoolean":false,"groupingId":"-str-profile"},{"extension":[{"url":"http://hl7.org/fhir/tools/StructureDefinition/resource-sort","valueInteger":999999999},{"url":"http://hl7.org/fhir/StructureDefinition/implementationguide-page","valueUri":"StructureDefinition-LTCConditionCaregiver.html"}],"reference":{"reference":"StructureDefinition/LTCConditionCaregiver"},"name":"TWLTC Condition Caregiver","description":"長照機構住民的看護狀況資料","exampleBoolean":false,"groupingId":"-str-profile"},{"extension":[{"url":"http://hl7.org/fhir/tools/StructureDefinition/resource-sort","valueInteger":999999999},{"url":"http://hl7.org/fhir/StructureDefinition/implementationguide-page","valueUri":"StructureDefinition-LTCConditionCrush.html"}],"reference":{"reference":"StructureDefinition/LTCConditionCrush"},"name":"TWLTC Condition Crush","description":"長照機構住民的壓傷資料","exampleBoolean":false,"groupingId":"-str-profile"},{"extension":[{"url":"http://hl7.org/fhir/tools/StructureDefinition/resource-sort","valueInteger":999999999},{"url":"http://hl7.org/fhir/StructureDefinition/implementationguide-page","valueUri":"StructureDefinition-LTCConditionDisability.html"}],"reference":{"reference":"StructureDefinition/LTCConditionDisability"},"name":"TWLTC Condition Disability","description":"長照機構住民的身心障礙手冊資料","exampleBoolean":false,"groupingId":"-str-profile"},{"extension":[{"url":"http://hl7.org/fhir/tools/StructureDefinition/resource-sort","valueInteger":999999999},{"url":"http://hl7.org/fhir/StructureDefinition/implementationguide-page","valueUri":"StructureDefinition-LTCConditionDisabilityType.html"}],"reference":{"reference":"StructureDefinition/LTCConditionDisabilityType"},"name":"TWLTC Condition Disability Type","description":"長照機構住民的身心障礙類型資料","exampleBoolean":false,"groupingId":"-str-profile"},{"extension":[{"url":"http://hl7.org/fhir/tools/StructureDefinition/resource-sort","valueInteger":999999999},{"url":"http://hl7.org/fhir/StructureDefinition/implementationguide-page","valueUri":"StructureDefinition-LTCConditionResidence.html"}],"reference":{"reference":"StructureDefinition/LTCConditionResidence"},"name":"TWLTC Condition Residence","description":"長照機構住民的居住狀況資料","exampleBoolean":false,"groupingId":"-str-profile"},{"extension":[{"url":"http://hl7.org/fhir/tools/StructureDefinition/resource-sort","valueInteger":999999999},{"url":"http://hl7.org/fhir/StructureDefinition/implementationguide-page","valueUri":"StructureDefinition-LTCConditionTube.html"}],"reference":{"reference":"StructureDefinition/LTCConditionTube"},"name":"TWLTC Condition Tube","description":"長照機構住民的管路資料","exampleBoolean":false,"groupingId":"-str-profile"},{"extension":[{"url":"http://hl7.org/fhir/tools/StructureDefinition/resource-sort","valueInteger":999999999},{"url":"http://hl7.org/fhir/StructureDefinition/implementationguide-page","valueUri":"StructureDefinition-LTCGoal.html"}],"reference":{"reference":"StructureDefinition/LTCGoal"},"name":"TWLTC Goal","description":"照顧目標，用以表述長期照顧情境中涉及之照顧目標內容。","exampleBoolean":false,"groupingId":"-str-profile"},{"extension":[{"url":"http://hl7.org/fhir/tools/StructureDefinition/resource-sort","valueInteger":999999999},{"url":"http://hl7.org/fhir/StructureDefinition/implementationguide-page","valueUri":"StructureDefinition-LTCMedicationAdministration.html"}],"reference":{"reference":"StructureDefinition/LTCMedicationAdministration"},"name":"TWLTC Medication Administration","description":"長照機構住民的用藥資料","exampleBoolean":false,"groupingId":"-str-profile"},{"extension":[{"url":"http://hl7.org/fhir/tools/StructureDefinition/resource-sort","valueInteger":999999999},{"url":"http://hl7.org/fhir/StructureDefinition/implementationguide-page","valueUri":"StructureDefinition-LTCObservationFallingHistory.html"}],"reference":{"reference":"StructureDefinition/LTCObservationFallingHistory"},"name":"TWLTC Observation Falling History","description":"長照機構住民跌倒紀錄","exampleBoolean":false,"groupingId":"-str-profile"},{"extension":[{"url":"http://hl7.org/fhir/tools/StructureDefinition/resource-sort","valueInteger":999999999},{"url":"http://hl7.org/fhir/StructureDefinition/implementationguide-page","valueUri":"StructureDefinition-LTCObservationVitalSigns.html"}],"reference":{"reference":"StructureDefinition/LTCObservationVitalSigns"},"name":"TWLTC Observation Vital Signs","description":"長照機構住民的生命徵象資料","exampleBoolean":false,"groupingId":"-str-profile"},{"extension":[{"url":"http://hl7.org/fhir/tools/StructureDefinition/resource-sort","valueInteger":999999999},{"url":"http://hl7.org/fhir/StructureDefinition/implementationguide-page","valueUri":"StructureDefinition-Organization-twltc.html"}],"reference":{"reference":"StructureDefinition/Organization-twltc"},"name":"TWLTC Organization","description":"長期照顧機構資料，包含長照機構的名稱、地址、聯絡方式等資訊。","exampleBoolean":false,"groupingId":"-str-profile"},{"extension":[{"url":"http://hl7.org/fhir/tools/StructureDefinition/resource-sort","valueInteger":999999999},{"url":"http://hl7.org/fhir/StructureDefinition/implementationguide-page","valueUri":"StructureDefinition-LTCPatient.html"}],"reference":{"reference":"StructureDefinition/LTCPatient"},"name":"TWLTC Patient","description":"長照機構住民基本資料，用以表述長照機構住民的基本資料。","exampleBoolean":false,"groupingId":"-str-profile"},{"extension":[{"url":"http://hl7.org/fhir/tools/StructureDefinition/resource-sort","valueInteger":999999999},{"url":"http://hl7.org/fhir/StructureDefinition/implementationguide-page","valueUri":"StructureDefinition-LTCPatientCMS.html"}],"reference":{"reference":"StructureDefinition/LTCPatientCMS"},"name":"TWLTC Patient for CMS Form","description":"適用於照顧管理功能量表的長照機構住民基本資料，本 Profile 繼承自 TWLTC Patient，並增加照顧管理評估量表所需的欄位。","exampleBoolean":false,"groupingId":"-str-profile"},{"extension":[{"url":"http://hl7.org/fhir/tools/StructureDefinition/resource-sort","valueInteger":999999999},{"url":"http://hl7.org/fhir/StructureDefinition/implementationguide-page","valueUri":"StructureDefinition-LTCPatientReferral.html"}],"reference":{"reference":"StructureDefinition/LTCPatientReferral"},"name":"TWLTC Patient for Referral Form","description":"適用於長期照護管理中心個案服務初篩表/轉介單的長照機構住民基本資料，本 Profile 繼承自 TWLTC Patient，並增加轉介單所需的欄位。","exampleBoolean":false,"groupingId":"-str-profile"},{"extension":[{"url":"http://hl7.org/fhir/tools/StructureDefinition/resource-sort","valueInteger":999999999},{"url":"http://hl7.org/fhir/StructureDefinition/implementationguide-page","valueUri":"StructureDefinition-LTCPractitioner.html"}],"reference":{"reference":"StructureDefinition/LTCPractitioner"},"name":"TWLTC Practitioner","description":"長期照顧服務人員資料，包含醫師、護理師、藥師、照顧服務員等實際參與長照服務的人員資料。","exampleBoolean":false,"groupingId":"-str-profile"},{"extension":[{"url":"http://hl7.org/fhir/tools/StructureDefinition/resource-sort","valueInteger":999999999},{"url":"http://hl7.org/fhir/StructureDefinition/implementationguide-page","valueUri":"StructureDefinition-LTCPractitionerRole.html"}],"reference":{"reference":"StructureDefinition/LTCPractitionerRole"},"name":"TWLTC PractitionerRole","description":"長期照顧服務人員角色資料，包含醫師、護理師、藥師、照顧服務員等實際參與長照服務的人員角色資料。有關 PractitionerRole 與 Practitioner 的差異及相關解釋，請參照 [TW Core IG](https://build.fhir.org/ig/cctwFHIRterm/MOHW_TWCoreIG_Build/StructureDefinition-PractitionerRole-twcore.html) 中的說明。","exampleBoolean":false,"groupingId":"-str-profile"},{"extension":[{"url":"http://hl7.org/fhir/tools/StructureDefinition/resource-sort","valueInteger":999999999},{"url":"http://hl7.org/fhir/StructureDefinition/implementationguide-page","valueUri":"StructureDefinition-LTCQuestionnaire.html"}],"reference":{"reference":"StructureDefinition/LTCQuestionnaire"},"name":"TWLTC Questionnaire","description":"問卷，用以表述長期照顧情境中涉及之問卷或量表內容。","exampleBoolean":false,"groupingId":"-str-profile"},{"extension":[{"url":"http://hl7.org/fhir/tools/StructureDefinition/resource-sort","valueInteger":999999999},{"url":"http://hl7.org/fhir/StructureDefinition/implementationguide-page","valueUri":"StructureDefinition-LTCQuestionnaireResponse.html"}],"reference":{"reference":"StructureDefinition/LTCQuestionnaireResponse"},"name":"TWLTC QuestionnaireResponse","description":"問卷回覆，用以表述長期照顧情境中涉及之問卷或量表回覆內容。","exampleBoolean":false,"groupingId":"-str-profile"},{"extension":[{"url":"http://hl7.org/fhir/tools/StructureDefinition/resource-sort","valueInteger":999999999},{"url":"http://hl7.org/fhir/StructureDefinition/implementationguide-page","valueUri":"StructureDefinition-LTCQuestionnaireResponseCMSADL.html"}],"reference":{"reference":"StructureDefinition/LTCQuestionnaireResponseCMSADL"},"name":"TWLTC QuestionnaireResponse CMS ADL","description":"照顧管理評估量表－個案日常生活能力問卷回覆","exampleBoolean":false,"groupingId":"-str-profile"},{"extension":[{"url":"http://hl7.org/fhir/tools/StructureDefinition/resource-sort","valueInteger":999999999},{"url":"http://hl7.org/fhir/StructureDefinition/implementationguide-page","valueUri":"StructureDefinition-LTCQuestionnaireResponseCMSCaregiverLoad.html"}],"reference":{"reference":"StructureDefinition/LTCQuestionnaireResponseCMSCaregiverLoad"},"name":"TWLTC QuestionnaireResponse CMS Caregiver Load","description":"照顧管理評估量表－主要照顧者負荷問卷回覆","exampleBoolean":false,"groupingId":"-str-profile"},{"extension":[{"url":"http://hl7.org/fhir/tools/StructureDefinition/resource-sort","valueInteger":999999999},{"url":"http://hl7.org/fhir/StructureDefinition/implementationguide-page","valueUri":"StructureDefinition-LTCQuestionnaireResponseCMSCaregiverSupport.html"}],"reference":{"reference":"StructureDefinition/LTCQuestionnaireResponseCMSCaregiverSupport"},"name":"TWLTC QuestionnaireResponse CMS Caregiver Support","description":"照顧管理評估量表－主要照顧者工作與支持","exampleBoolean":false,"groupingId":"-str-profile"},{"extension":[{"url":"http://hl7.org/fhir/tools/StructureDefinition/resource-sort","valueInteger":999999999},{"url":"http://hl7.org/fhir/StructureDefinition/implementationguide-page","valueUri":"StructureDefinition-LTCQuestionnaireResponseCMSCommunication.html"}],"reference":{"reference":"StructureDefinition/LTCQuestionnaireResponseCMSCommunication"},"name":"TWLTC QuestionnaireResponse CMS Communication","description":"照顧管理評估量表－個案溝通能力問卷回覆","exampleBoolean":false,"groupingId":"-str-profile"},{"extension":[{"url":"http://hl7.org/fhir/tools/StructureDefinition/resource-sort","valueInteger":999999999},{"url":"http://hl7.org/fhir/StructureDefinition/implementationguide-page","valueUri":"StructureDefinition-LTCQuestionnaireResponseCMSIADL.html"}],"reference":{"reference":"StructureDefinition/LTCQuestionnaireResponseCMSIADL"},"name":"TWLTC QuestionnaireResponse CMS IADL","description":"照顧管理評估量表－個案獨立生活能力問卷回覆","exampleBoolean":false,"groupingId":"-str-profile"},{"extension":[{"url":"http://hl7.org/fhir/tools/StructureDefinition/resource-sort","valueInteger":999999999},{"url":"http://hl7.org/fhir/StructureDefinition/implementationguide-page","valueUri":"StructureDefinition-LTCQuestionnaireResponseCMSMemory.html"}],"reference":{"reference":"StructureDefinition/LTCQuestionnaireResponseCMSMemory"},"name":"TWLTC QuestionnaireResponse CMS Memory","description":"照顧管理評估量表－個案短期記憶力問卷回覆","exampleBoolean":false,"groupingId":"-str-profile"},{"extension":[{"url":"http://hl7.org/fhir/tools/StructureDefinition/resource-sort","valueInteger":999999999},{"url":"http://hl7.org/fhir/StructureDefinition/implementationguide-page","valueUri":"StructureDefinition-LTCQuestionnaireResponseCMSMental.html"}],"reference":{"reference":"StructureDefinition/LTCQuestionnaireResponseCMSMental"},"name":"TWLTC QuestionnaireResponse CMS Mental","description":"照顧管理評估量表－情緒及行為型態問卷回覆","exampleBoolean":false,"groupingId":"-str-profile"},{"extension":[{"url":"http://hl7.org/fhir/tools/StructureDefinition/resource-sort","valueInteger":999999999},{"url":"http://hl7.org/fhir/StructureDefinition/implementationguide-page","valueUri":"StructureDefinition-LTCQuestionnaireResponseCMSSociety.html"}],"reference":{"reference":"StructureDefinition/LTCQuestionnaireResponseCMSSociety"},"name":"TWLTC QuestionnaireResponse CMS Society","description":"照顧管理評估量表－居家環境與社會參與","exampleBoolean":false,"groupingId":"-str-profile"},{"extension":[{"url":"http://hl7.org/fhir/tools/StructureDefinition/resource-sort","valueInteger":999999999},{"url":"http://hl7.org/fhir/StructureDefinition/implementationguide-page","valueUri":"StructureDefinition-LTCQuestionnaireResponseCMSSpecialCare.html"}],"reference":{"reference":"StructureDefinition/LTCQuestionnaireResponseCMSSpecialCare"},"name":"TWLTC QuestionnaireResponse CMS Special Care","description":"照顧管理評估量表－個案特殊照護問卷回覆","exampleBoolean":false,"groupingId":"-str-profile"},{"extension":[{"url":"http://hl7.org/fhir/tools/StructureDefinition/resource-sort","valueInteger":999999999},{"url":"http://hl7.org/fhir/StructureDefinition/implementationguide-page","valueUri":"StructureDefinition-LTCQuestionnaireResponseReferralADL.html"}],"reference":{"reference":"StructureDefinition/LTCQuestionnaireResponseReferralADL"},"name":"TWLTC QuestionnaireResponse Referral ADL","description":"轉介單的 ADL 失能項目評估問卷回覆","exampleBoolean":false,"groupingId":"-str-profile"},{"extension":[{"url":"http://hl7.org/fhir/tools/StructureDefinition/resource-sort","valueInteger":999999999},{"url":"http://hl7.org/fhir/StructureDefinition/implementationguide-page","valueUri":"StructureDefinition-LTCQuestionnaireResponseReferralCaregiver.html"}],"reference":{"reference":"StructureDefinition/LTCQuestionnaireResponseReferralCaregiver"},"name":"TWLTC QuestionnaireResponse Referral Caregiver","description":"轉介單的照顧者問卷回覆","exampleBoolean":false,"groupingId":"-str-profile"},{"extension":[{"url":"http://hl7.org/fhir/tools/StructureDefinition/resource-sort","valueInteger":999999999},{"url":"http://hl7.org/fhir/StructureDefinition/implementationguide-page","valueUri":"StructureDefinition-LTCQuestionnaireResponseReferralIADL.html"}],"reference":{"reference":"StructureDefinition/LTCQuestionnaireResponseReferralIADL"},"name":"TWLTC QuestionnaireResponse Referral IADL","description":"轉介單的 IADL 失能項目評估問卷回覆","exampleBoolean":false,"groupingId":"-str-profile"},{"extension":[{"url":"http://hl7.org/fhir/tools/StructureDefinition/resource-sort","valueInteger":999999999},{"url":"http://hl7.org/fhir/StructureDefinition/implementationguide-page","valueUri":"StructureDefinition-LTCQuestionnaireResponseReferralSOF.html"}],"reference":{"reference":"StructureDefinition/LTCQuestionnaireResponseReferralSOF"},"name":"TWLTC QuestionnaireResponse Referral SOF","description":"轉介單的長者衰弱評估問卷回覆","exampleBoolean":false,"groupingId":"-str-profile"},{"extension":[{"url":"http://hl7.org/fhir/tools/StructureDefinition/resource-sort","valueInteger":999999999},{"url":"http://hl7.org/fhir/StructureDefinition/implementationguide-page","valueUri":"StructureDefinition-LTCRelatedPerson.html"}],"reference":{"reference":"StructureDefinition/LTCRelatedPerson"},"name":"TWLTC RelatedPerson","description":"住民的關係人，包含家屬、照顧者、法定代理人等與住民有關的人員資料。","exampleBoolean":false,"groupingId":"-str-profile"},{"extension":[{"url":"http://hl7.org/fhir/tools/StructureDefinition/resource-sort","valueInteger":999999999},{"url":"http://hl7.org/fhir/StructureDefinition/implementationguide-page","valueUri":"StructureDefinition-PASportsServiceRequest.html"}],"reference":{"reference":"StructureDefinition/PASportsServiceRequest"},"name":"運動處方－服務請求","description":"長照機構住民運動處方的服務請求資料，本 Profile 繼承自身體活動量測 (Physical Activity Measure) 的 Sport Data ServiceRequest Profile。","exampleBoolean":false,"groupingId":"-str-profile"},{"extension":[{"url":"http://hl7.org/fhir/tools/StructureDefinition/resource-sort","valueInteger":999999999},{"url":"http://hl7.org/fhir/StructureDefinition/implementationguide-page","valueUri":"StructureDefinition-PASportsConditionMedicalHistory.html"}],"reference":{"reference":"StructureDefinition/PASportsConditionMedicalHistory"},"name":"運動處方－病史","description":"長照機構住民運動處方的病史資料，本 Profile 繼承自身體活動量測 (Physical Activity Measure) 的 Sport Data Condition Profile。","exampleBoolean":false,"groupingId":"-str-profile"},{"extension":[{"url":"http://hl7.org/fhir/tools/StructureDefinition/resource-sort","valueInteger":999999999},{"url":"http://hl7.org/fhir/StructureDefinition/implementationguide-page","valueUri":"StructureDefinition-PASportsConditionExerciseHistory.html"}],"reference":{"reference":"StructureDefinition/PASportsConditionExerciseHistory"},"name":"運動處方－運動史","description":"長照機構住民運動處方的運動史資料，本 Profile 繼承自身體活動量測 (Physical Activity Measure) 的 Sport Data Condition Profile。","exampleBoolean":false,"groupingId":"-str-profile"},{"extension":[{"url":"http://hl7.org/fhir/tools/StructureDefinition/resource-sort","valueInteger":999999999},{"url":"http://hl7.org/fhir/StructureDefinition/implementationguide-page","valueUri":"StructureDefinition-ExtPatientIdentity-TWLTC.html"}],"reference":{"reference":"StructureDefinition/ExtPatientIdentity-TWLTC"},"name":"個案身分別","description":"此 Extension 用以表述個案的身分別。","exampleBoolean":false,"groupingId":"-str-extension"},{"extension":[{"url":"http://hl7.org/fhir/tools/StructureDefinition/resource-sort","valueInteger":999999999},{"url":"http://hl7.org/fhir/StructureDefinition/implementationguide-page","valueUri":"StructureDefinition-ExtRelatedPersonIsPrimary-TWLTC.html"}],"reference":{"reference":"StructureDefinition/ExtRelatedPersonIsPrimary-TWLTC"},"name":"是否為主要照顧者","description":"此 Extension 用以表述關係人是否為主要照顧者。","exampleBoolean":false,"groupingId":"-str-extension"},{"extension":[{"url":"http://hl7.org/fhir/tools/StructureDefinition/resource-sort","valueInteger":999999999},{"url":"http://hl7.org/fhir/StructureDefinition/implementationguide-page","valueUri":"StructureDefinition-ExtPatientEducationStatus-TWLTC.html"}],"reference":{"reference":"StructureDefinition/ExtPatientEducationStatus-TWLTC"},"name":"長照機構住民教育程度","description":"此 Extension 用以表述長照機構住民的教育程度。","exampleBoolean":false,"groupingId":"-str-extension"},{"extension":[{"url":"http://hl7.org/fhir/tools/StructureDefinition/resource-sort","valueInteger":999999999},{"url":"http://hl7.org/fhir/StructureDefinition/implementationguide-page","valueUri":"StructureDefinition-ExtPatientEconomyStatus-TWLTC.html"}],"reference":{"reference":"StructureDefinition/ExtPatientEconomyStatus-TWLTC"},"name":"長照機構住民經濟狀況","description":"此 Extension 用以表述長照機構住民的經濟狀況。","exampleBoolean":false,"groupingId":"-str-extension"},{"extension":[{"url":"http://hl7.org/fhir/tools/StructureDefinition/resource-sort","valueInteger":999999999},{"url":"http://hl7.org/fhir/StructureDefinition/implementationguide-page","valueUri":"ValueSet-EconomyStatusVS-TWLTC.html"}],"reference":{"reference":"ValueSet/EconomyStatusVS-TWLTC"},"name":"個案經濟狀況值集","description":"用以表述個案經濟狀況之值集，包含個案經濟狀況之描述內容。","exampleBoolean":false,"groupingId":"-term-valueset"},{"extension":[{"url":"http://hl7.org/fhir/tools/StructureDefinition/resource-sort","valueInteger":999999999},{"url":"http://hl7.org/fhir/StructureDefinition/implementationguide-page","valueUri":"ValueSet-PatientIdentityVS-TWLTC.html"}],"reference":{"reference":"ValueSet/PatientIdentityVS-TWLTC"},"name":"個案身分別值集","description":"個案身分別的值集","exampleBoolean":false,"groupingId":"-term-valueset"},{"extension":[{"url":"http://hl7.org/fhir/tools/StructureDefinition/resource-sort","valueInteger":999999999},{"url":"http://hl7.org/fhir/StructureDefinition/implementationguide-page","valueUri":"ValueSet-AddressUseVS-TWLTC.html"}],"reference":{"reference":"ValueSet/AddressUseVS-TWLTC"},"name":"地址用途擴展值集","description":"地址的用途，新增戶籍地與現居地等代碼","exampleBoolean":false,"groupingId":"-term-valueset"},{"extension":[{"url":"http://hl7.org/fhir/tools/StructureDefinition/resource-sort","valueInteger":999999999},{"url":"http://hl7.org/fhir/StructureDefinition/implementationguide-page","valueUri":"ValueSet-ReferralConditionCrushVS-TWLTC.html"}],"reference":{"reference":"ValueSet/ReferralConditionCrushVS-TWLTC"},"name":"壓傷狀況值集","description":"個案壓傷的狀況","exampleBoolean":false,"groupingId":"-term-valueset"},{"extension":[{"url":"http://hl7.org/fhir/tools/StructureDefinition/resource-sort","valueInteger":999999999},{"url":"http://hl7.org/fhir/StructureDefinition/implementationguide-page","valueUri":"ValueSet-ReferralConditionResidenceVS-TWLTC.html"}],"reference":{"reference":"ValueSet/ReferralConditionResidenceVS-TWLTC"},"name":"居住狀況值集","description":"個案的居住狀況","exampleBoolean":false,"groupingId":"-term-valueset"},{"extension":[{"url":"http://hl7.org/fhir/tools/StructureDefinition/resource-sort","valueInteger":999999999},{"url":"http://hl7.org/fhir/StructureDefinition/implementationguide-page","valueUri":"ValueSet-EducationStatusVS-TWLTC.html"}],"reference":{"reference":"ValueSet/EducationStatusVS-TWLTC"},"name":"教育程度值集","description":"用以表述教育程度之值集，包含教育程度之描述內容。","exampleBoolean":false,"groupingId":"-term-valueset"},{"extension":[{"url":"http://hl7.org/fhir/tools/StructureDefinition/resource-sort","valueInteger":999999999},{"url":"http://hl7.org/fhir/StructureDefinition/implementationguide-page","valueUri":"ValueSet-GoalDescriptionVS-TWLTC.html"}],"reference":{"reference":"ValueSet/GoalDescriptionVS-TWLTC"},"name":"照顧目標描述值集","description":"照顧目標的描述值集，用以表述長期照顧情境中涉及之照顧目標描述內容。本值集比照 US Core Goal Profile 中的 description 元素定義，引用 SNOMED CT 與 LOINC 等術語系統。","exampleBoolean":false,"groupingId":"-term-valueset"},{"extension":[{"url":"http://hl7.org/fhir/tools/StructureDefinition/resource-sort","valueInteger":999999999},{"url":"http://hl7.org/fhir/StructureDefinition/implementationguide-page","valueUri":"ValueSet-ConditionSeverityVS-TWLTC.html"}],"reference":{"reference":"ValueSet/ConditionSeverityVS-TWLTC"},"name":"疾病嚴重度擴展值集","description":"用以表述疾病嚴重度之擴展值集，包含疾病嚴重度之描述內容。配合身心障礙手冊障礙程度分級，包含輕度、中度、重度、極重度等代碼。","exampleBoolean":false,"groupingId":"-term-valueset"},{"extension":[{"url":"http://hl7.org/fhir/tools/StructureDefinition/resource-sort","valueInteger":999999999},{"url":"http://hl7.org/fhir/StructureDefinition/implementationguide-page","valueUri":"ValueSet-ReferralConditionCaregiverVS-TWLTC.html"}],"reference":{"reference":"ValueSet/ReferralConditionCaregiverVS-TWLTC"},"name":"看護狀況值集","description":"個案雇用看護的狀況","exampleBoolean":false,"groupingId":"-term-valueset"},{"extension":[{"url":"http://hl7.org/fhir/tools/StructureDefinition/resource-sort","valueInteger":999999999},{"url":"http://hl7.org/fhir/StructureDefinition/implementationguide-page","valueUri":"ValueSet-ReferralConditionTubeVS-TWLTC.html"}],"reference":{"reference":"ValueSet/ReferralConditionTubeVS-TWLTC"},"name":"管路狀況值集","description":"個案持有管路的狀況","exampleBoolean":false,"groupingId":"-term-valueset"},{"extension":[{"url":"http://hl7.org/fhir/tools/StructureDefinition/resource-sort","valueInteger":999999999},{"url":"http://hl7.org/fhir/StructureDefinition/implementationguide-page","valueUri":"ValueSet-ICD-10-PCS-2023-TW-F-VS.html"}],"reference":{"reference":"ValueSet/ICD-10-PCS-2023-TW-F-VS"},"name":"臺灣 2023 年中文版 ICD-10-PCS-F 值集","description":"臺灣 2023 年中文版 ICD-10-PCS 復健及診斷性聽力學(Physical Rehabilitation and Diagnostic Audiology)，章節數值為「F」。 包括：復健、診斷性聽力學。 代碼出版日期：2023-11-10；資料所屬單位：衛生福利部中央健康保險署。 因原始資料無代碼版本資訊，故使用其法規「公布日期」作為版本資訊。本 ValueSet 繼承自身體活動量測 IG，後續將配合原始 IG 進行更新。","exampleBoolean":false,"groupingId":"-term-valueset"},{"extension":[{"url":"http://hl7.org/fhir/tools/StructureDefinition/resource-sort","valueInteger":999999999},{"url":"http://hl7.org/fhir/StructureDefinition/implementationguide-page","valueUri":"ValueSet-FallHistoryResultVS-TWLTC.html"}],"reference":{"reference":"ValueSet/FallHistoryResultVS-TWLTC"},"name":"跌倒紀錄結果值集","description":"紀錄住民跌倒的偵測結果。","exampleBoolean":false,"groupingId":"-term-valueset"},{"extension":[{"url":"http://hl7.org/fhir/tools/StructureDefinition/resource-sort","valueInteger":999999999},{"url":"http://hl7.org/fhir/StructureDefinition/implementationguide-page","valueUri":"ValueSet-ConditionDisabilityVS-TWLTC.html"}],"reference":{"reference":"ValueSet/ConditionDisabilityVS-TWLTC"},"name":"身心障礙手冊持有狀況值集","description":"個案持有身心障礙手冊的狀況","exampleBoolean":false,"groupingId":"-term-valueset"},{"extension":[{"url":"http://hl7.org/fhir/tools/StructureDefinition/resource-sort","valueInteger":999999999},{"url":"http://hl7.org/fhir/StructureDefinition/implementationguide-page","valueUri":"ValueSet-ConditionDisabilityTypeVS-TWLTC.html"}],"reference":{"reference":"ValueSet/ConditionDisabilityTypeVS-TWLTC"},"name":"身心障礙類型值集","description":"個案身心障礙類型","exampleBoolean":false,"groupingId":"-term-valueset"},{"extension":[{"url":"http://hl7.org/fhir/tools/StructureDefinition/resource-sort","valueInteger":999999999},{"url":"http://hl7.org/fhir/StructureDefinition/implementationguide-page","valueUri":"ValueSet-TempCodeVS-Sports.html"}],"reference":{"reference":"ValueSet/TempCodeVS-Sports"},"name":"身體活動量測-暫用代碼值集","description":"身體活動量測暫時使用的代碼，目前無官方代碼。本 ValueSet 繼承自身體活動量測 IG，後續將配合官方代碼更新。","exampleBoolean":false,"groupingId":"-term-valueset"},{"extension":[{"url":"http://hl7.org/fhir/tools/StructureDefinition/resource-sort","valueInteger":999999999},{"url":"http://hl7.org/fhir/StructureDefinition/implementationguide-page","valueUri":"ValueSet-ExerciseHistoryVS-Sports.html"}],"reference":{"reference":"ValueSet/ExerciseHistoryVS-Sports"},"name":"身體活動量測-最近(目前)運動史值集","description":"最近(目前)運動史。本 ValueSet 繼承自身體活動量測 IG，後續將配合原始 IG 進行更新。","exampleBoolean":false,"groupingId":"-term-valueset"},{"extension":[{"url":"http://hl7.org/fhir/tools/StructureDefinition/resource-sort","valueInteger":999999999},{"url":"http://hl7.org/fhir/StructureDefinition/implementationguide-page","valueUri":"ValueSet-GaitTypeVS-Sports.html"}],"reference":{"reference":"ValueSet/GaitTypeVS-Sports"},"name":"身體活動量測-步態分析值集","description":"用於描述步態（walking gait）時腳的着地位置和運動模式。本 ValueSet 繼承自身體活動量測 IG，後續將配合原始 IG 進行更新。","exampleBoolean":false,"groupingId":"-term-valueset"},{"extension":[{"url":"http://hl7.org/fhir/tools/StructureDefinition/resource-sort","valueInteger":999999999},{"url":"http://hl7.org/fhir/StructureDefinition/implementationguide-page","valueUri":"ValueSet-GaitCycleVS-Sports.html"}],"reference":{"reference":"ValueSet/GaitCycleVS-Sports"},"name":"身體活動量測-步態週期值集","description":"一個步伐的完整過程，從一隻腳接觸地面開始到同一隻腳再次接觸地面結束。這個過程可以分為兩個主要階段：支撐期（stance phase）和擺動期（swing phase）。本 ValueSet 繼承自身體活動量測 IG，後續將配合原始 IG 進行更新。","exampleBoolean":false,"groupingId":"-term-valueset"},{"extension":[{"url":"http://hl7.org/fhir/tools/StructureDefinition/resource-sort","valueInteger":999999999},{"url":"http://hl7.org/fhir/StructureDefinition/implementationguide-page","valueUri":"ValueSet-TreadmillTypeVS-Sports.html"}],"reference":{"reference":"ValueSet/TreadmillTypeVS-Sports"},"name":"身體活動量測-跑步機類型值集","description":"用於描述跑步機的類型。本 ValueSet 繼承自身體活動量測 IG，後續將配合原始 IG 進行更新。","exampleBoolean":false,"groupingId":"-term-valueset"},{"extension":[{"url":"http://hl7.org/fhir/tools/StructureDefinition/resource-sort","valueInteger":999999999},{"url":"http://hl7.org/fhir/StructureDefinition/implementationguide-page","valueUri":"ValueSet-ServiceRequestPAVS-Sports.html"}],"reference":{"reference":"ValueSet/ServiceRequestPAVS-Sports"},"name":"身體活動量測-適用運動處方之服務請求代碼值集","description":"適用運動處方之服務請求代碼。本 ValueSet 繼承自身體活動量測 IG，後續將配合原始 IG 進行更新。","exampleBoolean":false,"groupingId":"-term-valueset"},{"extension":[{"url":"http://hl7.org/fhir/tools/StructureDefinition/resource-sort","valueInteger":999999999},{"url":"http://hl7.org/fhir/StructureDefinition/implementationguide-page","valueUri":"ValueSet-SportTrainingVS-Sports.html"}],"reference":{"reference":"ValueSet/SportTrainingVS-Sports"},"name":"身體活動量測-重量訓練代碼值集","description":"定義重量訓練各個方面的代碼，包括使用的重量、執行的組數以及每組的重複次數。本 ValueSet 繼承自身體活動量測 IG，後續將配合原始 IG 進行更新。","exampleBoolean":false,"groupingId":"-term-valueset"},{"extension":[{"url":"http://hl7.org/fhir/tools/StructureDefinition/resource-sort","valueInteger":999999999},{"url":"http://hl7.org/fhir/StructureDefinition/implementationguide-page","valueUri":"ValueSet-ReferralCarePlanVS-TWLTC.html"}],"reference":{"reference":"ValueSet/ReferralCarePlanVS-TWLTC"},"name":"轉介單申請服務種類值集","description":"轉介單申請服務種類的值集","exampleBoolean":false,"groupingId":"-term-valueset"},{"extension":[{"url":"http://hl7.org/fhir/tools/StructureDefinition/resource-sort","valueInteger":999999999},{"url":"http://hl7.org/fhir/StructureDefinition/implementationguide-page","valueUri":"ValueSet-RelationshipTypeVS-TWLTC.html"}],"reference":{"reference":"ValueSet/RelationshipTypeVS-TWLTC"},"name":"關係類型擴展值集","description":"關係人與個案的關係類型擴展代碼值集，新增孫媳婦、孫女婿、聘用看護-本國籍、聘用看護-外國籍等代碼","exampleBoolean":false,"groupingId":"-term-valueset"},{"extension":[{"url":"http://hl7.org/fhir/tools/StructureDefinition/resource-sort","valueInteger":999999999},{"url":"http://hl7.org/fhir/StructureDefinition/implementationguide-page","valueUri":"CodeSystem-PatientIdentityCS-TWLTC.html"}],"reference":{"reference":"CodeSystem/PatientIdentityCS-TWLTC"},"name":"個案身分別代碼","description":"個案身分別代碼","exampleBoolean":false,"groupingId":"-term-codesystem"},{"extension":[{"url":"http://hl7.org/fhir/tools/StructureDefinition/resource-sort","valueInteger":999999999},{"url":"http://hl7.org/fhir/StructureDefinition/implementationguide-page","valueUri":"CodeSystem-ConditionDisabilityCS-TWLTC.html"}],"reference":{"reference":"CodeSystem/ConditionDisabilityCS-TWLTC"},"name":"個案身心障礙手冊持有狀態代碼","description":"用於表述個案的身心障礙手冊持有狀態代碼。","exampleBoolean":false,"groupingId":"-term-codesystem"},{"extension":[{"url":"http://hl7.org/fhir/tools/StructureDefinition/resource-sort","valueInteger":999999999},{"url":"http://hl7.org/fhir/StructureDefinition/implementationguide-page","valueUri":"CodeSystem-ConditionDisabilityTypeCS-TWLTC.html"}],"reference":{"reference":"CodeSystem/ConditionDisabilityTypeCS-TWLTC"},"name":"個案身心障礙類型代碼（新制）","description":"用於表述個案的身心障礙類型代碼（新制）。","exampleBoolean":false,"groupingId":"-term-codesystem"},{"extension":[{"url":"http://hl7.org/fhir/tools/StructureDefinition/resource-sort","valueInteger":999999999},{"url":"http://hl7.org/fhir/StructureDefinition/implementationguide-page","valueUri":"CodeSystem-ConditionDisabilityLegacyTypeCS-TWLTC.html"}],"reference":{"reference":"CodeSystem/ConditionDisabilityLegacyTypeCS-TWLTC"},"name":"個案身心障礙類型代碼（舊制）","description":"用於表述個案的身心障礙類型代碼（舊制）。","exampleBoolean":false,"groupingId":"-term-codesystem"},{"extension":[{"url":"http://hl7.org/fhir/tools/StructureDefinition/resource-sort","valueInteger":999999999},{"url":"http://hl7.org/fhir/StructureDefinition/implementationguide-page","valueUri":"CodeSystem-AddressUseCS-TWLTC.html"}],"reference":{"reference":"CodeSystem/AddressUseCS-TWLTC"},"name":"地址用途擴展識別碼","description":"地址用途的擴展識別碼，新增戶籍地與現居地等代碼","exampleBoolean":false,"groupingId":"-term-codesystem"},{"extension":[{"url":"http://hl7.org/fhir/tools/StructureDefinition/resource-sort","valueInteger":999999999},{"url":"http://hl7.org/fhir/StructureDefinition/implementationguide-page","valueUri":"CodeSystem-EducationStatusCS-TWLTC.html"}],"reference":{"reference":"CodeSystem/EducationStatusCS-TWLTC"},"name":"教育程度代碼","description":"用於表述個案的教育程度，在長照機構住民教育程度 Extension 中使用。","exampleBoolean":false,"groupingId":"-term-codesystem"},{"extension":[{"url":"http://hl7.org/fhir/tools/StructureDefinition/resource-sort","valueInteger":999999999},{"url":"http://hl7.org/fhir/StructureDefinition/implementationguide-page","valueUri":"CodeSystem-EconomyStatusCS-TWLTC.html"}],"reference":{"reference":"CodeSystem/EconomyStatusCS-TWLTC"},"name":"經濟狀況代碼","description":"用於表述個案的經濟狀況，在長照機構住民經濟狀況 Extension 中使用。\n此代碼比照警政署偵查筆錄制式格式之選項進行設計。","exampleBoolean":false,"groupingId":"-term-codesystem"},{"extension":[{"url":"http://hl7.org/fhir/tools/StructureDefinition/resource-sort","valueInteger":999999999},{"url":"http://hl7.org/fhir/StructureDefinition/implementationguide-page","valueUri":"CodeSystem-ICD-10-PCS-2023-TW-F-CS.html"}],"reference":{"reference":"CodeSystem/ICD-10-PCS-2023-TW-F-CS"},"name":"臺灣 2023 年中文版 ICD-10-PCS-F-復健及診斷性聽力學","description":"臺灣 2023 年中文版 ICD-10-PCS 復健及診斷性聽力學(Physical Rehabilitation and Diagnostic Audiology)，章節數值為「F」。 包括：復健、診斷性聽力學。 代碼出版日期：2023-11-10；資料所屬單位：衛生福利部中央健康保險署。 因原始資料無代碼版本資訊，故使用其法規「公布日期」作為版本資訊。本 CodeSystem 繼承自身體活動量測 IG，後續將配合原始 IG 進行更新。","exampleBoolean":false,"groupingId":"-term-codesystem"},{"extension":[{"url":"http://hl7.org/fhir/tools/StructureDefinition/resource-sort","valueInteger":999999999},{"url":"http://hl7.org/fhir/StructureDefinition/implementationguide-page","valueUri":"CodeSystem-TempCodeCS-Sports.html"}],"reference":{"reference":"CodeSystem/TempCodeCS-Sports"},"name":"身體活動量測-暫用代碼","description":"身體活動量測暫時使用的代碼，目前無官方代碼。本 CodeSystem 繼承自身體活動量測 IG，後續將配合官方代碼更新。","exampleBoolean":false,"groupingId":"-term-codesystem"},{"extension":[{"url":"http://hl7.org/fhir/tools/StructureDefinition/resource-sort","valueInteger":999999999},{"url":"http://hl7.org/fhir/StructureDefinition/implementationguide-page","valueUri":"CodeSystem-GaitCycleCS-Sports.html"}],"reference":{"reference":"CodeSystem/GaitCycleCS-Sports"},"name":"身體活動量測-步態週期","description":"一個步伐的完整過程，從一隻腳接觸地面開始到同一隻腳再次接觸地面結束。這個過程可以分為兩個主要階段：支撐期（stance phase）和擺動期（swing phase）。本 CodeSystem 繼承自身體活動量測 IG，後續將配合原始 IG 進行更新。","exampleBoolean":false,"groupingId":"-term-codesystem"},{"extension":[{"url":"http://hl7.org/fhir/tools/StructureDefinition/resource-sort","valueInteger":999999999},{"url":"http://hl7.org/fhir/StructureDefinition/implementationguide-page","valueUri":"CodeSystem-SportTrainingCS-Sports.html"}],"reference":{"reference":"CodeSystem/SportTrainingCS-Sports"},"name":"身體活動量測-重量訓練代碼系統","description":"此代碼系統定義重量訓練各個方面的代碼，包括使用的重量、執行的組數以及每組的重複次數。本 CodeSystem 繼承自身體活動量測 IG，後續將配合原始 IG 進行更新。","exampleBoolean":false,"groupingId":"-term-codesystem"},{"extension":[{"url":"http://hl7.org/fhir/tools/StructureDefinition/resource-sort","valueInteger":999999999},{"url":"http://hl7.org/fhir/StructureDefinition/implementationguide-page","valueUri":"CodeSystem-ReferralConditionCrushCS-TWLTC.html"}],"reference":{"reference":"CodeSystem/ReferralConditionCrushCS-TWLTC"},"name":"轉介單壓傷狀況代碼","description":"用於表述個案的壓傷狀況。","exampleBoolean":false,"groupingId":"-term-codesystem"},{"extension":[{"url":"http://hl7.org/fhir/tools/StructureDefinition/resource-sort","valueInteger":999999999},{"url":"http://hl7.org/fhir/StructureDefinition/implementationguide-page","valueUri":"CodeSystem-ReferralConditionResidenceCS-TWLTC.html"}],"reference":{"reference":"CodeSystem/ReferralConditionResidenceCS-TWLTC"},"name":"轉介單居住狀況代碼","description":"用於表述個案的居住狀況","exampleBoolean":false,"groupingId":"-term-codesystem"},{"extension":[{"url":"http://hl7.org/fhir/tools/StructureDefinition/resource-sort","valueInteger":999999999},{"url":"http://hl7.org/fhir/StructureDefinition/implementationguide-page","valueUri":"CodeSystem-ReferralCarePlanCS-TWLTC.html"}],"reference":{"reference":"CodeSystem/ReferralCarePlanCS-TWLTC"},"name":"轉介單申請服務種類代碼","description":"用於表述個案欲申請的服務項目。","exampleBoolean":false,"groupingId":"-term-codesystem"},{"extension":[{"url":"http://hl7.org/fhir/tools/StructureDefinition/resource-sort","valueInteger":999999999},{"url":"http://hl7.org/fhir/StructureDefinition/implementationguide-page","valueUri":"CodeSystem-ReferralConditionCaregiverCS-TWLTC.html"}],"reference":{"reference":"CodeSystem/ReferralConditionCaregiverCS-TWLTC"},"name":"轉介單看護狀況代碼","description":"用於表述個案雇用看護的狀況。","exampleBoolean":false,"groupingId":"-term-codesystem"},{"extension":[{"url":"http://hl7.org/fhir/tools/StructureDefinition/resource-sort","valueInteger":999999999},{"url":"http://hl7.org/fhir/StructureDefinition/implementationguide-page","valueUri":"CodeSystem-ReferralConditionTubeCS-TWLTC.html"}],"reference":{"reference":"CodeSystem/ReferralConditionTubeCS-TWLTC"},"name":"轉介單管路狀況代碼","description":"用於表述轉介單的狀況代碼，包含身心障礙手冊、管路、壓傷、居住狀況、看護、主要問題及需求等。","exampleBoolean":false,"groupingId":"-term-codesystem"},{"extension":[{"url":"http://hl7.org/fhir/tools/StructureDefinition/resource-sort","valueInteger":999999999},{"url":"http://hl7.org/fhir/StructureDefinition/implementationguide-page","valueUri":"CodeSystem-RelationshipTypeCS-TWLTC.html"}],"reference":{"reference":"CodeSystem/RelationshipTypeCS-TWLTC"},"name":"關係類型擴展代碼","description":"關係人與個案的關係類型擴展代碼，新增孫媳婦、孫女婿、聘用看護-本國籍、聘用看護-外國籍等代碼","exampleBoolean":false,"groupingId":"-term-codesystem"}],"page":{"extension":[{"url":"http://hl7.org/fhir/tools/StructureDefinition/ig-page-name","valueUrl":"toc.html"}],"nameUrl":"toc.html","title":"Table of Contents","generation":"html","page":[{"extension":[{"url":"http://hl7.org/fhir/tools/StructureDefinition/ig-page-name","valueUrl":"index.html"}],"nameUrl":"index.html","title":"Home","generation":"markdown"},{"extension":[{"url":"http://hl7.org/fhir/tools/StructureDefinition/ig-page-name","valueUrl":"connectathon.html"}],"nameUrl":"connectathon.html","title":"Connectathon","generation":"markdown"},{"extension":[{"url":"http://hl7.org/fhir/tools/StructureDefinition/ig-page-name","valueUrl":"downloads.html"}],"nameUrl":"downloads.html","title":"Downloads","generation":"markdown"},{"extension":[{"url":"http://hl7.org/fhir/tools/StructureDefinition/ig-page-name","valueUrl":"ImplementationGuide-fhir.twltc.html"}],"nameUrl":"ImplementationGuide-fhir.twltc.html","title":"Implementation Guide Fhir Twltc","generation":"markdown"},{"extension":[{"url":"http://hl7.org/fhir/tools/StructureDefinition/ig-page-name","valueUrl":"profiles-and-extensions.html"}],"nameUrl":"profiles-and-extensions.html","title":"Profiles and Extensions","generation":"markdown"},{"extension":[{"url":"http://hl7.org/fhir/tools/StructureDefinition/ig-page-name","valueUrl":"security.html"}],"nameUrl":"security.html","title":"Security","generation":"markdown"},{"extension":[{"url":"http://hl7.org/fhir/tools/StructureDefinition/ig-page-name","valueUrl":"terminologies.html"}],"nameUrl":"terminologies.html","title":"Terminologies","generation":"markdown"},{"extension":[{"url":"http://hl7.org/fhir/tools/StructureDefinition/ig-page-name","valueUrl":"validates.html"}],"nameUrl":"validates.html","title":"Validates","generation":"markdown"},{"extension":[{"url":"http://hl7.org/fhir/tools/StructureDefinition/ig-page-name","valueUrl":"artifacts.html"}],"nameUrl":"artifacts.html","title":"Artifacts Summary","generation":"html","page":[{"extension":[{"url":"http://hl7.org/fhir/tools/StructureDefinition/ig-page-name","valueUrl":"StructureDefinition-LTCBundleCMS.html"}],"nameUrl":"StructureDefinition-LTCBundleCMS.html","title":"TWLTC Bundle CMS","generation":"generated"},{"extension":[{"url":"http://hl7.org/fhir/tools/StructureDefinition/ig-page-name","valueUrl":"StructureDefinition-LTCBundleReferral.html"}],"nameUrl":"StructureDefinition-LTCBundleReferral.html","title":"TWLTC Bundle Referral","generation":"generated"},{"extension":[{"url":"http://hl7.org/fhir/tools/StructureDefinition/ig-page-name","valueUrl":"StructureDefinition-LTCCarePlan.html"}],"nameUrl":"StructureDefinition-LTCCarePlan.html","title":"TWLTC CarePlan","generation":"generated"},{"extension":[{"url":"http://hl7.org/fhir/tools/StructureDefinition/ig-page-name","valueUrl":"StructureDefinition-LTCCarePlanReferral.html"}],"nameUrl":"StructureDefinition-LTCCarePlanReferral.html","title":"TWLTC CarePlan Referral","generation":"generated"},{"extension":[{"url":"http://hl7.org/fhir/tools/StructureDefinition/ig-page-name","valueUrl":"StructureDefinition-LTCCareTeam.html"}],"nameUrl":"StructureDefinition-LTCCareTeam.html","title":"TWLTC CareTeam","generation":"generated"},{"extension":[{"url":"http://hl7.org/fhir/tools/StructureDefinition/ig-page-name","valueUrl":"StructureDefinition-LTCCompositionCMS.html"}],"nameUrl":"StructureDefinition-LTCCompositionCMS.html","title":"TWLTC Composition CMS","generation":"generated"},{"extension":[{"url":"http://hl7.org/fhir/tools/StructureDefinition/ig-page-name","valueUrl":"StructureDefinition-LTCCompositionReferral.html"}],"nameUrl":"StructureDefinition-LTCCompositionReferral.html","title":"TWLTC Composition Referral","generation":"generated"},{"extension":[{"url":"http://hl7.org/fhir/tools/StructureDefinition/ig-page-name","valueUrl":"StructureDefinition-LTCCondition.html"}],"nameUrl":"StructureDefinition-LTCCondition.html","title":"TWLTC Condition","generation":"generated"},{"extension":[{"url":"http://hl7.org/fhir/tools/StructureDefinition/ig-page-name","valueUrl":"StructureDefinition-LTCConditionCaregiver.html"}],"nameUrl":"StructureDefinition-LTCConditionCaregiver.html","title":"TWLTC Condition Caregiver","generation":"generated"},{"extension":[{"url":"http://hl7.org/fhir/tools/StructureDefinition/ig-page-name","valueUrl":"StructureDefinition-LTCConditionCrush.html"}],"nameUrl":"StructureDefinition-LTCConditionCrush.html","title":"TWLTC Condition Crush","generation":"generated"},{"extension":[{"url":"http://hl7.org/fhir/tools/StructureDefinition/ig-page-name","valueUrl":"StructureDefinition-LTCConditionDisability.html"}],"nameUrl":"StructureDefinition-LTCConditionDisability.html","title":"TWLTC Condition Disability","generation":"generated"},{"extension":[{"url":"http://hl7.org/fhir/tools/StructureDefinition/ig-page-name","valueUrl":"StructureDefinition-LTCConditionDisabilityType.html"}],"nameUrl":"StructureDefinition-LTCConditionDisabilityType.html","title":"TWLTC Condition Disability Type","generation":"generated"},{"extension":[{"url":"http://hl7.org/fhir/tools/StructureDefinition/ig-page-name","valueUrl":"StructureDefinition-LTCConditionResidence.html"}],"nameUrl":"StructureDefinition-LTCConditionResidence.html","title":"TWLTC Condition Residence","generation":"generated"},{"extension":[{"url":"http://hl7.org/fhir/tools/StructureDefinition/ig-page-name","valueUrl":"StructureDefinition-LTCConditionTube.html"}],"nameUrl":"StructureDefinition-LTCConditionTube.html","title":"TWLTC Condition Tube","generation":"generated"},{"extension":[{"url":"http://hl7.org/fhir/tools/StructureDefinition/ig-page-name","valueUrl":"StructureDefinition-LTCGoal.html"}],"nameUrl":"StructureDefinition-LTCGoal.html","title":"TWLTC Goal","generation":"generated"},{"extension":[{"url":"http://hl7.org/fhir/tools/StructureDefinition/ig-page-name","valueUrl":"StructureDefinition-LTCMedicationAdministration.html"}],"nameUrl":"StructureDefinition-LTCMedicationAdministration.html","title":"TWLTC Medication Administration","generation":"generated"},{"extension":[{"url":"http://hl7.org/fhir/tools/StructureDefinition/ig-page-name","valueUrl":"StructureDefinition-LTCObservationFallingHistory.html"}],"nameUrl":"StructureDefinition-LTCObservationFallingHistory.html","title":"TWLTC Observation Falling History","generation":"generated"},{"extension":[{"url":"http://hl7.org/fhir/tools/StructureDefinition/ig-page-name","valueUrl":"StructureDefinition-LTCObservationVitalSigns.html"}],"nameUrl":"StructureDefinition-LTCObservationVitalSigns.html","title":"TWLTC Observation Vital Signs","generation":"generated"},{"extension":[{"url":"http://hl7.org/fhir/tools/StructureDefinition/ig-page-name","valueUrl":"StructureDefinition-Organization-twltc.html"}],"nameUrl":"StructureDefinition-Organization-twltc.html","title":"TWLTC Organization","generation":"generated"},{"extension":[{"url":"http://hl7.org/fhir/tools/StructureDefinition/ig-page-name","valueUrl":"StructureDefinition-LTCPatient.html"}],"nameUrl":"StructureDefinition-LTCPatient.html","title":"TWLTC Patient","generation":"generated"},{"extension":[{"url":"http://hl7.org/fhir/tools/StructureDefinition/ig-page-name","valueUrl":"StructureDefinition-LTCPatientCMS.html"}],"nameUrl":"StructureDefinition-LTCPatientCMS.html","title":"TWLTC Patient for CMS Form","generation":"generated"},{"extension":[{"url":"http://hl7.org/fhir/tools/StructureDefinition/ig-page-name","valueUrl":"StructureDefinition-LTCPatientReferral.html"}],"nameUrl":"StructureDefinition-LTCPatientReferral.html","title":"TWLTC Patient for Referral Form","generation":"generated"},{"extension":[{"url":"http://hl7.org/fhir/tools/StructureDefinition/ig-page-name","valueUrl":"StructureDefinition-LTCPractitioner.html"}],"nameUrl":"StructureDefinition-LTCPractitioner.html","title":"TWLTC Practitioner","generation":"generated"},{"extension":[{"url":"http://hl7.org/fhir/tools/StructureDefinition/ig-page-name","valueUrl":"StructureDefinition-LTCPractitionerRole.html"}],"nameUrl":"StructureDefinition-LTCPractitionerRole.html","title":"TWLTC PractitionerRole","generation":"generated"},{"extension":[{"url":"http://hl7.org/fhir/tools/StructureDefinition/ig-page-name","valueUrl":"StructureDefinition-LTCQuestionnaire.html"}],"nameUrl":"StructureDefinition-LTCQuestionnaire.html","title":"TWLTC Questionnaire","generation":"generated"},{"extension":[{"url":"http://hl7.org/fhir/tools/StructureDefinition/ig-page-name","valueUrl":"StructureDefinition-LTCQuestionnaireResponse.html"}],"nameUrl":"StructureDefinition-LTCQuestionnaireResponse.html","title":"TWLTC QuestionnaireResponse","generation":"generated"},{"extension":[{"url":"http://hl7.org/fhir/tools/StructureDefinition/ig-page-name","valueUrl":"StructureDefinition-LTCQuestionnaireResponseCMSADL.html"}],"nameUrl":"StructureDefinition-LTCQuestionnaireResponseCMSADL.html","title":"TWLTC QuestionnaireResponse CMS ADL","generation":"generated"},{"extension":[{"url":"http://hl7.org/fhir/tools/StructureDefinition/ig-page-name","valueUrl":"StructureDefinition-LTCQuestionnaireResponseCMSCaregiverLoad.html"}],"nameUrl":"StructureDefinition-LTCQuestionnaireResponseCMSCaregiverLoad.html","title":"TWLTC QuestionnaireResponse CMS Caregiver Load","generation":"generated"},{"extension":[{"url":"http://hl7.org/fhir/tools/StructureDefinition/ig-page-name","valueUrl":"StructureDefinition-LTCQuestionnaireResponseCMSCaregiverSupport.html"}],"nameUrl":"StructureDefinition-LTCQuestionnaireResponseCMSCaregiverSupport.html","title":"TWLTC QuestionnaireResponse CMS Caregiver Support","generation":"generated"},{"extension":[{"url":"http://hl7.org/fhir/tools/StructureDefinition/ig-page-name","valueUrl":"StructureDefinition-LTCQuestionnaireResponseCMSCommunication.html"}],"nameUrl":"StructureDefinition-LTCQuestionnaireResponseCMSCommunication.html","title":"TWLTC QuestionnaireResponse CMS Communication","generation":"generated"},{"extension":[{"url":"http://hl7.org/fhir/tools/StructureDefinition/ig-page-name","valueUrl":"StructureDefinition-LTCQuestionnaireResponseCMSIADL.html"}],"nameUrl":"StructureDefinition-LTCQuestionnaireResponseCMSIADL.html","title":"TWLTC QuestionnaireResponse CMS IADL","generation":"generated"},{"extension":[{"url":"http://hl7.org/fhir/tools/StructureDefinition/ig-page-name","valueUrl":"StructureDefinition-LTCQuestionnaireResponseCMSMemory.html"}],"nameUrl":"StructureDefinition-LTCQuestionnaireResponseCMSMemory.html","title":"TWLTC QuestionnaireResponse CMS Memory","generation":"generated"},{"extension":[{"url":"http://hl7.org/fhir/tools/StructureDefinition/ig-page-name","valueUrl":"StructureDefinition-LTCQuestionnaireResponseCMSMental.html"}],"nameUrl":"StructureDefinition-LTCQuestionnaireResponseCMSMental.html","title":"TWLTC QuestionnaireResponse CMS Mental","generation":"generated"},{"extension":[{"url":"http://hl7.org/fhir/tools/StructureDefinition/ig-page-name","valueUrl":"StructureDefinition-LTCQuestionnaireResponseCMSSociety.html"}],"nameUrl":"StructureDefinition-LTCQuestionnaireResponseCMSSociety.html","title":"TWLTC QuestionnaireResponse CMS Society","generation":"generated"},{"extension":[{"url":"http://hl7.org/fhir/tools/StructureDefinition/ig-page-name","valueUrl":"StructureDefinition-LTCQuestionnaireResponseCMSSpecialCare.html"}],"nameUrl":"StructureDefinition-LTCQuestionnaireResponseCMSSpecialCare.html","title":"TWLTC QuestionnaireResponse CMS Special Care","generation":"generated"},{"extension":[{"url":"http://hl7.org/fhir/tools/StructureDefinition/ig-page-name","valueUrl":"StructureDefinition-LTCQuestionnaireResponseReferralADL.html"}],"nameUrl":"StructureDefinition-LTCQuestionnaireResponseReferralADL.html","title":"TWLTC QuestionnaireResponse Referral ADL","generation":"generated"},{"extension":[{"url":"http://hl7.org/fhir/tools/StructureDefinition/ig-page-name","valueUrl":"StructureDefinition-LTCQuestionnaireResponseReferralCaregiver.html"}],"nameUrl":"StructureDefinition-LTCQuestionnaireResponseReferralCaregiver.html","title":"TWLTC QuestionnaireResponse Referral Caregiver","generation":"generated"},{"extension":[{"url":"http://hl7.org/fhir/tools/StructureDefinition/ig-page-name","valueUrl":"StructureDefinition-LTCQuestionnaireResponseReferralIADL.html"}],"nameUrl":"StructureDefinition-LTCQuestionnaireResponseReferralIADL.html","title":"TWLTC QuestionnaireResponse Referral IADL","generation":"generated"},{"extension":[{"url":"http://hl7.org/fhir/tools/StructureDefinition/ig-page-name","valueUrl":"StructureDefinition-LTCQuestionnaireResponseReferralSOF.html"}],"nameUrl":"StructureDefinition-LTCQuestionnaireResponseReferralSOF.html","title":"TWLTC QuestionnaireResponse Referral SOF","generation":"generated"},{"extension":[{"url":"http://hl7.org/fhir/tools/StructureDefinition/ig-page-name","valueUrl":"StructureDefinition-LTCRelatedPerson.html"}],"nameUrl":"StructureDefinition-LTCRelatedPerson.html","title":"TWLTC RelatedPerson","generation":"generated"},{"extension":[{"url":"http://hl7.org/fhir/tools/StructureDefinition/ig-page-name","valueUrl":"StructureDefinition-PASportsServiceRequest.html"}],"nameUrl":"StructureDefinition-PASportsServiceRequest.html","title":"運動處方－服務請求","generation":"generated"},{"extension":[{"url":"http://hl7.org/fhir/tools/StructureDefinition/ig-page-name","valueUrl":"StructureDefinition-PASportsConditionMedicalHistory.html"}],"nameUrl":"StructureDefinition-PASportsConditionMedicalHistory.html","title":"運動處方－病史","generation":"generated"},{"extension":[{"url":"http://hl7.org/fhir/tools/StructureDefinition/ig-page-name","valueUrl":"StructureDefinition-PASportsConditionExerciseHistory.html"}],"nameUrl":"StructureDefinition-PASportsConditionExerciseHistory.html","title":"運動處方－運動史","generation":"generated"},{"extension":[{"url":"http://hl7.org/fhir/tools/StructureDefinition/ig-page-name","valueUrl":"StructureDefinition-ExtPatientIdentity-TWLTC.html"}],"nameUrl":"StructureDefinition-ExtPatientIdentity-TWLTC.html","title":"個案身分別","generation":"generated"},{"extension":[{"url":"http://hl7.org/fhir/tools/StructureDefinition/ig-page-name","valueUrl":"StructureDefinition-ExtRelatedPersonIsPrimary-TWLTC.html"}],"nameUrl":"StructureDefinition-ExtRelatedPersonIsPrimary-TWLTC.html","title":"是否為主要照顧者","generation":"generated"},{"extension":[{"url":"http://hl7.org/fhir/tools/StructureDefinition/ig-page-name","valueUrl":"StructureDefinition-ExtPatientEducationStatus-TWLTC.html"}],"nameUrl":"StructureDefinition-ExtPatientEducationStatus-TWLTC.html","title":"長照機構住民教育程度","generation":"generated"},{"extension":[{"url":"http://hl7.org/fhir/tools/StructureDefinition/ig-page-name","valueUrl":"StructureDefinition-ExtPatientEconomyStatus-TWLTC.html"}],"nameUrl":"StructureDefinition-ExtPatientEconomyStatus-TWLTC.html","title":"長照機構住民經濟狀況","generation":"generated"},{"extension":[{"url":"http://hl7.org/fhir/tools/StructureDefinition/ig-page-name","valueUrl":"ValueSet-EconomyStatusVS-TWLTC.html"}],"nameUrl":"ValueSet-EconomyStatusVS-TWLTC.html","title":"個案經濟狀況值集","generation":"generated"},{"extension":[{"url":"http://hl7.org/fhir/tools/StructureDefinition/ig-page-name","valueUrl":"ValueSet-PatientIdentityVS-TWLTC.html"}],"nameUrl":"ValueSet-PatientIdentityVS-TWLTC.html","title":"個案身分別值集","generation":"generated"},{"extension":[{"url":"http://hl7.org/fhir/tools/StructureDefinition/ig-page-name","valueUrl":"ValueSet-AddressUseVS-TWLTC.html"}],"nameUrl":"ValueSet-AddressUseVS-TWLTC.html","title":"地址用途擴展值集","generation":"generated"},{"extension":[{"url":"http://hl7.org/fhir/tools/StructureDefinition/ig-page-name","valueUrl":"ValueSet-ReferralConditionCrushVS-TWLTC.html"}],"nameUrl":"ValueSet-ReferralConditionCrushVS-TWLTC.html","title":"壓傷狀況值集","generation":"generated"},{"extension":[{"url":"http://hl7.org/fhir/tools/StructureDefinition/ig-page-name","valueUrl":"ValueSet-ReferralConditionResidenceVS-TWLTC.html"}],"nameUrl":"ValueSet-ReferralConditionResidenceVS-TWLTC.html","title":"居住狀況值集","generation":"generated"},{"extension":[{"url":"http://hl7.org/fhir/tools/StructureDefinition/ig-page-name","valueUrl":"ValueSet-EducationStatusVS-TWLTC.html"}],"nameUrl":"ValueSet-EducationStatusVS-TWLTC.html","title":"教育程度值集","generation":"generated"},{"extension":[{"url":"http://hl7.org/fhir/tools/StructureDefinition/ig-page-name","valueUrl":"ValueSet-GoalDescriptionVS-TWLTC.html"}],"nameUrl":"ValueSet-GoalDescriptionVS-TWLTC.html","title":"照顧目標描述值集","generation":"generated"},{"extension":[{"url":"http://hl7.org/fhir/tools/StructureDefinition/ig-page-name","valueUrl":"ValueSet-ConditionSeverityVS-TWLTC.html"}],"nameUrl":"ValueSet-ConditionSeverityVS-TWLTC.html","title":"疾病嚴重度擴展值集","generation":"generated"},{"extension":[{"url":"http://hl7.org/fhir/tools/StructureDefinition/ig-page-name","valueUrl":"ValueSet-ReferralConditionCaregiverVS-TWLTC.html"}],"nameUrl":"ValueSet-ReferralConditionCaregiverVS-TWLTC.html","title":"看護狀況值集","generation":"generated"},{"extension":[{"url":"http://hl7.org/fhir/tools/StructureDefinition/ig-page-name","valueUrl":"ValueSet-ReferralConditionTubeVS-TWLTC.html"}],"nameUrl":"ValueSet-ReferralConditionTubeVS-TWLTC.html","title":"管路狀況值集","generation":"generated"},{"extension":[{"url":"http://hl7.org/fhir/tools/StructureDefinition/ig-page-name","valueUrl":"ValueSet-ICD-10-PCS-2023-TW-F-VS.html"}],"nameUrl":"ValueSet-ICD-10-PCS-2023-TW-F-VS.html","title":"臺灣 2023 年中文版 ICD-10-PCS-F 值集","generation":"generated"},{"extension":[{"url":"http://hl7.org/fhir/tools/StructureDefinition/ig-page-name","valueUrl":"ValueSet-FallHistoryResultVS-TWLTC.html"}],"nameUrl":"ValueSet-FallHistoryResultVS-TWLTC.html","title":"跌倒紀錄結果值集","generation":"generated"},{"extension":[{"url":"http://hl7.org/fhir/tools/StructureDefinition/ig-page-name","valueUrl":"ValueSet-ConditionDisabilityVS-TWLTC.html"}],"nameUrl":"ValueSet-ConditionDisabilityVS-TWLTC.html","title":"身心障礙手冊持有狀況值集","generation":"generated"},{"extension":[{"url":"http://hl7.org/fhir/tools/StructureDefinition/ig-page-name","valueUrl":"ValueSet-ConditionDisabilityTypeVS-TWLTC.html"}],"nameUrl":"ValueSet-ConditionDisabilityTypeVS-TWLTC.html","title":"身心障礙類型值集","generation":"generated"},{"extension":[{"url":"http://hl7.org/fhir/tools/StructureDefinition/ig-page-name","valueUrl":"ValueSet-TempCodeVS-Sports.html"}],"nameUrl":"ValueSet-TempCodeVS-Sports.html","title":"身體活動量測-暫用代碼值集","generation":"generated"},{"extension":[{"url":"http://hl7.org/fhir/tools/StructureDefinition/ig-page-name","valueUrl":"ValueSet-ExerciseHistoryVS-Sports.html"}],"nameUrl":"ValueSet-ExerciseHistoryVS-Sports.html","title":"身體活動量測-最近(目前)運動史值集","generation":"generated"},{"extension":[{"url":"http://hl7.org/fhir/tools/StructureDefinition/ig-page-name","valueUrl":"ValueSet-GaitTypeVS-Sports.html"}],"nameUrl":"ValueSet-GaitTypeVS-Sports.html","title":"身體活動量測-步態分析值集","generation":"generated"},{"extension":[{"url":"http://hl7.org/fhir/tools/StructureDefinition/ig-page-name","valueUrl":"ValueSet-GaitCycleVS-Sports.html"}],"nameUrl":"ValueSet-GaitCycleVS-Sports.html","title":"身體活動量測-步態週期值集","generation":"generated"},{"extension":[{"url":"http://hl7.org/fhir/tools/StructureDefinition/ig-page-name","valueUrl":"ValueSet-TreadmillTypeVS-Sports.html"}],"nameUrl":"ValueSet-TreadmillTypeVS-Sports.html","title":"身體活動量測-跑步機類型值集","generation":"generated"},{"extension":[{"url":"http://hl7.org/fhir/tools/StructureDefinition/ig-page-name","valueUrl":"ValueSet-ServiceRequestPAVS-Sports.html"}],"nameUrl":"ValueSet-ServiceRequestPAVS-Sports.html","title":"身體活動量測-適用運動處方之服務請求代碼值集","generation":"generated"},{"extension":[{"url":"http://hl7.org/fhir/tools/StructureDefinition/ig-page-name","valueUrl":"ValueSet-SportTrainingVS-Sports.html"}],"nameUrl":"ValueSet-SportTrainingVS-Sports.html","title":"身體活動量測-重量訓練代碼值集","generation":"generated"},{"extension":[{"url":"http://hl7.org/fhir/tools/StructureDefinition/ig-page-name","valueUrl":"ValueSet-ReferralCarePlanVS-TWLTC.html"}],"nameUrl":"ValueSet-ReferralCarePlanVS-TWLTC.html","title":"轉介單申請服務種類值集","generation":"generated"},{"extension":[{"url":"http://hl7.org/fhir/tools/StructureDefinition/ig-page-name","valueUrl":"ValueSet-RelationshipTypeVS-TWLTC.html"}],"nameUrl":"ValueSet-RelationshipTypeVS-TWLTC.html","title":"關係類型擴展值集","generation":"generated"},{"extension":[{"url":"http://hl7.org/fhir/tools/StructureDefinition/ig-page-name","valueUrl":"CodeSystem-PatientIdentityCS-TWLTC.html"}],"nameUrl":"CodeSystem-PatientIdentityCS-TWLTC.html","title":"個案身分別代碼","generation":"generated"},{"extension":[{"url":"http://hl7.org/fhir/tools/StructureDefinition/ig-page-name","valueUrl":"CodeSystem-ConditionDisabilityCS-TWLTC.html"}],"nameUrl":"CodeSystem-ConditionDisabilityCS-TWLTC.html","title":"個案身心障礙手冊持有狀態代碼","generation":"generated"},{"extension":[{"url":"http://hl7.org/fhir/tools/StructureDefinition/ig-page-name","valueUrl":"CodeSystem-ConditionDisabilityTypeCS-TWLTC.html"}],"nameUrl":"CodeSystem-ConditionDisabilityTypeCS-TWLTC.html","title":"個案身心障礙類型代碼（新制）","generation":"generated"},{"extension":[{"url":"http://hl7.org/fhir/tools/StructureDefinition/ig-page-name","valueUrl":"CodeSystem-ConditionDisabilityLegacyTypeCS-TWLTC.html"}],"nameUrl":"CodeSystem-ConditionDisabilityLegacyTypeCS-TWLTC.html","title":"個案身心障礙類型代碼（舊制）","generation":"generated"},{"extension":[{"url":"http://hl7.org/fhir/tools/StructureDefinition/ig-page-name","valueUrl":"CodeSystem-AddressUseCS-TWLTC.html"}],"nameUrl":"CodeSystem-AddressUseCS-TWLTC.html","title":"地址用途擴展識別碼","generation":"generated"},{"extension":[{"url":"http://hl7.org/fhir/tools/StructureDefinition/ig-page-name","valueUrl":"CodeSystem-EducationStatusCS-TWLTC.html"}],"nameUrl":"CodeSystem-EducationStatusCS-TWLTC.html","title":"教育程度代碼","generation":"generated"},{"extension":[{"url":"http://hl7.org/fhir/tools/StructureDefinition/ig-page-name","valueUrl":"CodeSystem-EconomyStatusCS-TWLTC.html"}],"nameUrl":"CodeSystem-EconomyStatusCS-TWLTC.html","title":"經濟狀況代碼","generation":"generated"},{"extension":[{"url":"http://hl7.org/fhir/tools/StructureDefinition/ig-page-name","valueUrl":"CodeSystem-ICD-10-PCS-2023-TW-F-CS.html"}],"nameUrl":"CodeSystem-ICD-10-PCS-2023-TW-F-CS.html","title":"臺灣 2023 年中文版 ICD-10-PCS-F-復健及診斷性聽力學","generation":"generated"},{"extension":[{"url":"http://hl7.org/fhir/tools/StructureDefinition/ig-page-name","valueUrl":"CodeSystem-TempCodeCS-Sports.html"}],"nameUrl":"CodeSystem-TempCodeCS-Sports.html","title":"身體活動量測-暫用代碼","generation":"generated"},{"extension":[{"url":"http://hl7.org/fhir/tools/StructureDefinition/ig-page-name","valueUrl":"CodeSystem-GaitCycleCS-Sports.html"}],"nameUrl":"CodeSystem-GaitCycleCS-Sports.html","title":"身體活動量測-步態週期","generation":"generated"},{"extension":[{"url":"http://hl7.org/fhir/tools/StructureDefinition/ig-page-name","valueUrl":"CodeSystem-SportTrainingCS-Sports.html"}],"nameUrl":"CodeSystem-SportTrainingCS-Sports.html","title":"身體活動量測-重量訓練代碼系統","generation":"generated"},{"extension":[{"url":"http://hl7.org/fhir/tools/StructureDefinition/ig-page-name","valueUrl":"CodeSystem-ReferralConditionCrushCS-TWLTC.html"}],"nameUrl":"CodeSystem-ReferralConditionCrushCS-TWLTC.html","title":"轉介單壓傷狀況代碼","generation":"generated"},{"extension":[{"url":"http://hl7.org/fhir/tools/StructureDefinition/ig-page-name","valueUrl":"CodeSystem-ReferralConditionResidenceCS-TWLTC.html"}],"nameUrl":"CodeSystem-ReferralConditionResidenceCS-TWLTC.html","title":"轉介單居住狀況代碼","generation":"generated"},{"extension":[{"url":"http://hl7.org/fhir/tools/StructureDefinition/ig-page-name","valueUrl":"CodeSystem-ReferralCarePlanCS-TWLTC.html"}],"nameUrl":"CodeSystem-ReferralCarePlanCS-TWLTC.html","title":"轉介單申請服務種類代碼","generation":"generated"},{"extension":[{"url":"http://hl7.org/fhir/tools/StructureDefinition/ig-page-name","valueUrl":"CodeSystem-ReferralConditionCaregiverCS-TWLTC.html"}],"nameUrl":"CodeSystem-ReferralConditionCaregiverCS-TWLTC.html","title":"轉介單看護狀況代碼","generation":"generated"},{"extension":[{"url":"http://hl7.org/fhir/tools/StructureDefinition/ig-page-name","valueUrl":"CodeSystem-ReferralConditionTubeCS-TWLTC.html"}],"nameUrl":"CodeSystem-ReferralConditionTubeCS-TWLTC.html","title":"轉介單管路狀況代碼","generation":"generated"},{"extension":[{"url":"http://hl7.org/fhir/tools/StructureDefinition/ig-page-name","valueUrl":"CodeSystem-RelationshipTypeCS-TWLTC.html"}],"nameUrl":"CodeSystem-RelationshipTypeCS-TWLTC.html","title":"關係類型擴展代碼","generation":"generated"}]}]},"parameter":[{"code":"path-resource","value":"input/capabilities"},{"code":"path-resource","value":"input/examples"},{"code":"path-resource","value":"input/extensions"},{"code":"path-resource","value":"input/models"},{"code":"path-resource","value":"input/operations"},{"code":"path-resource","value":"input/profiles"},{"code":"path-resource","value":"input/resources"},{"code":"path-resource","value":"input/vocabulary"},{"code":"path-resource","value":"input/maps"},{"code":"path-resource","value":"input/testing"},{"code":"path-resource","value":"input/history"},{"code":"path-resource","value":"fsh-generated/resources"},{"code":"path-pages","value":"template/config"},{"code":"path-pages","value":"input/images"},{"code":"path-tx-cache","value":"input-cache/txcache"}]}}