{"resourceType":"ValueSet","id":"ServiceRequestPAVS-Sport","text":{"status":"generated","div":"<div xmlns=\"http://www.w3.org/1999/xhtml\"><p class=\"res-header-id\"><b>Generated Narrative: ValueSet ServiceRequestPAVS-Sport</b></p><a name=\"ServiceRequestPAVS-Sport\"> </a><a name=\"hcServiceRequestPAVS-Sport\"> </a><a name=\"ServiceRequestPAVS-Sport-en-US\"> </a><ul><li>Include these codes as defined in <code>http://snomed.info/sct/901000000000207008/version/20240901</code><table class=\"none\"><tr><td style=\"white-space:nowrap\"><b>Code</b></td><td><b>Display</b></td></tr><tr><td>819961005</td><td>PA guidance</td></tr><tr><td>398636004</td><td>PA assessment</td></tr><tr><td>435551000124105</td><td>Counseling about physical activity</td></tr><tr><td>390893007</td><td>Referral to physical activity program</td></tr><tr><td>426866005</td><td>Determination of phyisical activity tolerance</td></tr><tr><td>229095001</td><td>Exercise class</td></tr><tr><td>229065009</td><td>Exercise therapy</td></tr></table></li></ul></div>"},"url":"http://ltc-ig.fhir.tw/ValueSet/ServiceRequestPAVS-Sport","version":"0.2.0","name":"ServiceRequestPAVSSport","title":"身體活動量測-適用運動處方之服務請求代碼值集","status":"active","experimental":false,"date":"2024-06-04","publisher":"MI-TW","contact":[{"name":"MI-TW","telecom":[{"system":"url","value":"https://mitw.dicom.org.tw/"}]}],"description":"適用運動處方之服務請求代碼。本 ValueSet 繼承自身體活動量測 IG，後續將配合原始 IG 進行更新。","compose":{"include":[{"system":"http://snomed.info/sct/901000000000207008/version/20240901","concept":[{"code":"819961005","display":"PA guidance"},{"code":"398636004","display":"PA assessment"},{"code":"435551000124105","display":"Counseling about physical activity"},{"code":"390893007","display":"Referral to physical activity program"},{"code":"426866005","display":"Determination of phyisical activity tolerance"},{"code":"229095001","display":"Exercise class"},{"code":"229065009","display":"Exercise therapy"}]}]}}