{"resourceType":"ValueSet","id":"TempCodeVS-Sport","text":{"status":"generated","div":"<div xmlns=\"http://www.w3.org/1999/xhtml\"><p class=\"res-header-id\"><b>Generated Narrative: ValueSet TempCodeVS-Sport</b></p><a name=\"TempCodeVS-Sport\"> </a><a name=\"hcTempCodeVS-Sport\"> </a><a name=\"TempCodeVS-Sport-en-US\"> </a><ul><li>Include all codes defined in <a href=\"CodeSystem-TempCodeCS-Sport.html\"><code>http://ltc-ig.fhir.tw/CodeSystem/TempCodeCS-Sport</code></a></li></ul></div>"},"url":"http://ltc-ig.fhir.tw/ValueSet/TempCodeVS-Sport","version":"0.2.0","name":"TempCodeVSSport","title":"身體活動量測-暫用代碼值集","status":"active","experimental":false,"date":"2024-06-04","publisher":"MI-TW","contact":[{"name":"MI-TW","telecom":[{"system":"url","value":"https://mitw.dicom.org.tw/"}]}],"description":"身體活動量測暫時使用的代碼，目前無官方代碼。本 ValueSet 繼承自身體活動量測 IG，後續將配合官方代碼更新。","compose":{"include":[{"system":"http://ltc-ig.fhir.tw/CodeSystem/TempCodeCS-Sport"}]}}