{"resourceType":"ValueSet","id":"ReferralConditionCrushVS-TWLTC","text":{"status":"generated","div":"<div xmlns=\"http://www.w3.org/1999/xhtml\"><p class=\"res-header-id\"><b>Generated Narrative: ValueSet ReferralConditionCrushVS-TWLTC</b></p><a name=\"ReferralConditionCrushVS-TWLTC\"> </a><a name=\"hcReferralConditionCrushVS-TWLTC\"> </a><a name=\"ReferralConditionCrushVS-TWLTC-en-US\"> </a><ul><li>Include all codes defined in <a href=\"CodeSystem-ReferralConditionCrushCS-TWLTC.html\"><code>http://ltc-ig.fhir.tw/CodeSystem/ReferralConditionCrushCS-TWLTC</code></a></li></ul></div>"},"url":"http://ltc-ig.fhir.tw/ValueSet/ReferralConditionCrushVS-TWLTC","version":"0.1.1","name":"ReferralConditionCrushVSTWLTC","title":"壓傷狀況值集","status":"active","experimental":false,"date":"2024-08-25","publisher":"MI-TW","contact":[{"name":"MI-TW","telecom":[{"system":"url","value":"https://mitw.dicom.org.tw/"}]}],"description":"個案壓傷的狀況","compose":{"include":[{"system":"http://ltc-ig.fhir.tw/CodeSystem/ReferralConditionCrushCS-TWLTC"}]}}