{"resourceType":"ValueSet","id":"ConditionDisabilityVS-TWLTC","text":{"status":"generated","div":"<div xmlns=\"http://www.w3.org/1999/xhtml\"><p class=\"res-header-id\"><b>Generated Narrative: ValueSet ConditionDisabilityVS-TWLTC</b></p><a name=\"ConditionDisabilityVS-TWLTC\"> </a><a name=\"hcConditionDisabilityVS-TWLTC\"> </a><a name=\"ConditionDisabilityVS-TWLTC-en-US\"> </a><ul><li>Include all codes defined in <a href=\"CodeSystem-ConditionDisabilityCS-TWLTC.html\"><code>http://ltc-ig.fhir.tw/CodeSystem/ConditionDisabilityCS-TWLTC</code></a></li></ul></div>"},"url":"http://ltc-ig.fhir.tw/ValueSet/ConditionDisabilityVS-TWLTC","version":"0.2.0","name":"ConditionDisabilityVSTWLTC","title":"身心障礙手冊持有狀況值集","status":"active","experimental":false,"date":"2024-08-25","publisher":"MI-TW","contact":[{"name":"MI-TW","telecom":[{"system":"url","value":"https://mitw.dicom.org.tw/"}]}],"description":"個案持有身心障礙手冊的狀況","compose":{"include":[{"system":"http://ltc-ig.fhir.tw/CodeSystem/ConditionDisabilityCS-TWLTC"}]}}