{"resourceType":"ValueSet","id":"SportTrainingVS-Sport","text":{"status":"generated","div":"<div xmlns=\"http://www.w3.org/1999/xhtml\"><p class=\"res-header-id\"><b>Generated Narrative: ValueSet SportTrainingVS-Sport</b></p><a name=\"SportTrainingVS-Sport\"> </a><a name=\"hcSportTrainingVS-Sport\"> </a><a name=\"SportTrainingVS-Sport-en-US\"> </a><ul><li>Include all codes defined in <a href=\"CodeSystem-SportTrainingCS-Sport.html\"><code>http://ltc-ig.fhir.tw/CodeSystem/SportTrainingCS-Sport</code></a></li></ul></div>"},"url":"http://ltc-ig.fhir.tw/ValueSet/SportTrainingVS-Sport","version":"0.2.0","name":"SportTrainingVSSport","title":"身體活動量測-重量訓練代碼值集","status":"active","experimental":false,"date":"2024-06-04","publisher":"MI-TW","contact":[{"name":"MI-TW","telecom":[{"system":"url","value":"https://mitw.dicom.org.tw/"}]}],"description":"定義重量訓練各個方面的代碼，包括使用的重量、執行的組數以及每組的重複次數。本 ValueSet 繼承自身體活動量測 IG，後續將配合原始 IG 進行更新。","compose":{"include":[{"system":"http://ltc-ig.fhir.tw/CodeSystem/SportTrainingCS-Sport"}]}}