{"resourceType":"ValueSet","id":"RelationshipTypeVS-TWLTC","text":{"status":"generated","div":"<div xmlns=\"http://www.w3.org/1999/xhtml\"><p class=\"res-header-id\"><b>Generated Narrative: ValueSet RelationshipTypeVS-TWLTC</b></p><a name=\"RelationshipTypeVS-TWLTC\"> </a><a name=\"hcRelationshipTypeVS-TWLTC\"> </a><a name=\"RelationshipTypeVS-TWLTC-en-US\"> </a><p>This value set includes codes based on the following rules:</p><ul><li>Include all codes defined in <a href=\"http://terminology.hl7.org/5.0.0/CodeSystem-v2-0131.html\"><code>http://terminology.hl7.org/CodeSystem/v2-0131</code></a></li><li>Include codes from<a href=\"http://terminology.hl7.org/6.0.2/CodeSystem-v3-RoleCode.html\"><code>http://terminology.hl7.org/CodeSystem/v3-RoleCode</code></a> where concept  is-a <a href=\"http://terminology.hl7.org/6.0.2/CodeSystem-v3-RoleCode.html#v3-RoleCode-_PersonalRelationshipRoleType\">_PersonalRelationshipRoleType</a></li><li>Include all codes defined in <a href=\"CodeSystem-RelationshipTypeCS-TWLTC.html\"><code>http://ltc-ig.fhir.tw/CodeSystem/RelationshipTypeCS-TWLTC</code></a></li></ul></div>"},"url":"http://ltc-ig.fhir.tw/ValueSet/RelationshipTypeVS-TWLTC","version":"0.2.0","name":"RelationshipTypeVSTWLTC","title":"關係類型擴展值集","status":"active","experimental":false,"date":"2024-09-02","publisher":"MI-TW","contact":[{"name":"MI-TW","telecom":[{"system":"url","value":"https://mitw.dicom.org.tw/"}]}],"description":"關係人與個案的關係類型擴展代碼值集，新增孫媳婦、孫女婿、聘用看護-本國籍、聘用看護-外國籍等代碼","compose":{"include":[{"system":"http://terminology.hl7.org/CodeSystem/v2-0131"},{"system":"http://terminology.hl7.org/CodeSystem/v3-RoleCode","filter":[{"property":"concept","op":"is-a","value":"_PersonalRelationshipRoleType"}]},{"system":"http://ltc-ig.fhir.tw/CodeSystem/RelationshipTypeCS-TWLTC"}]}}