{"resourceType":"ValueSet","id":"AddressUseVS-TWLTC","text":{"status":"generated","div":"<div xmlns=\"http://www.w3.org/1999/xhtml\"><p class=\"res-header-id\"><b>Generated Narrative: ValueSet AddressUseVS-TWLTC</b></p><a name=\"AddressUseVS-TWLTC\"> </a><a name=\"hcAddressUseVS-TWLTC\"> </a><ul><li>Include all codes defined in <a href=\"CodeSystem-AddressUseCS-TWLTC.html\"><code>http://ltc-ig.fhir.tw/CodeSystem/AddressUseCS-TWLTC</code></a></li></ul></div>"},"url":"http://ltc-ig.fhir.tw/ValueSet/AddressUseVS-TWLTC","version":"0.3.0","name":"AddressUseVSTWLTC","title":"地址用途擴展值集","status":"active","experimental":false,"date":"2024-08-22","publisher":"經濟部產業發展署","contact":[{"name":"經濟部產業發展署","telecom":[{"system":"url","value":"https://www.ida.gov.tw/"}]}],"description":"地址的用途，新增戶籍地與現居地等代碼","compose":{"include":[{"system":"http://ltc-ig.fhir.tw/CodeSystem/AddressUseCS-TWLTC"}]}}