{"resourceType":"ValueSet","id":"ReferralConditionCaregiverVS-TWLTC","text":{"status":"generated","div":"<div xmlns=\"http://www.w3.org/1999/xhtml\"><p class=\"res-header-id\"><b>Generated Narrative: ValueSet ReferralConditionCaregiverVS-TWLTC</b></p><a name=\"ReferralConditionCaregiverVS-TWLTC\"> </a><a name=\"hcReferralConditionCaregiverVS-TWLTC\"> </a><a name=\"ReferralConditionCaregiverVS-TWLTC-en-US\"> </a><ul><li>Include all codes defined in <a href=\"CodeSystem-ReferralConditionCaregiverCS-TWLTC.html\"><code>http://ltc-ig.fhir.tw/CodeSystem/ReferralConditionCaregiverCS-TWLTC</code></a></li></ul></div>"},"url":"http://ltc-ig.fhir.tw/ValueSet/ReferralConditionCaregiverVS-TWLTC","version":"0.2.0","name":"ReferralConditionCaregiverVSTWLTC","title":"看護狀況值集","status":"active","experimental":false,"date":"2024-08-25","publisher":"MI-TW","contact":[{"name":"MI-TW","telecom":[{"system":"url","value":"https://mitw.dicom.org.tw/"}]}],"description":"個案雇用看護的狀況","compose":{"include":[{"system":"http://ltc-ig.fhir.tw/CodeSystem/ReferralConditionCaregiverCS-TWLTC"}]}}