{"resourceType":"ValueSet","id":"ReferralConditionResidenceVS-TWLTC","text":{"status":"generated","div":"<div xmlns=\"http://www.w3.org/1999/xhtml\"><p class=\"res-header-id\"><b>Generated Narrative: ValueSet ReferralConditionResidenceVS-TWLTC</b></p><a name=\"ReferralConditionResidenceVS-TWLTC\"> </a><a name=\"hcReferralConditionResidenceVS-TWLTC\"> </a><ul><li>Include all codes defined in <a href=\"CodeSystem-ReferralConditionResidenceCS-TWLTC.html\"><code>http://ltc-ig.fhir.tw/CodeSystem/ReferralConditionResidenceCS-TWLTC</code></a></li></ul></div>"},"url":"http://ltc-ig.fhir.tw/ValueSet/ReferralConditionResidenceVS-TWLTC","version":"0.3.0","name":"ReferralConditionResidenceVSTWLTC","title":"居住狀況值集","status":"active","experimental":false,"date":"2024-08-25","publisher":"經濟部產業發展署","contact":[{"name":"經濟部產業發展署","telecom":[{"system":"url","value":"https://www.ida.gov.tw/"}]}],"description":"個案的居住狀況","compose":{"include":[{"system":"http://ltc-ig.fhir.tw/CodeSystem/ReferralConditionResidenceCS-TWLTC"}]}}