URL,Version,Status,OIDs,Name,Title,Descriptino,Uses,Used,Sources
http://ltc-ig.fhir.tw/ValueSet/AddressUseVS-TWLTC,0.2.0,active,,AddressUseVSTWLTC,地址用途擴展值集,"地址的用途，新增戶籍地與現居地等代碼",,"Internal"
http://ltc-ig.fhir.tw/ValueSet/ConditionDisabilityTypeVS-TWLTC,0.2.0,active,,ConditionDisabilityTypeVSTWLTC,身心障礙類型值集,"個案身心障礙類型",,"Internal"
http://ltc-ig.fhir.tw/ValueSet/ConditionDisabilityVS-TWLTC,0.2.0,active,,ConditionDisabilityVSTWLTC,身心障礙手冊持有狀況值集,"個案持有身心障礙手冊的狀況",,"Internal"
http://ltc-ig.fhir.tw/ValueSet/ConditionSeverityVS-TWLTC,0.2.0,active,,ConditionSeverityVSTWLTC,疾病嚴重度擴展值集,"用以表述疾病嚴重度之擴展值集，包含疾病嚴重度之描述內容。配合身心障礙手冊障礙程度分級，包含輕度、中度、重度、極重度等代碼。",,"Other"
http://ltc-ig.fhir.tw/ValueSet/EconomyStatusVS-TWLTC,0.2.0,active,,EconomyStatusVSTWLTC,個案經濟狀況值集,"用以表述個案經濟狀況之值集，包含個案經濟狀況之描述內容。",,"Internal"
http://ltc-ig.fhir.tw/ValueSet/EducationStatusVS-TWLTC,0.2.0,active,,EducationStatusVSTWLTC,教育程度值集,"用以表述教育程度之值集，包含教育程度之描述內容。",,"Internal"
http://ltc-ig.fhir.tw/ValueSet/ExerciseHistoryVS-Sport,0.2.0,active,,ExerciseHistoryVSSport,身體活動量測-最近(目前)運動史值集,"最近(目前)運動史。本 ValueSet 繼承自身體活動量測 IG，後續將配合原始 IG 進行更新。",,"Other"
http://ltc-ig.fhir.tw/ValueSet/FallHistoryResultVS-TWLTC,0.2.0,active,,FallHistoryResultVSTWLTC,跌倒紀錄結果值集,"紀錄住民跌倒的偵測結果。",,"LOINC"
http://ltc-ig.fhir.tw/ValueSet/GaitCycleVS-Sport,0.2.0,active,,GaitCycleVSSport,身體活動量測-步態週期值集,"一個步伐的完整過程，從一隻腳接觸地面開始到同一隻腳再次接觸地面結束。這個過程可以分為兩個主要階段：支撐期（stance phase）和擺動期（swing phase）。本 ValueSet 繼承自身體活動量測 IG，後續將配合原始 IG 進行更新。",,"Internal"
http://ltc-ig.fhir.tw/ValueSet/GaitTypeVS-Sport,0.2.0,active,,GaitTypeVSSport,身體活動量測-步態分析值集,"用於描述步態（walking gait）時腳的着地位置和運動模式。本 ValueSet 繼承自身體活動量測 IG，後續將配合原始 IG 進行更新。",,"Other"
http://ltc-ig.fhir.tw/ValueSet/GoalDescriptionVS-TWLTC,0.2.0,active,,GoalDescriptionVSTWLTC,照顧目標描述值集,"照顧目標的描述值集，用以表述長期照顧情境中涉及之照顧目標描述內容。本值集比照 US Core Goal Profile 中的 description 元素定義，引用 SNOMED CT 與 LOINC 等術語系統。",,"SCT,LOINC"
http://ltc-ig.fhir.tw/ValueSet/ICD-10-PCS-2023-TW-F-VS,0.2.0,active,,ICD10PCS2023TWFVS,臺灣 2023 年中文版 ICD-10-PCS-F 值集,"臺灣 2023 年中文版 ICD-10-PCS 復健及診斷性聽力學(Physical Rehabilitation and Diagnostic Audiology)，章節數值為「F」。 包括：復健、診斷性聽力學。 代碼出版日期：2023-11-10；資料所屬單位：衛生福利部中央健康保險署。 因原始資料無代碼版本資訊，故使用其法規「公布日期」作為版本資訊。本 ValueSet 繼承自身體活動量測 IG，後續將配合原始 IG 進行更新。",,"Internal"
http://ltc-ig.fhir.tw/ValueSet/PatientIdentityVS-TWLTC,0.2.0,active,,PatientIdentityVSTWLTC,個案身分別值集,"個案身分別的值集",,"Internal"
http://ltc-ig.fhir.tw/ValueSet/ReferralCarePlanVS-TWLTC,0.2.0,active,,ReferralCarePlanVSTWLTC,轉介單申請服務種類值集,"轉介單申請服務種類的值集",,"Internal"
http://ltc-ig.fhir.tw/ValueSet/ReferralConditionCaregiverVS-TWLTC,0.2.0,active,,ReferralConditionCaregiverVSTWLTC,看護狀況值集,"個案雇用看護的狀況",,"Internal"
http://ltc-ig.fhir.tw/ValueSet/ReferralConditionCrushVS-TWLTC,0.2.0,active,,ReferralConditionCrushVSTWLTC,壓傷狀況值集,"個案壓傷的狀況",,"Internal"
http://ltc-ig.fhir.tw/ValueSet/ReferralConditionResidenceVS-TWLTC,0.2.0,active,,ReferralConditionResidenceVSTWLTC,居住狀況值集,"個案的居住狀況",,"Internal"
http://ltc-ig.fhir.tw/ValueSet/ReferralConditionTubeVS-TWLTC,0.2.0,active,,ReferralConditionTubeVSTWLTC,管路狀況值集,"個案持有管路的狀況",,"Internal"
http://ltc-ig.fhir.tw/ValueSet/RelationshipTypeVS-TWLTC,0.2.0,active,,RelationshipTypeVSTWLTC,關係類型擴展值集,"關係人與個案的關係類型擴展代碼值集，新增孫媳婦、孫女婿、聘用看護-本國籍、聘用看護-外國籍等代碼",,"THO (V3),THO (V2),Internal"
http://ltc-ig.fhir.tw/ValueSet/ServiceRequestPAVS-Sport,0.2.0,active,,ServiceRequestPAVSSport,身體活動量測-適用運動處方之服務請求代碼值集,"適用運動處方之服務請求代碼。本 ValueSet 繼承自身體活動量測 IG，後續將配合原始 IG 進行更新。",,"Other"
http://ltc-ig.fhir.tw/ValueSet/SportTrainingVS-Sport,0.2.0,active,,SportTrainingVSSport,身體活動量測-重量訓練代碼值集,"定義重量訓練各個方面的代碼，包括使用的重量、執行的組數以及每組的重複次數。本 ValueSet 繼承自身體活動量測 IG，後續將配合原始 IG 進行更新。",,"Internal"
http://ltc-ig.fhir.tw/ValueSet/TempCodeVS-Sport,0.2.0,active,,TempCodeVSSport,身體活動量測-暫用代碼值集,"身體活動量測暫時使用的代碼，目前無官方代碼。本 ValueSet 繼承自身體活動量測 IG，後續將配合官方代碼更新。",,"Internal"
http://ltc-ig.fhir.tw/ValueSet/TreadmillTypeVS-Sport,0.2.0,active,,TreadmillTypeVSSport,身體活動量測-跑步機類型值集,"用於描述跑步機的類型。本 ValueSet 繼承自身體活動量測 IG，後續將配合原始 IG 進行更新。",,"Other"
