<?xml version="1.0" encoding="UTF-8"?>

<CareTeam xmlns="http://hl7.org/fhir">
  <id value="ltc-care-team-example"/>
  <meta>
    <profile value="http://ltc-ig.fhir.tw/StructureDefinition/LTCCareTeam"/>
  </meta>
  <text>
    <status value="generated"/><div xmlns="http://www.w3.org/1999/xhtml"><p class="res-header-id"><b>Generated Narrative: CareTeam ltc-care-team-example</b></p><a name="ltc-care-team-example"> </a><a name="hcltc-care-team-example"> </a><div style="display: inline-block; background-color: #d9e0e7; padding: 6px; margin: 4px; border: 1px solid #8da1b4; border-radius: 5px; line-height: 60%"><p style="margin-bottom: 0px"/><p style="margin-bottom: 0px">Profile: <a href="StructureDefinition-LTCCareTeam.html">長期照顧－照顧團隊</a></p></div><p><b>status</b>: Active</p><p><b>name</b>: 陳明慧照顧團隊</p><p><b>subject</b>: <a href="Patient-ltc-patient-chen-ming-hui.html">陳明慧 Female, DoB: 1945-03-15 ( National Person Identifier (TWN): A123456789 (use: official, ))</a></p><p><b>period</b>: 2024-01-01 --&gt; (ongoing)</p><blockquote><p><b>participant</b></p><p><b>role</b>: <span title="Codes:{http://snomed.info/sct 224535009}">Registered nurse</span></p><p><b>member</b>: <a href="PractitionerRole-ltc-practitioner-role-nurse-example.html">PractitionerRole Registered nurse</a></p><p><b>period</b>: 2024-01-01 --&gt; (ongoing)</p></blockquote><blockquote><p><b>participant</b></p><p><b>role</b>: <span title="Codes:{http://snomed.info/sct 133932002}">Caregiver</span></p><p><b>member</b>: <a href="RelatedPerson-ltc-related-person-primary-caregiver-example.html">RelatedPerson 陳志強</a></p><p><b>period</b>: 2024-01-01 --&gt; (ongoing)</p></blockquote><p><b>managingOrganization</b>: <a href="Organization-ltc-organization-example.html">Organization 新北市私立安康老人長期照顧中心（養護型）</a></p></div>
  </text>
  <status value="active"/>
  <name value="陳明慧照顧團隊"/>
  <subject>
    <reference value="Patient/ltc-patient-chen-ming-hui"/>
  </subject>
  <period>
    <start value="2024-01-01"/>
  </period>
  <participant>
    <role>
      <coding>
        <system value="http://snomed.info/sct"/>
        <code value="224535009"/>
        <display value="Registered nurse"/>
      </coding>
    </role>
    <member>
      <reference value="PractitionerRole/ltc-practitioner-role-nurse-example"/>
    </member>
    <period>
      <start value="2024-01-01"/>
    </period>
  </participant>
  <participant>
    <role>
      <coding>
        <system value="http://snomed.info/sct"/>
        <code value="133932002"/>
        <display value="Caregiver"/>
      </coding>
    </role>
    <member>
      <reference value="RelatedPerson/ltc-related-person-primary-caregiver-example"/>
    </member>
    <period>
      <start value="2024-01-01"/>
    </period>
  </participant>
  <managingOrganization>
    <reference value="Organization/ltc-organization-example"/>
  </managingOrganization>
</CareTeam>