<?xml version="1.0" encoding="UTF-8"?>

<CarePlan xmlns="http://hl7.org/fhir">
  <id value="pasport-careplan-walking-exercise-example"/>
  <meta>
    <profile value="http://ltc-ig.fhir.tw/StructureDefinition/PASportCarePlan"/>
  </meta>
  <text>
    <status value="generated"/><div xmlns="http://www.w3.org/1999/xhtml"><p class="res-header-id"><b>Generated Narrative: CarePlan pasport-careplan-walking-exercise-example</b></p><a name="pasport-careplan-walking-exercise-example"> </a><a name="hcpasport-careplan-walking-exercise-example"> </a><div style="display: inline-block; background-color: #d9e0e7; padding: 6px; margin: 4px; border: 1px solid #8da1b4; border-radius: 5px; line-height: 60%"><p style="margin-bottom: 0px"/><p style="margin-bottom: 0px">Profile: <a href="StructureDefinition-PASportCarePlan.html">運動處方－運動計畫</a></p></div><p><b>status</b>: Active</p><p><b>intent</b>: Plan</p><p><b>category</b>: <span title="Codes:{http://ltc-ig.fhir.tw/CodeSystem/TempCodeCS-Sport PhysicalActivity}">Physical Activity</span></p><p><b>description</b>: 依照運動處方設計步行運動計畫，每日步行30分鐘，目標達到每日8000步</p><p><b>subject</b>: <a href="Patient-ltc-patient-chen-ming-hui.html">陳明慧 Female, DoB: 1945-03-15 ( National Person Identifier (TWN): A123456789 (use: official, ))</a></p><p><b>period</b>: 2024-01-15 --&gt; 2024-04-15</p><p><b>author</b>: <a href="PractitionerRole-ltc-practitioner-role-nurse-example.html">PractitionerRole Registered nurse</a></p><p><b>goal</b>: <a href="Goal-pasport-goal-walking-steps-example.html">Goal: identifier = http://ltc-ig.fhir.tw/goal-id#goal-walking-2024-001; lifecycleStatus = active; category = Physical Activity; description = ; start[x] = 2024-01-15; statusDate = 2024-01-15; note = 考慮患者目前體能狀況，設定循序漸進的步數目標，最終達到每日8000步</a></p><blockquote><p><b>activity</b></p><p><b>progress</b>: @2024-01-15 09:00:00+0800</p><blockquote><div><p>開始執行步行運動計畫，第一週目標每日5000步</p>
</div></blockquote><h3>Details</h3><table class="grid"><tr><td style="display: none">-</td><td><b>Status</b></td><td><b>Scheduled[x]</b></td><td><b>Description</b></td></tr><tr><td style="display: none">*</td><td>In Progress</td><td>2024-01-15 --&gt; 2024-04-15</td><td>每日早晨步行30分鐘，逐步增加步數目標。第一週5000步，第二週6000步，第三週7000步，第四週達到8000步目標。</td></tr></table></blockquote><p><b>note</b>: @2024-01-15</p><blockquote><div><p>患者配合度良好，體能狀況適合進行步行運動，建議循序漸進增加運動強度</p>
</div></blockquote></div>
  </text>
  <status value="active"/>
  <intent value="plan"/>
  <category>
    <coding>
      <system value="http://ltc-ig.fhir.tw/CodeSystem/TempCodeCS-Sport"/>
      <code value="PhysicalActivity"/>
    </coding>
  </category>
  <description value="依照運動處方設計步行運動計畫，每日步行30分鐘，目標達到每日8000步"/>
  <subject>
    <reference value="Patient/ltc-patient-chen-ming-hui"/>
  </subject>
  <period>
    <start value="2024-01-15"/>
    <end value="2024-04-15"/>
  </period>
  <author>
    <reference value="PractitionerRole/ltc-practitioner-role-nurse-example"/>
  </author>
  <goal>
    <reference value="Goal/pasport-goal-walking-steps-example"/>
  </goal>
  <activity>
    <progress>
      <time value="2024-01-15T09:00:00+08:00"/>
      <text value="開始執行步行運動計畫，第一週目標每日5000步"/>
    </progress>
    <detail>
      <status value="in-progress"/>
      <scheduledPeriod>
        <start value="2024-01-15"/>
        <end value="2024-04-15"/>
      </scheduledPeriod>
      <description value="每日早晨步行30分鐘，逐步增加步數目標。第一週5000步，第二週6000步，第三週7000步，第四週達到8000步目標。"/>
    </detail>
  </activity>
  <note>
    <time value="2024-01-15"/>
    <text value="患者配合度良好，體能狀況適合進行步行運動，建議循序漸進增加運動強度"/>
  </note>
</CarePlan>