<?xml version="1.0" encoding="UTF-8"?>

<CodeSystem xmlns="http://hl7.org/fhir">
  <id value="ConditionDisabilityTypeCS-TWLTC"/>
  <text>
    <status value="generated"/><div xmlns="http://www.w3.org/1999/xhtml"><p class="res-header-id"><b>Generated Narrative: CodeSystem ConditionDisabilityTypeCS-TWLTC</b></p><a name="ConditionDisabilityTypeCS-TWLTC"> </a><a name="hcConditionDisabilityTypeCS-TWLTC"> </a><a name="ConditionDisabilityTypeCS-TWLTC-en-US"> </a><p>This case-sensitive code system <code>http://ltc-ig.fhir.tw/CodeSystem/ConditionDisabilityTypeCS-TWLTC</code> defines the following codes:</p><table class="codes"><tr><td style="white-space:nowrap"><b>Code</b></td><td><b>Display</b></td><td><b>Definition</b></td></tr><tr><td style="white-space:nowrap">01<a name="ConditionDisabilityTypeCS-TWLTC-01"> </a></td><td>第一類</td><td>神經系統構造及精神、心智功能</td></tr><tr><td style="white-space:nowrap">02<a name="ConditionDisabilityTypeCS-TWLTC-02"> </a></td><td>第二類</td><td>眼、耳及相關構造與感官功能及疼痛</td></tr><tr><td style="white-space:nowrap">03<a name="ConditionDisabilityTypeCS-TWLTC-03"> </a></td><td>第三類</td><td>涉及聲音與言語構造及其功能</td></tr><tr><td style="white-space:nowrap">04<a name="ConditionDisabilityTypeCS-TWLTC-04"> </a></td><td>第四類</td><td>循環、造血、免疫與呼吸系統構造及其功能</td></tr><tr><td style="white-space:nowrap">05<a name="ConditionDisabilityTypeCS-TWLTC-05"> </a></td><td>第五類</td><td>消化、新陳代謝與內分泌系統相關構造及其功能</td></tr><tr><td style="white-space:nowrap">06<a name="ConditionDisabilityTypeCS-TWLTC-06"> </a></td><td>第六類</td><td>泌尿與生殖系統相關構造及其功能</td></tr><tr><td style="white-space:nowrap">07<a name="ConditionDisabilityTypeCS-TWLTC-07"> </a></td><td>第七類</td><td>神經、肌肉、骨骼之移動相關構造及其功能</td></tr><tr><td style="white-space:nowrap">08<a name="ConditionDisabilityTypeCS-TWLTC-08"> </a></td><td>第八類</td><td>皮膚與相關構造及其功能</td></tr><tr><td style="white-space:nowrap">09<a name="ConditionDisabilityTypeCS-TWLTC-09"> </a></td><td>第九類</td><td>罕見疾病</td></tr><tr><td style="white-space:nowrap">10<a name="ConditionDisabilityTypeCS-TWLTC-10"> </a></td><td>第十類</td><td>其他類</td></tr><tr><td style="white-space:nowrap">11<a name="ConditionDisabilityTypeCS-TWLTC-11"> </a></td><td>第十一類</td><td>發展遲緩類</td></tr></table></div>
  </text>
  <url value="http://ltc-ig.fhir.tw/CodeSystem/ConditionDisabilityTypeCS-TWLTC"/>
  <version value="0.1.1"/>
  <name value="ConditionDisabilityTypeCSTWLTC"/>
  <title value="個案身心障礙類型代碼（新制）"/>
  <status value="active"/>
  <experimental value="false"/>
  <date value="2024-09-02"/>
  <publisher value="MI-TW"/>
  <contact>
    <name value="MI-TW"/>
    <telecom>
      <system value="url"/>
      <value value="https://mitw.dicom.org.tw/"/>
    </telecom>
  </contact>
  <description value="用於表述個案的身心障礙類型代碼（新制）。"/>
  <caseSensitive value="true"/>
  <content value="complete"/>
  <count value="11"/>
  <concept>
    <code value="01"/>
    <display value="第一類"/>
    <definition value="神經系統構造及精神、心智功能"/>
  </concept>
  <concept>
    <code value="02"/>
    <display value="第二類"/>
    <definition value="眼、耳及相關構造與感官功能及疼痛"/>
  </concept>
  <concept>
    <code value="03"/>
    <display value="第三類"/>
    <definition value="涉及聲音與言語構造及其功能"/>
  </concept>
  <concept>
    <code value="04"/>
    <display value="第四類"/>
    <definition value="循環、造血、免疫與呼吸系統構造及其功能"/>
  </concept>
  <concept>
    <code value="05"/>
    <display value="第五類"/>
    <definition value="消化、新陳代謝與內分泌系統相關構造及其功能"/>
  </concept>
  <concept>
    <code value="06"/>
    <display value="第六類"/>
    <definition value="泌尿與生殖系統相關構造及其功能"/>
  </concept>
  <concept>
    <code value="07"/>
    <display value="第七類"/>
    <definition value="神經、肌肉、骨骼之移動相關構造及其功能"/>
  </concept>
  <concept>
    <code value="08"/>
    <display value="第八類"/>
    <definition value="皮膚與相關構造及其功能"/>
  </concept>
  <concept>
    <code value="09"/>
    <display value="第九類"/>
    <definition value="罕見疾病"/>
  </concept>
  <concept>
    <code value="10"/>
    <display value="第十類"/>
    <definition value="其他類"/>
  </concept>
  <concept>
    <code value="11"/>
    <display value="第十一類"/>
    <definition value="發展遲緩類"/>
  </concept>
</CodeSystem>