<?xml version="1.0" encoding="UTF-8"?>

<CodeSystem xmlns="http://hl7.org/fhir">
  <id value="ConditionDisabilityLegacyTypeCS-TWLTC"/>
  <text>
    <status value="generated"/><div xmlns="http://www.w3.org/1999/xhtml"><p class="res-header-id"><b>Generated Narrative: CodeSystem ConditionDisabilityLegacyTypeCS-TWLTC</b></p><a name="ConditionDisabilityLegacyTypeCS-TWLTC"> </a><a name="hcConditionDisabilityLegacyTypeCS-TWLTC"> </a><a name="ConditionDisabilityLegacyTypeCS-TWLTC-en-US"> </a><p>This case-sensitive code system <code>http://ltc-ig.fhir.tw/CodeSystem/ConditionDisabilityLegacyTypeCS-TWLTC</code> defines the following codes:</p><table class="codes"><tr><td style="white-space:nowrap"><b>Code</b></td><td><b>Display</b></td><td><b>Definition</b></td></tr><tr><td style="white-space:nowrap">01<a name="ConditionDisabilityLegacyTypeCS-TWLTC-01"> </a></td><td>視覺障礙</td><td>視覺障礙</td></tr><tr><td style="white-space:nowrap">02<a name="ConditionDisabilityLegacyTypeCS-TWLTC-02"> </a></td><td>聽覺機能障礙</td><td>聽覺機能障礙</td></tr><tr><td style="white-space:nowrap">03<a name="ConditionDisabilityLegacyTypeCS-TWLTC-03"> </a></td><td>平衡機能障礙</td><td>平衡機能障礙</td></tr><tr><td style="white-space:nowrap">04<a name="ConditionDisabilityLegacyTypeCS-TWLTC-04"> </a></td><td>聲音機能或語言機能障礙</td><td>聲音機能或語言機能障礙</td></tr><tr><td style="white-space:nowrap">05<a name="ConditionDisabilityLegacyTypeCS-TWLTC-05"> </a></td><td>肢體障礙</td><td>肢體障礙</td></tr><tr><td style="white-space:nowrap">06<a name="ConditionDisabilityLegacyTypeCS-TWLTC-06"> </a></td><td>智能障礙</td><td>智能障礙</td></tr><tr><td style="white-space:nowrap">07<a name="ConditionDisabilityLegacyTypeCS-TWLTC-07"> </a></td><td>重要器官失去功能</td><td>重要器官失去功能</td></tr><tr><td style="white-space:nowrap">08<a name="ConditionDisabilityLegacyTypeCS-TWLTC-08"> </a></td><td>顏面損傷</td><td>顏面損傷</td></tr><tr><td style="white-space:nowrap">09<a name="ConditionDisabilityLegacyTypeCS-TWLTC-09"> </a></td><td>植物人</td><td>植物人</td></tr><tr><td style="white-space:nowrap">10<a name="ConditionDisabilityLegacyTypeCS-TWLTC-10"> </a></td><td>失智症</td><td>失智症</td></tr><tr><td style="white-space:nowrap">11<a name="ConditionDisabilityLegacyTypeCS-TWLTC-11"> </a></td><td>自閉症</td><td>自閉症</td></tr><tr><td style="white-space:nowrap">12<a name="ConditionDisabilityLegacyTypeCS-TWLTC-12"> </a></td><td>慢性精神病</td><td>慢性精神病</td></tr><tr><td style="white-space:nowrap">13<a name="ConditionDisabilityLegacyTypeCS-TWLTC-13"> </a></td><td>多重障礙</td><td>多重障礙（請再勾選各項障礙類別）</td></tr><tr><td style="white-space:nowrap">14<a name="ConditionDisabilityLegacyTypeCS-TWLTC-14"> </a></td><td>頑型（難治型）癲癇症</td><td>頑型（難治型）癲癇症</td></tr><tr><td style="white-space:nowrap">15<a name="ConditionDisabilityLegacyTypeCS-TWLTC-15"> </a></td><td>因罕見疾病而致身心功能障礙者</td><td>經中央衛生主管機關認定，因罕見疾病而致身心功能障礙者</td></tr><tr><td style="white-space:nowrap">16<a name="ConditionDisabilityLegacyTypeCS-TWLTC-16"> </a></td><td>其他</td><td>其他經中央衛生主管機關認定之障礙者（染色體異常、先天代謝異常、先天缺陷）</td></tr></table></div>
  </text>
  <url value="http://ltc-ig.fhir.tw/CodeSystem/ConditionDisabilityLegacyTypeCS-TWLTC"/>
  <version value="0.1.1"/>
  <name value="ConditionDisabilityLegacyTypeCSTWLTC"/>
  <title value="個案身心障礙類型代碼（舊制）"/>
  <status value="active"/>
  <experimental value="false"/>
  <date value="2024-09-02"/>
  <publisher value="MI-TW"/>
  <contact>
    <name value="MI-TW"/>
    <telecom>
      <system value="url"/>
      <value value="https://mitw.dicom.org.tw/"/>
    </telecom>
  </contact>
  <description value="用於表述個案的身心障礙類型代碼（舊制）。"/>
  <caseSensitive value="true"/>
  <content value="complete"/>
  <count value="16"/>
  <concept>
    <code value="01"/>
    <display value="視覺障礙"/>
    <definition value="視覺障礙"/>
  </concept>
  <concept>
    <code value="02"/>
    <display value="聽覺機能障礙"/>
    <definition value="聽覺機能障礙"/>
  </concept>
  <concept>
    <code value="03"/>
    <display value="平衡機能障礙"/>
    <definition value="平衡機能障礙"/>
  </concept>
  <concept>
    <code value="04"/>
    <display value="聲音機能或語言機能障礙"/>
    <definition value="聲音機能或語言機能障礙"/>
  </concept>
  <concept>
    <code value="05"/>
    <display value="肢體障礙"/>
    <definition value="肢體障礙"/>
  </concept>
  <concept>
    <code value="06"/>
    <display value="智能障礙"/>
    <definition value="智能障礙"/>
  </concept>
  <concept>
    <code value="07"/>
    <display value="重要器官失去功能"/>
    <definition value="重要器官失去功能"/>
  </concept>
  <concept>
    <code value="08"/>
    <display value="顏面損傷"/>
    <definition value="顏面損傷"/>
  </concept>
  <concept>
    <code value="09"/>
    <display value="植物人"/>
    <definition value="植物人"/>
  </concept>
  <concept>
    <code value="10"/>
    <display value="失智症"/>
    <definition value="失智症"/>
  </concept>
  <concept>
    <code value="11"/>
    <display value="自閉症"/>
    <definition value="自閉症"/>
  </concept>
  <concept>
    <code value="12"/>
    <display value="慢性精神病"/>
    <definition value="慢性精神病"/>
  </concept>
  <concept>
    <code value="13"/>
    <display value="多重障礙"/>
    <definition value="多重障礙（請再勾選各項障礙類別）"/>
  </concept>
  <concept>
    <code value="14"/>
    <display value="頑型（難治型）癲癇症"/>
    <definition value="頑型（難治型）癲癇症"/>
  </concept>
  <concept>
    <code value="15"/>
    <display value="因罕見疾病而致身心功能障礙者"/>
    <definition value="經中央衛生主管機關認定，因罕見疾病而致身心功能障礙者"/>
  </concept>
  <concept>
    <code value="16"/>
    <display value="其他"/>
    <definition value="其他經中央衛生主管機關認定之障礙者（染色體異常、先天代謝異常、先天缺陷）"/>
  </concept>
</CodeSystem>