<?xml version="1.0" encoding="UTF-8"?>

<CodeSystem xmlns="http://hl7.org/fhir">
  <id value="ConditionDisabilityCS-TWLTC"/>
  <text>
    <status value="generated"/><div xmlns="http://www.w3.org/1999/xhtml"><p class="res-header-id"><b>Generated Narrative: CodeSystem ConditionDisabilityCS-TWLTC</b></p><a name="ConditionDisabilityCS-TWLTC"> </a><a name="hcConditionDisabilityCS-TWLTC"> </a><a name="ConditionDisabilityCS-TWLTC-en-US"> </a><p>This case-sensitive code system <code>http://ltc-ig.fhir.tw/CodeSystem/ConditionDisabilityCS-TWLTC</code> defines the following codes:</p><table class="codes"><tr><td style="white-space:nowrap"><b>Code</b></td><td><b>Display</b></td><td><b>Definition</b></td></tr><tr><td style="white-space:nowrap">no-disability-handbook<a name="ConditionDisabilityCS-TWLTC-no-disability-handbook"> </a></td><td>無身心障礙手冊</td><td>個案無身心障礙手冊。</td></tr><tr><td style="white-space:nowrap">disability-handbook<a name="ConditionDisabilityCS-TWLTC-disability-handbook"> </a></td><td>有身心障礙手冊</td><td>個案有身心障礙手冊，新舊制不分或未知。</td></tr><tr><td style="white-space:nowrap">disability-handbook-new<a name="ConditionDisabilityCS-TWLTC-disability-handbook-new"> </a></td><td>有身心障礙手冊－新制</td><td>個案有身心障礙手冊，為新制。</td></tr><tr><td style="white-space:nowrap">disability-handbook-legacy<a name="ConditionDisabilityCS-TWLTC-disability-handbook-legacy"> </a></td><td>有身心障礙手冊－舊制</td><td>個案有身心障礙手冊，為舊制。</td></tr></table></div>
  </text>
  <url value="http://ltc-ig.fhir.tw/CodeSystem/ConditionDisabilityCS-TWLTC"/>
  <version value="0.1.1"/>
  <name value="ConditionDisabilityCSTWLTC"/>
  <title value="個案身心障礙手冊持有狀態代碼"/>
  <status value="active"/>
  <experimental value="false"/>
  <date value="2024-08-25"/>
  <publisher value="MI-TW"/>
  <contact>
    <name value="MI-TW"/>
    <telecom>
      <system value="url"/>
      <value value="https://mitw.dicom.org.tw/"/>
    </telecom>
  </contact>
  <description value="用於表述個案的身心障礙手冊持有狀態代碼。"/>
  <caseSensitive value="true"/>
  <content value="complete"/>
  <count value="4"/>
  <concept>
    <code value="no-disability-handbook"/>
    <display value="無身心障礙手冊"/>
    <definition value="個案無身心障礙手冊。"/>
  </concept>
  <concept>
    <code value="disability-handbook"/>
    <display value="有身心障礙手冊"/>
    <definition value="個案有身心障礙手冊，新舊制不分或未知。"/>
  </concept>
  <concept>
    <code value="disability-handbook-new"/>
    <display value="有身心障礙手冊－新制"/>
    <definition value="個案有身心障礙手冊，為新制。"/>
  </concept>
  <concept>
    <code value="disability-handbook-legacy"/>
    <display value="有身心障礙手冊－舊制"/>
    <definition value="個案有身心障礙手冊，為舊制。"/>
  </concept>
</CodeSystem>