<?xml version="1.0" encoding="UTF-8"?>

<CodeSystem xmlns="http://hl7.org/fhir">
  <id value="TempCodeCS-Sport"/>
  <text>
    <status value="generated"/><div xmlns="http://www.w3.org/1999/xhtml"><p class="res-header-id"><b>Generated Narrative: CodeSystem TempCodeCS-Sport</b></p><a name="TempCodeCS-Sport"> </a><a name="hcTempCodeCS-Sport"> </a><a name="TempCodeCS-Sport-en-US"> </a><p>This case-sensitive code system <code>http://ltc-ig.fhir.tw/CodeSystem/TempCodeCS-Sport</code> defines the following codes:</p><table class="codes"><tr><td style="white-space:nowrap"><b>Code</b></td><td><b>Display</b></td><td><b>Definition</b></td></tr><tr><td style="white-space:nowrap">PhysicalActivity<a name="TempCodeCS-Sport-PhysicalActivity"> </a></td><td>Physical Activity</td><td>Physical Activity</td></tr><tr><td style="white-space:nowrap">BCA<a name="TempCodeCS-Sport-BCA"> </a></td><td>Body Composition Analysis</td><td>Body Composition Analysis</td></tr><tr><td style="white-space:nowrap">Protein<a name="TempCodeCS-Sport-Protein"> </a></td><td>蛋白質重</td><td>蛋白質重</td></tr><tr><td style="white-space:nowrap">FFMI<a name="TempCodeCS-Sport-FFMI"> </a></td><td>無脂肪質量指數</td><td>無脂肪質量指數</td></tr><tr><td style="white-space:nowrap">VFI<a name="TempCodeCS-Sport-VFI"> </a></td><td>內臟脂肪指數</td><td>內臟脂肪指數</td></tr><tr><td style="white-space:nowrap">Mineral<a name="TempCodeCS-Sport-Mineral"> </a></td><td>礦物質重</td><td>礦物質重</td></tr><tr><td style="white-space:nowrap">BodyAge<a name="TempCodeCS-Sport-BodyAge"> </a></td><td>體內年齡</td><td>體內年齡</td></tr><tr><td style="white-space:nowrap">WHR<a name="TempCodeCS-Sport-WHR"> </a></td><td>腰臀圍比</td><td>腰臀圍比</td></tr><tr><td style="white-space:nowrap">ObesityDegree<a name="TempCodeCS-Sport-ObesityDegree"> </a></td><td>肥胖度</td><td>肥胖度</td></tr><tr><td style="white-space:nowrap">DLM<a name="TempCodeCS-Sport-DLM"> </a></td><td>除脂乾物重</td><td>除脂乾物重</td></tr><tr><td style="white-space:nowrap">ICW<a name="TempCodeCS-Sport-ICW"> </a></td><td>細胞內水分</td><td>細胞內水分</td></tr><tr><td style="white-space:nowrap">ECW<a name="TempCodeCS-Sport-ECW"> </a></td><td>細胞外水分</td><td>細胞外水分</td></tr><tr><td style="white-space:nowrap">SMM<a name="TempCodeCS-Sport-SMM"> </a></td><td>骨骼肌重</td><td>骨骼肌重</td></tr><tr><td style="white-space:nowrap">SMI<a name="TempCodeCS-Sport-SMI"> </a></td><td>肌肉質量指數</td><td>肌肉質量指數</td></tr><tr><td style="white-space:nowrap">BodyCellMass<a name="TempCodeCS-Sport-BodyCellMass"> </a></td><td>細胞量</td><td>細胞量</td></tr><tr><td style="white-space:nowrap">SLM<a name="TempCodeCS-Sport-SLM"> </a></td><td>肌肉量</td><td>肌肉量</td></tr><tr><td style="white-space:nowrap">ECWRatio<a name="TempCodeCS-Sport-ECWRatio"> </a></td><td>水腫指數</td><td>水腫指數</td></tr></table></div>
  </text>
  <url value="http://ltc-ig.fhir.tw/CodeSystem/TempCodeCS-Sport"/>
  <version value="0.2.0"/>
  <name value="TempCodeCSSport"/>
  <title value="身體活動量測-暫用代碼"/>
  <status value="active"/>
  <experimental value="false"/>
  <date value="2024-05-14"/>
  <publisher value="MI-TW"/>
  <contact>
    <name value="MI-TW"/>
    <telecom>
      <system value="url"/>
      <value value="https://mitw.dicom.org.tw/"/>
    </telecom>
  </contact>
  <description value="身體活動量測暫時使用的代碼，目前無官方代碼。本 CodeSystem 繼承自身體活動量測 IG，後續將配合官方代碼更新。"/>
  <caseSensitive value="true"/>
  <content value="complete"/>
  <count value="17"/>
  <concept>
    <code value="PhysicalActivity"/>
    <display value="Physical Activity"/>
    <definition value="Physical Activity"/>
  </concept>
  <concept>
    <code value="BCA"/>
    <display value="Body Composition Analysis"/>
    <definition value="Body Composition Analysis"/>
  </concept>
  <concept>
    <code value="Protein"/>
    <display value="蛋白質重"/>
    <definition value="蛋白質重"/>
  </concept>
  <concept>
    <code value="FFMI"/>
    <display value="無脂肪質量指數"/>
    <definition value="無脂肪質量指數"/>
  </concept>
  <concept>
    <code value="VFI"/>
    <display value="內臟脂肪指數"/>
    <definition value="內臟脂肪指數"/>
  </concept>
  <concept>
    <code value="Mineral"/>
    <display value="礦物質重"/>
    <definition value="礦物質重"/>
  </concept>
  <concept>
    <code value="BodyAge"/>
    <display value="體內年齡"/>
    <definition value="體內年齡"/>
  </concept>
  <concept>
    <code value="WHR"/>
    <display value="腰臀圍比"/>
    <definition value="腰臀圍比"/>
  </concept>
  <concept>
    <code value="ObesityDegree"/>
    <display value="肥胖度"/>
    <definition value="肥胖度"/>
  </concept>
  <concept>
    <code value="DLM"/>
    <display value="除脂乾物重"/>
    <definition value="除脂乾物重"/>
  </concept>
  <concept>
    <code value="ICW"/>
    <display value="細胞內水分"/>
    <definition value="細胞內水分"/>
  </concept>
  <concept>
    <code value="ECW"/>
    <display value="細胞外水分"/>
    <definition value="細胞外水分"/>
  </concept>
  <concept>
    <code value="SMM"/>
    <display value="骨骼肌重"/>
    <definition value="骨骼肌重"/>
  </concept>
  <concept>
    <code value="SMI"/>
    <display value="肌肉質量指數"/>
    <definition value="肌肉質量指數"/>
  </concept>
  <concept>
    <code value="BodyCellMass"/>
    <display value="細胞量"/>
    <definition value="細胞量"/>
  </concept>
  <concept>
    <code value="SLM"/>
    <display value="肌肉量"/>
    <definition value="肌肉量"/>
  </concept>
  <concept>
    <code value="ECWRatio"/>
    <display value="水腫指數"/>
    <definition value="水腫指數"/>
  </concept>
</CodeSystem>