<?xml version="1.0" encoding="UTF-8"?>

<CodeSystem xmlns="http://hl7.org/fhir">
  <id value="PatientIdentityCS-TWLTC"/>
  <text>
    <status value="generated"/><div xmlns="http://www.w3.org/1999/xhtml"><p class="res-header-id"><b>Generated Narrative: CodeSystem PatientIdentityCS-TWLTC</b></p><a name="PatientIdentityCS-TWLTC"> </a><a name="hcPatientIdentityCS-TWLTC"> </a><a name="PatientIdentityCS-TWLTC-en-US"> </a><p>This case-sensitive code system <code>http://ltc-ig.fhir.tw/CodeSystem/PatientIdentityCS-TWLTC</code> defines the following codes:</p><table class="codes"><tr><td style="white-space:nowrap"><b>Code</b></td><td><b>Display</b></td><td><b>Definition</b></td></tr><tr><td style="white-space:nowrap">1<a name="PatientIdentityCS-TWLTC-1"> </a></td><td>一般戶</td><td>一般戶</td></tr><tr><td style="white-space:nowrap">2a-1<a name="PatientIdentityCS-TWLTC-2a-1"> </a></td><td>社會救助法低收入戶</td><td>社會救助法低收入戶（未達 1 倍）</td></tr><tr><td style="white-space:nowrap">2a-2<a name="PatientIdentityCS-TWLTC-2a-2"> </a></td><td>長照低收</td><td>長照低收（1-1.5 倍）</td></tr><tr><td style="white-space:nowrap">3<a name="PatientIdentityCS-TWLTC-3"> </a></td><td>長照中低收</td><td>長照中低收（1.5-2.5 倍）</td></tr><tr><td style="white-space:nowrap">4<a name="PatientIdentityCS-TWLTC-4"> </a></td><td>榮民</td><td>榮民</td></tr><tr><td style="white-space:nowrap">5<a name="PatientIdentityCS-TWLTC-5"> </a></td><td>原住民</td><td>原住民</td></tr><tr><td style="white-space:nowrap">6<a name="PatientIdentityCS-TWLTC-6"> </a></td><td>身心障礙</td><td>領有身心障礙證明（手冊）</td></tr></table></div>
  </text>
  <url value="http://ltc-ig.fhir.tw/CodeSystem/PatientIdentityCS-TWLTC"/>
  <version value="0.1.1"/>
  <name value="PatientIdentityCSTWLTC"/>
  <title value="個案身分別代碼"/>
  <status value="active"/>
  <experimental value="false"/>
  <date value="2024-09-02"/>
  <publisher value="MI-TW"/>
  <contact>
    <name value="MI-TW"/>
    <telecom>
      <system value="url"/>
      <value value="https://mitw.dicom.org.tw/"/>
    </telecom>
  </contact>
  <description value="個案身分別代碼"/>
  <caseSensitive value="true"/>
  <content value="complete"/>
  <count value="7"/>
  <concept>
    <code value="1"/>
    <display value="一般戶"/>
    <definition value="一般戶"/>
  </concept>
  <concept>
    <code value="2a-1"/>
    <display value="社會救助法低收入戶"/>
    <definition value="社會救助法低收入戶（未達 1 倍）"/>
  </concept>
  <concept>
    <code value="2a-2"/>
    <display value="長照低收"/>
    <definition value="長照低收（1-1.5 倍）"/>
  </concept>
  <concept>
    <code value="3"/>
    <display value="長照中低收"/>
    <definition value="長照中低收（1.5-2.5 倍）"/>
  </concept>
  <concept>
    <code value="4"/>
    <display value="榮民"/>
    <definition value="榮民"/>
  </concept>
  <concept>
    <code value="5"/>
    <display value="原住民"/>
    <definition value="原住民"/>
  </concept>
  <concept>
    <code value="6"/>
    <display value="身心障礙"/>
    <definition value="領有身心障礙證明（手冊）"/>
  </concept>
</CodeSystem>