<?xml version="1.0" encoding="UTF-8"?>

<CodeSystem xmlns="http://hl7.org/fhir">
  <id value="EconomyStatusCS-TWLTC"/>
  <text>
    <status value="generated"/><div xmlns="http://www.w3.org/1999/xhtml"><p class="res-header-id"><b>Generated Narrative: CodeSystem EconomyStatusCS-TWLTC</b></p><a name="EconomyStatusCS-TWLTC"> </a><a name="hcEconomyStatusCS-TWLTC"> </a><a name="EconomyStatusCS-TWLTC-en-US"> </a><p>This case-sensitive code system <code>http://ltc-ig.fhir.tw/CodeSystem/EconomyStatusCS-TWLTC</code> defines the following codes:</p><table class="codes"><tr><td style="white-space:nowrap"><b>Code</b></td><td><b>Display</b></td><td><b>Definition</b></td></tr><tr><td style="white-space:nowrap">poor<a name="EconomyStatusCS-TWLTC-poor"> </a></td><td>貧寒</td><td>個案經濟狀況為貧寒。</td></tr><tr><td style="white-space:nowrap">barely-maintain<a name="EconomyStatusCS-TWLTC-barely-maintain"> </a></td><td>勉持</td><td>個案經濟狀況為勉持。</td></tr><tr><td style="white-space:nowrap">well-off<a name="EconomyStatusCS-TWLTC-well-off"> </a></td><td>小康</td><td>個案經濟狀況為小康。</td></tr><tr><td style="white-space:nowrap">middle-class<a name="EconomyStatusCS-TWLTC-middle-class"> </a></td><td>中產</td><td>個案經濟狀況為中產。</td></tr><tr><td style="white-space:nowrap">wealthy<a name="EconomyStatusCS-TWLTC-wealthy"> </a></td><td>富裕</td><td>個案經濟狀況為富裕。</td></tr></table></div>
  </text>
  <url value="http://ltc-ig.fhir.tw/CodeSystem/EconomyStatusCS-TWLTC"/>
  <version value="0.1.1"/>
  <name value="EconomyStatusCSTWLTC"/>
  <title value="經濟狀況代碼"/>
  <status value="active"/>
  <experimental value="false"/>
  <date value="2024-08-25"/>
  <publisher value="MI-TW"/>
  <contact>
    <name value="MI-TW"/>
    <telecom>
      <system value="url"/>
      <value value="https://mitw.dicom.org.tw/"/>
    </telecom>
  </contact>
  <description value="用於表述個案的經濟狀況，在長照機構住民經濟狀況 Extension 中使用。&#xA;此代碼比照警政署偵查筆錄制式格式之選項進行設計。"/>
  <caseSensitive value="true"/>
  <content value="complete"/>
  <count value="5"/>
  <concept>
    <code value="poor"/>
    <display value="貧寒"/>
    <definition value="個案經濟狀況為貧寒。"/>
  </concept>
  <concept>
    <code value="barely-maintain"/>
    <display value="勉持"/>
    <definition value="個案經濟狀況為勉持。"/>
  </concept>
  <concept>
    <code value="well-off"/>
    <display value="小康"/>
    <definition value="個案經濟狀況為小康。"/>
  </concept>
  <concept>
    <code value="middle-class"/>
    <display value="中產"/>
    <definition value="個案經濟狀況為中產。"/>
  </concept>
  <concept>
    <code value="wealthy"/>
    <display value="富裕"/>
    <definition value="個案經濟狀況為富裕。"/>
  </concept>
</CodeSystem>