<?xml version="1.0" encoding="UTF-8"?>

<CodeSystem xmlns="http://hl7.org/fhir">
  <id value="GaitCycleCS-Sport"/>
  <text>
    <status value="generated"/><div xmlns="http://www.w3.org/1999/xhtml"><p class="res-header-id"><b>Generated Narrative: CodeSystem GaitCycleCS-Sport</b></p><a name="GaitCycleCS-Sport"> </a><a name="hcGaitCycleCS-Sport"> </a><a name="GaitCycleCS-Sport-en-US"> </a><p><b>Properties</b></p><p><b>This code system defines the following properties for its concepts</b></p><table class="grid"><tr><td><b>Name</b></td><td><b>Code</b></td><td><b>URI</b></td><td><b>Type</b></td><td><b>Description</b></td></tr><tr><td>updateDate</td><td>updateDate</td><td>http://ltc-ig.fhir.tw/fhir/StructureDefinition/updateDate</td><td>string</td><td>異動日期</td></tr><tr><td>event</td><td>event</td><td>http://ltc-ig.fhir.tw/fhir/StructureDefinition/event</td><td>string</td><td>異動方式</td></tr></table><p><b>Concepts</b></p><p>This case-sensitive code system <code>http://ltc-ig.fhir.tw/CodeSystem/GaitCycleCS-Sport</code> defines the following codes:</p><table class="codes"><tr><td style="white-space:nowrap"><b>Code</b></td><td><b>Display</b></td></tr><tr><td style="white-space:nowrap">1<a name="GaitCycleCS-Sport-1"> </a></td><td>支撐期(stance phase)</td></tr><tr><td style="white-space:nowrap">2<a name="GaitCycleCS-Sport-2"> </a></td><td>擺動期(swing phase)</td></tr></table></div>
  </text>
  <url value="http://ltc-ig.fhir.tw/CodeSystem/GaitCycleCS-Sport"/>
  <version value="0.2.0"/>
  <name value="GaitCycleCSSport"/>
  <title value="身體活動量測-步態週期"/>
  <status value="active"/>
  <experimental value="false"/>
  <date value="2024-06-04"/>
  <publisher value="MI-TW"/>
  <contact>
    <name value="MI-TW"/>
    <telecom>
      <system value="url"/>
      <value value="https://mitw.dicom.org.tw/"/>
    </telecom>
  </contact>
  <description value="一個步伐的完整過程，從一隻腳接觸地面開始到同一隻腳再次接觸地面結束。這個過程可以分為兩個主要階段：支撐期（stance phase）和擺動期（swing phase）。本 CodeSystem 繼承自身體活動量測 IG，後續將配合原始 IG 進行更新。"/>
  <caseSensitive value="true"/>
  <content value="complete"/>
  <count value="2"/>
  <property>
    <code value="updateDate"/>
    <uri value="http://ltc-ig.fhir.tw/fhir/StructureDefinition/updateDate"/>
    <description value="異動日期"/>
    <type value="string"/>
  </property>
  <property>
    <code value="event"/>
    <uri value="http://ltc-ig.fhir.tw/fhir/StructureDefinition/event"/>
    <description value="異動方式"/>
    <type value="string"/>
  </property>
  <concept>
    <code value="1"/>
    <display value="支撐期(stance phase)"/>
    <property>
      <code value="updateDate"/>
      <valueString value="2024-06"/>
    </property>
    <property>
      <code value="event"/>
      <valueString value="新增"/>
    </property>
  </concept>
  <concept>
    <code value="2"/>
    <display value="擺動期(swing phase)"/>
    <property>
      <code value="updateDate"/>
      <valueString value="2024-06"/>
    </property>
    <property>
      <code value="event"/>
      <valueString value="新增"/>
    </property>
  </concept>
</CodeSystem>