<?xml version="1.0" encoding="UTF-8"?>

<CodeSystem xmlns="http://hl7.org/fhir">
  <id value="ReferralConditionResidenceCS-TWLTC"/>
  <text>
    <status value="generated"/><div xmlns="http://www.w3.org/1999/xhtml"><p class="res-header-id"><b>Generated Narrative: CodeSystem ReferralConditionResidenceCS-TWLTC</b></p><a name="ReferralConditionResidenceCS-TWLTC"> </a><a name="hcReferralConditionResidenceCS-TWLTC"> </a><a name="ReferralConditionResidenceCS-TWLTC-en-US"> </a><p>This case-sensitive code system <code>http://ltc-ig.fhir.tw/CodeSystem/ReferralConditionResidenceCS-TWLTC</code> defines the following codes:</p><table class="codes"><tr><td style="white-space:nowrap"><b>Code</b></td><td><b>Display</b></td><td><b>Definition</b></td></tr><tr><td style="white-space:nowrap">not-alone<a name="ReferralConditionResidenceCS-TWLTC-not-alone"> </a></td><td>非獨居</td><td>個案非獨居。</td></tr><tr><td style="white-space:nowrap">alone-managed<a name="ReferralConditionResidenceCS-TWLTC-alone-managed"> </a></td><td>獨居 (社會局列冊管理個案)</td><td>個案獨居，且社會局列冊管理。</td></tr><tr><td style="white-space:nowrap">alone-not-managed<a name="ReferralConditionResidenceCS-TWLTC-alone-not-managed"> </a></td><td>獨居 (社會局未列冊管理個案)</td><td>個案獨居，但社會局未列冊管理。</td></tr></table></div>
  </text>
  <url value="http://ltc-ig.fhir.tw/CodeSystem/ReferralConditionResidenceCS-TWLTC"/>
  <version value="0.2.0"/>
  <name value="ReferralConditionResidenceCSTWLTC"/>
  <title value="轉介單居住狀況代碼"/>
  <status value="active"/>
  <experimental value="false"/>
  <date value="2024-08-25"/>
  <publisher value="MI-TW"/>
  <contact>
    <name value="MI-TW"/>
    <telecom>
      <system value="url"/>
      <value value="https://mitw.dicom.org.tw/"/>
    </telecom>
  </contact>
  <description value="用於表述個案的居住狀況"/>
  <caseSensitive value="true"/>
  <content value="complete"/>
  <count value="3"/>
  <concept>
    <code value="not-alone"/>
    <display value="非獨居"/>
    <definition value="個案非獨居。"/>
  </concept>
  <concept>
    <code value="alone-managed"/>
    <display value="獨居 (社會局列冊管理個案)"/>
    <definition value="個案獨居，且社會局列冊管理。"/>
  </concept>
  <concept>
    <code value="alone-not-managed"/>
    <display value="獨居 (社會局未列冊管理個案)"/>
    <definition value="個案獨居，但社會局未列冊管理。"/>
  </concept>
</CodeSystem>