<?xml version="1.0" encoding="UTF-8"?>

<CodeSystem xmlns="http://hl7.org/fhir">
  <id value="AddressUseCS-TWLTC"/>
  <text>
    <status value="generated"/><div xmlns="http://www.w3.org/1999/xhtml"><p class="res-header-id"><b>Generated Narrative: CodeSystem AddressUseCS-TWLTC</b></p><a name="AddressUseCS-TWLTC"> </a><a name="hcAddressUseCS-TWLTC"> </a><a name="AddressUseCS-TWLTC-en-US"> </a><p>This case-sensitive code system <code>http://ltc-ig.fhir.tw/CodeSystem/AddressUseCS-TWLTC</code> defines the following codes:</p><table class="codes"><tr><td style="white-space:nowrap"><b>Code</b></td><td><b>Display</b></td><td><b>Definition</b></td></tr><tr><td style="white-space:nowrap">current<a name="AddressUseCS-TWLTC-current"> </a></td><td>現居地址</td><td>該人員目前居住的地址。</td></tr><tr><td style="white-space:nowrap">residential<a name="AddressUseCS-TWLTC-residential"> </a></td><td>戶籍地址</td><td>該人員戶籍所在地址。</td></tr></table></div>
  </text>
  <url value="http://ltc-ig.fhir.tw/CodeSystem/AddressUseCS-TWLTC"/>
  <version value="0.1.1"/>
  <name value="AddressUseCSTWLTC"/>
  <title value="地址用途擴展識別碼"/>
  <status value="active"/>
  <experimental value="false"/>
  <date value="2024-08-22"/>
  <publisher value="MI-TW"/>
  <contact>
    <name value="MI-TW"/>
    <telecom>
      <system value="url"/>
      <value value="https://mitw.dicom.org.tw/"/>
    </telecom>
  </contact>
  <description value="地址用途的擴展識別碼，新增戶籍地與現居地等代碼"/>
  <caseSensitive value="true"/>
  <content value="complete"/>
  <count value="2"/>
  <concept>
    <code value="current"/>
    <display value="現居地址"/>
    <definition value="該人員目前居住的地址。"/>
  </concept>
  <concept>
    <code value="residential"/>
    <display value="戶籍地址"/>
    <definition value="該人員戶籍所在地址。"/>
  </concept>
</CodeSystem>