<?xml version="1.0" encoding="UTF-8"?>

<Composition xmlns="http://hl7.org/fhir">
  <id value="ltc-composition-referral-example"/>
  <meta>
    <profile value="http://ltc-ig.fhir.tw/StructureDefinition/LTCCompositionReferral"/>
  </meta>
  <text>
    <status value="generated"/><div xmlns="http://www.w3.org/1999/xhtml"><p class="res-header-id"><b>Generated Narrative: Composition ltc-composition-referral-example</b></p><a name="ltc-composition-referral-example"> </a><a name="hcltc-composition-referral-example"> </a><div style="display: inline-block; background-color: #d9e0e7; padding: 6px; margin: 4px; border: 1px solid #8da1b4; border-radius: 5px; line-height: 60%"><p style="margin-bottom: 0px"/><p style="margin-bottom: 0px">Profile: <a href="StructureDefinition-LTCCompositionReferral.html">長期照護管理中心個案服務初篩表/轉介單文件架構</a></p></div><p><b>status</b>: Final</p><p><b>type</b>: <span title="Codes:{http://loinc.org 11488-4}">長期照顧管理中心個案服務初篩表/轉介單</span></p><p><b>date</b>: 2024-01-20 09:00:00+0800</p><p><b>author</b>: <a href="PractitionerRole-ltc-practitioner-role-nurse-example.html">PractitionerRole Registered nurse</a></p><p><b>title</b>: 陳明慧女士長期照顧服務轉介單</p></div>
  </text>
  <status value="final"/>
  <type>
    <coding>
      <system value="http://loinc.org"/>
      <code value="11488-4"/>
      <display value="Consult note"/>
    </coding>
    <text value="長期照顧管理中心個案服務初篩表/轉介單"/>
  </type>
  <subject>
    <reference value="http://ltc-ig.fhir.tw/Patient/ltc-patient-referral-chen-ming-hui-example"/>
  </subject>
  <date value="2024-01-20T09:00:00+08:00"/>
  <author>
    <reference value="PractitionerRole/ltc-practitioner-role-nurse-example"/>
  </author>
  <title value="陳明慧女士長期照顧服務轉介單"/>
  <section>
    <title value="個案基本資料"/>
    <entry>
      <reference value="http://ltc-ig.fhir.tw/Patient/ltc-patient-referral-chen-ming-hui-example"/>
    </entry>
  </section>
  <section>
    <title value="身心障礙手冊"/>
    <entry>
      <reference value="http://ltc-ig.fhir.tw/Condition/ltc-condition-disability-referral-example"/>
    </entry>
    <entry>
      <reference value="http://ltc-ig.fhir.tw/Condition/ltc-condition-disability-type-limb-referral-example"/>
    </entry>
  </section>
  <section>
    <title value="管路"/>
    <entry>
      <reference value="http://ltc-ig.fhir.tw/Condition/ltc-condition-tube-nasogastric-example"/>
    </entry>
  </section>
  <section>
    <title value="壓傷"/>
    <entry>
      <reference value="http://ltc-ig.fhir.tw/Condition/ltc-condition-crush-stage2-example"/>
    </entry>
  </section>
  <section>
    <title value="居住狀況"/>
    <entry>
      <reference value="http://ltc-ig.fhir.tw/Condition/ltc-condition-residence-not-alone-example"/>
    </entry>
  </section>
  <section>
    <title value="看護"/>
    <entry>
      <reference value="http://ltc-ig.fhir.tw/Condition/ltc-condition-caregiver-family-referral-example"/>
    </entry>
  </section>
  <section>
    <title value="疾病狀況"/>
    <entry>
      <reference value="http://ltc-ig.fhir.tw/Condition/ltc-condition-diabetes-example"/>
    </entry>
  </section>
  <section>
    <title value="案主(家)主要問題及需求"/>
    <entry>
      <reference value="http://ltc-ig.fhir.tw/Condition/ltc-condition-need-assistance-example"/>
    </entry>
  </section>
  <section>
    <title value="欲申請服務之種類"/>
    <entry>
      <reference value="http://ltc-ig.fhir.tw/CarePlan/ltc-careplan-referral-home-service-example"/>
    </entry>
  </section>
  <section>
    <title value="ADL 失能項目評估"/>
    <entry>
      <reference value="http://ltc-ig.fhir.tw/QuestionnaireResponse/ltc-questionnaire-response-adl-referral-example"/>
    </entry>
  </section>
  <section>
    <title value="IADL 失能項目評估"/>
    <entry>
      <reference value="http://ltc-ig.fhir.tw/QuestionnaireResponse/ltc-questionnaire-response-iadl-referral-example"/>
    </entry>
  </section>
  <section>
    <title value="長者衰弱評估"/>
    <entry>
      <reference value="http://ltc-ig.fhir.tw/QuestionnaireResponse/ltc-questionnaire-response-sof-example"/>
    </entry>
  </section>
  <section>
    <title value="照顧者評估"/>
    <entry>
      <reference value="http://ltc-ig.fhir.tw/QuestionnaireResponse/ltc-questionnaire-response-caregiver-referral-example"/>
    </entry>
  </section>
  <section>
    <title value="出入院情形"/>
    <entry>
      <reference value="http://ltc-ig.fhir.tw/Encounter/ltc-encounter-example"/>
    </entry>
  </section>
  <section>
    <title value="填表者/轉介者資訊及簽名欄"/>
    <entry>
      <reference value="http://ltc-ig.fhir.tw/Practitioner/ltc-practitioner-nurse-example"/>
    </entry>
  </section>
  <section>
    <title value="填表單位資訊"/>
    <entry>
      <reference value="http://ltc-ig.fhir.tw/Organization/ltc-organization-example"/>
    </entry>
  </section>
  <section>
    <title value="關係人"/>
    <entry>
      <reference value="http://ltc-ig.fhir.tw/RelatedPerson/ltc-related-person-primary-caregiver-referral-example"/>
    </entry>
  </section>
</Composition>