<?xml version="1.0" encoding="UTF-8"?>

<Composition xmlns="http://hl7.org/fhir">
  <id value="ltc-composition-cms-example"/>
  <meta>
    <profile value="http://ltc-ig.fhir.tw/StructureDefinition/LTCCompositionCMS"/>
  </meta>
  <text>
    <status value="generated"/><div xmlns="http://www.w3.org/1999/xhtml"><p class="res-header-id"><b>Generated Narrative: Composition ltc-composition-cms-example</b></p><a name="ltc-composition-cms-example"> </a><a name="hcltc-composition-cms-example"> </a><div style="display: inline-block; background-color: #d9e0e7; padding: 6px; margin: 4px; border: 1px solid #8da1b4; border-radius: 5px; line-height: 60%"><p style="margin-bottom: 0px"/><p style="margin-bottom: 0px">Profile: <a href="StructureDefinition-LTCCompositionCMS.html">照顧管理評估量表文件架構</a></p></div><p><b>status</b>: Final</p><p><b>type</b>: <span title="Codes:{http://loinc.org 11503-0}">照顧管理評估量表</span></p><p><b>date</b>: 2024-01-15 14:30:00+0800</p><p><b>author</b>: <a href="PractitionerRole-ltc-practitioner-role-nurse-example.html">PractitionerRole Registered nurse</a></p><p><b>title</b>: 陳明慧女士照顧管理評估量表</p></div>
  </text>
  <status value="final"/>
  <type>
    <coding>
      <system value="http://loinc.org"/>
      <code value="11503-0"/>
      <display value="Medical records"/>
    </coding>
    <text value="照顧管理評估量表"/>
  </type>
  <subject>
    <reference value="http://ltc-ig.fhir.tw/Patient/ltc-patient-cms-chen-ming-hui-example"/>
  </subject>
  <date value="2024-01-15T14:30:00+08:00"/>
  <author>
    <reference value="PractitionerRole/ltc-practitioner-role-nurse-example"/>
  </author>
  <title value="陳明慧女士照顧管理評估量表"/>
  <section>
    <title value="A. 個案基本資料"/>
    <entry>
      <reference value="http://ltc-ig.fhir.tw/Patient/ltc-patient-cms-chen-ming-hui-example"/>
    </entry>
    <entry>
      <reference value="http://ltc-ig.fhir.tw/Condition/ltc-condition-disability-example"/>
    </entry>
    <entry>
      <reference value="http://ltc-ig.fhir.tw/Condition/ltc-condition-disability-type-limb-example"/>
    </entry>
  </section>
  <section>
    <title value="B. 照顧者基本資料"/>
    <entry>
      <reference value="http://ltc-ig.fhir.tw/RelatedPerson/ltc-related-person-primary-caregiver-example"/>
    </entry>
    <entry>
      <reference value="http://ltc-ig.fhir.tw/Condition/ltc-condition-disability-example"/>
    </entry>
    <entry>
      <reference value="http://ltc-ig.fhir.tw/Condition/ltc-condition-caregiver-family-example"/>
    </entry>
  </section>
  <section>
    <title value="C. 個案溝通能力"/>
    <entry>
      <reference value="http://ltc-ig.fhir.tw/QuestionnaireResponse/ltc-questionnaire-response-communication-example"/>
    </entry>
  </section>
  <section>
    <title value="D. 個案短期記憶力"/>
    <entry>
      <reference value="http://ltc-ig.fhir.tw/QuestionnaireResponse/ltc-questionnaire-response-memory-example"/>
    </entry>
  </section>
  <section>
    <title value="E. 個案日常活動功能量表 (ADLs)"/>
    <entry>
      <reference value="http://ltc-ig.fhir.tw/QuestionnaireResponse/ltc-questionnaire-response-adl-example"/>
    </entry>
  </section>
  <section>
    <title value="F. 個案工具性日常活動功能量表 (IADLs)"/>
    <entry>
      <reference value="http://ltc-ig.fhir.tw/QuestionnaireResponse/ltc-questionnaire-response-iadl-example"/>
    </entry>
  </section>
  <section>
    <title value="G. 特殊複雜照護需要"/>
    <entry>
      <reference value="http://ltc-ig.fhir.tw/QuestionnaireResponse/ltc-questionnaire-response-special-care-example"/>
    </entry>
  </section>
  <section>
    <title value="H. 居家環境與社會參與"/>
    <entry>
      <reference value="http://ltc-ig.fhir.tw/QuestionnaireResponse/ltc-questionnaire-response-society-example"/>
    </entry>
  </section>
  <section>
    <title value="I. 情緒及行為型態"/>
    <entry>
      <reference value="http://ltc-ig.fhir.tw/QuestionnaireResponse/ltc-questionnaire-response-mental-example"/>
    </entry>
  </section>
  <section>
    <title value="J. 主要照護者負荷"/>
    <entry>
      <reference value="http://ltc-ig.fhir.tw/QuestionnaireResponse/ltc-questionnaire-response-caregiver-load-example"/>
    </entry>
  </section>
  <section>
    <title value="K. 主要照護者工作與支持"/>
    <entry>
      <reference value="http://ltc-ig.fhir.tw/QuestionnaireResponse/ltc-questionnaire-response-caregiver-support-example"/>
    </entry>
  </section>
</Composition>