<?xml version="1.0" encoding="UTF-8"?>

<Condition xmlns="http://hl7.org/fhir">
  <id value="ltc-condition-caregiver-family-example"/>
  <meta>
    <profile value="http://ltc-ig.fhir.tw/StructureDefinition/LTCConditionCaregiver"/>
  </meta>
  <text>
    <status value="generated"/><div xmlns="http://www.w3.org/1999/xhtml"><p class="res-header-id"><b>Generated Narrative: Condition ltc-condition-caregiver-family-example</b></p><a name="ltc-condition-caregiver-family-example"> </a><a name="hcltc-condition-caregiver-family-example"> </a><div style="display: inline-block; background-color: #d9e0e7; padding: 6px; margin: 4px; border: 1px solid #8da1b4; border-radius: 5px; line-height: 60%"><p style="margin-bottom: 0px"/><p style="margin-bottom: 0px">Profile: <a href="StructureDefinition-LTCConditionCaregiver.html">長期照顧－看護狀況</a></p></div><p><b>clinicalStatus</b>: <span title="Codes:{http://terminology.hl7.org/CodeSystem/condition-clinical active}">Active</span></p><p><b>verificationStatus</b>: <span title="Codes:{http://terminology.hl7.org/CodeSystem/condition-ver-status confirmed}">Confirmed</span></p><p><b>category</b>: <span title="Codes:{http://terminology.hl7.org/CodeSystem/condition-category problem-list-item}">Problem List Item</span></p><p><b>code</b>: <span title="Codes:{http://ltc-ig.fhir.tw/CodeSystem/ReferralConditionCaregiverCS-TWLTC caregiver}">有看護</span></p><p><b>subject</b>: <a href="Patient-ltc-patient-chen-ming-hui.html">陳明慧 Female, DoB: 1945-03-15 ( National Person Identifier (TWN): A123456789 (use: official, ))</a></p><p><b>onset</b>: 2024-01-01</p><p><b>recorder</b>: <a href="PractitionerRole-ltc-practitioner-role-nurse-example.html">PractitionerRole Registered nurse</a></p><p><b>note</b>: @2024-01-15</p><blockquote><div><p>主要照顧者為兒子，本國籍，每日照顧時間約8小時，無外籍看護</p>
</div></blockquote></div>
  </text>
  <clinicalStatus>
    <coding>
      <system value="http://terminology.hl7.org/CodeSystem/condition-clinical"/>
      <code value="active"/>
    </coding>
  </clinicalStatus>
  <verificationStatus>
    <coding>
      <system value="http://terminology.hl7.org/CodeSystem/condition-ver-status"/>
      <code value="confirmed"/>
    </coding>
  </verificationStatus>
  <category>
    <coding>
      <system value="http://terminology.hl7.org/CodeSystem/condition-category"/>
      <code value="problem-list-item"/>
      <display value="Problem List Item"/>
    </coding>
  </category>
  <code>
    <coding>
      <system value="http://ltc-ig.fhir.tw/CodeSystem/ReferralConditionCaregiverCS-TWLTC"/>
      <code value="caregiver"/>
      <display value="有看護"/>
    </coding>
  </code>
  <subject>
    <reference value="Patient/ltc-patient-chen-ming-hui"/>
  </subject>
  <onsetDateTime value="2024-01-01"/>
  <recorder>
    <reference value="PractitionerRole/ltc-practitioner-role-nurse-example"/>
  </recorder>
  <note>
    <time value="2024-01-15"/>
    <text value="主要照顧者為兒子，本國籍，每日照顧時間約8小時，無外籍看護"/>
  </note>
</Condition>