<?xml version="1.0" encoding="UTF-8"?>

<Condition xmlns="http://hl7.org/fhir">
  <id value="pasport-condition-exercise-history-example"/>
  <meta>
    <profile value="http://ltc-ig.fhir.tw/StructureDefinition/PASportConditionExerciseHistory"/>
  </meta>
  <text>
    <status value="generated"/><div xmlns="http://www.w3.org/1999/xhtml"><p class="res-header-id"><b>Generated Narrative: Condition pasport-condition-exercise-history-example</b></p><a name="pasport-condition-exercise-history-example"> </a><a name="hcpasport-condition-exercise-history-example"> </a><div style="display: inline-block; background-color: #d9e0e7; padding: 6px; margin: 4px; border: 1px solid #8da1b4; border-radius: 5px; line-height: 60%"><p style="margin-bottom: 0px"/><p style="margin-bottom: 0px">Profile: <a href="StructureDefinition-PASportConditionExerciseHistory.html">運動處方－運動史</a></p></div><p><b>clinicalStatus</b>: <span title="Codes:{http://terminology.hl7.org/CodeSystem/condition-clinical active}">Active</span></p><p><b>verificationStatus</b>: <span title="Codes:{http://terminology.hl7.org/CodeSystem/condition-ver-status confirmed}">Confirmed</span></p><p><b>category</b>: <span title="Codes:{http://ltc-ig.fhir.tw/CodeSystem/TempCodeCS-Sport PhysicalActivity}">Physical Activity</span></p><p><b>code</b>: <span title="Codes:{http://snomed.info/sct 229070002}">患者過去有規律運動習慣，主要以散步和太極拳為主</span></p><p><b>subject</b>: <a href="Patient-ltc-patient-chen-ming-hui.html">陳明慧 Female, DoB: 1945-03-15 ( National Person Identifier (TWN): A123456789 (use: official, ))</a></p><p><b>onset</b>: 2020-01-01</p><p><b>recordedDate</b>: 2024-01-15</p><p><b>recorder</b>: <a href="PractitionerRole-ltc-practitioner-role-nurse-example.html">PractitionerRole Registered nurse</a></p><h3>Evidences</h3><table class="grid"><tr><td style="display: none">-</td><td><b>Detail</b></td></tr><tr><td style="display: none">*</td><td><a href="Observation-pasport-observation-heart-rate-example.html">Observation Heart rate</a></td></tr></table><p><b>note</b>: @2024-01-15</p><blockquote><div><p>患者報告從60歲開始每日早晨散步30分鐘，並參加社區太極拳課程已有4年。近期因關節不適減少運動頻率，希望透過專業指導恢復運動習慣。</p>
</div></blockquote></div>
  </text>
  <clinicalStatus>
    <coding>
      <system value="http://terminology.hl7.org/CodeSystem/condition-clinical"/>
      <code value="active"/>
    </coding>
  </clinicalStatus>
  <verificationStatus>
    <coding>
      <system value="http://terminology.hl7.org/CodeSystem/condition-ver-status"/>
      <code value="confirmed"/>
    </coding>
  </verificationStatus>
  <category>
    <coding>
      <system value="http://ltc-ig.fhir.tw/CodeSystem/TempCodeCS-Sport"/>
      <code value="PhysicalActivity"/>
      <display value="Physical Activity"/>
    </coding>
  </category>
  <code>
    <coding>
      <system value="http://snomed.info/sct"/>
      <code value="229070002"/>
      <display value="Stretching exercises"/>
    </coding>
    <text value="患者過去有規律運動習慣，主要以散步和太極拳為主"/>
  </code>
  <subject>
    <reference value="Patient/ltc-patient-chen-ming-hui"/>
  </subject>
  <onsetDateTime value="2020-01-01"/>
  <recordedDate value="2024-01-15"/>
  <recorder>
    <reference value="PractitionerRole/ltc-practitioner-role-nurse-example"/>
  </recorder>
  <evidence>
    <detail>
      <reference value="Observation/pasport-observation-heart-rate-example"/>
    </detail>
  </evidence>
  <note>
    <time value="2024-01-15"/>
    <text value="患者報告從60歲開始每日早晨散步30分鐘，並參加社區太極拳課程已有4年。近期因關節不適減少運動頻率，希望透過專業指導恢復運動習慣。"/>
  </note>
</Condition>