<?xml version="1.0" encoding="UTF-8"?>

<Condition xmlns="http://hl7.org/fhir">
  <id value="ltc-condition-disability-type-limb-example"/>
  <meta>
    <profile value="http://ltc-ig.fhir.tw/StructureDefinition/LTCConditionDisabilityType"/>
  </meta>
  <text>
    <status value="generated"/><div xmlns="http://www.w3.org/1999/xhtml"><p class="res-header-id"><b>Generated Narrative: Condition ltc-condition-disability-type-limb-example</b></p><a name="ltc-condition-disability-type-limb-example"> </a><a name="hcltc-condition-disability-type-limb-example"> </a><div style="display: inline-block; background-color: #d9e0e7; padding: 6px; margin: 4px; border: 1px solid #8da1b4; border-radius: 5px; line-height: 60%"><p style="margin-bottom: 0px"/><p style="margin-bottom: 0px">Profile: <a href="StructureDefinition-LTCConditionDisabilityType.html">長期照顧－身心障礙類型</a></p></div><p><b>clinicalStatus</b>: <span title="Codes:{http://terminology.hl7.org/CodeSystem/condition-clinical active}">Active</span></p><p><b>verificationStatus</b>: <span title="Codes:{http://terminology.hl7.org/CodeSystem/condition-ver-status confirmed}">Confirmed</span></p><p><b>category</b>: <span title="Codes:{http://terminology.hl7.org/CodeSystem/condition-category problem-list-item}">Problem List Item</span></p><p><b>severity</b>: <span title="Codes:{http://snomed.info/sct 255604002}">Mild (qualifier value)</span></p><p><b>code</b>: <span title="Codes:{http://ltc-ig.fhir.tw/CodeSystem/ConditionDisabilityTypeCS-TWLTC 07}">第七類</span></p><p><b>bodySite</b>: <span title="Codes:{http://snomed.info/sct 61685007}">Lower limb structure</span></p><p><b>subject</b>: <a href="Patient-ltc-patient-cms-chen-ming-hui-example.html">陳明慧 Female, DoB: 1945-03-15 ( National Person Identifier (TWN): A123456789 (use: official, ))</a></p><p><b>onset</b>: 2015-08-20</p><p><b>recorder</b>: <a href="PractitionerRole-ltc-practitioner-role-nurse-example.html">PractitionerRole Registered nurse</a></p><p><b>note</b>: @2024-01-15</p><blockquote><div><p>左下肢功能輕度受限，影響行走功能，持有身心障礙手冊</p>
</div></blockquote></div>
  </text>
  <clinicalStatus>
    <coding>
      <system value="http://terminology.hl7.org/CodeSystem/condition-clinical"/>
      <code value="active"/>
    </coding>
  </clinicalStatus>
  <verificationStatus>
    <coding>
      <system value="http://terminology.hl7.org/CodeSystem/condition-ver-status"/>
      <code value="confirmed"/>
    </coding>
  </verificationStatus>
  <category>
    <coding>
      <system value="http://terminology.hl7.org/CodeSystem/condition-category"/>
      <code value="problem-list-item"/>
      <display value="Problem List Item"/>
    </coding>
  </category>
  <severity>
    <coding>
      <system value="http://snomed.info/sct"/>
      <code value="255604002"/>
      <display value="Mild (qualifier value)"/>
    </coding>
  </severity>
  <code>
    <coding>
      <system value="http://ltc-ig.fhir.tw/CodeSystem/ConditionDisabilityTypeCS-TWLTC"/>
      <code value="07"/>
      <display value="第七類"/>
    </coding>
  </code>
  <bodySite>
    <coding>
      <system value="http://snomed.info/sct"/>
      <code value="61685007"/>
      <display value="Lower limb structure"/>
    </coding>
  </bodySite>
  <subject>
    <reference value="Patient/ltc-patient-cms-chen-ming-hui-example"/>
  </subject>
  <onsetDateTime value="2015-08-20"/>
  <recorder>
    <reference value="PractitionerRole/ltc-practitioner-role-nurse-example"/>
  </recorder>
  <note>
    <time value="2024-01-15"/>
    <text value="左下肢功能輕度受限，影響行走功能，持有身心障礙手冊"/>
  </note>
</Condition>