<?xml version="1.0" encoding="UTF-8"?>

<Condition xmlns="http://hl7.org/fhir">
  <id value="ltc-condition-need-assistance-example"/>
  <meta>
    <profile value="http://ltc-ig.fhir.tw/StructureDefinition/LTCCondition"/>
  </meta>
  <text>
    <status value="generated"/><div xmlns="http://www.w3.org/1999/xhtml"><p class="res-header-id"><b>Generated Narrative: Condition ltc-condition-need-assistance-example</b></p><a name="ltc-condition-need-assistance-example"> </a><a name="hcltc-condition-need-assistance-example"> </a><div style="display: inline-block; background-color: #d9e0e7; padding: 6px; margin: 4px; border: 1px solid #8da1b4; border-radius: 5px; line-height: 60%"><p style="margin-bottom: 0px"/><p style="margin-bottom: 0px">Profile: <a href="StructureDefinition-LTCCondition.html">長期照顧－病情、問題或診斷</a></p></div><p><b>clinicalStatus</b>: <span title="Codes:{http://terminology.hl7.org/CodeSystem/condition-clinical active}">Active</span></p><p><b>verificationStatus</b>: <span title="Codes:{http://terminology.hl7.org/CodeSystem/condition-ver-status confirmed}">Confirmed</span></p><p><b>category</b>: <span title="Codes:{http://terminology.hl7.org/CodeSystem/condition-category encounter-diagnosis}">Encounter Diagnosis</span></p><p><b>severity</b>: <span title="Codes:{http://snomed.info/sct 24484000}">Severe</span></p><p><b>code</b>: <span title="Codes:{http://snomed.info/sct 160693008}">需要日常生活活動協助</span></p><p><b>subject</b>: <a href="Patient-ltc-patient-referral-example.html">李秀芳(official) Female, DoB: 1950-03-22 ( National identifier: B987654321 (use: official, ))</a></p><p><b>onset</b>: 2024-01-15</p><p><b>recordedDate</b>: 2024-09-15</p><p><b>note</b>: </p><blockquote><div><p>個案由於身體功能退化，在日常生活活動上需要他人協助，包括洗澡、穿衣、進食等基本活動</p>
</div></blockquote></div>
  </text>
  <clinicalStatus>
    <coding>
      <system value="http://terminology.hl7.org/CodeSystem/condition-clinical"/>
      <code value="active"/>
    </coding>
  </clinicalStatus>
  <verificationStatus>
    <coding>
      <system value="http://terminology.hl7.org/CodeSystem/condition-ver-status"/>
      <code value="confirmed"/>
    </coding>
  </verificationStatus>
  <category>
    <coding>
      <system value="http://terminology.hl7.org/CodeSystem/condition-category"/>
      <code value="encounter-diagnosis"/>
    </coding>
  </category>
  <severity>
    <coding>
      <system value="http://snomed.info/sct"/>
      <code value="24484000"/>
      <display value="Severe"/>
    </coding>
  </severity>
  <code>
    <coding>
      <system value="http://snomed.info/sct"/>
      <code value="160693008"/>
      <display value="Needs assistance with activities of daily living"/>
    </coding>
    <text value="需要日常生活活動協助"/>
  </code>
  <subject>
    <reference value="Patient/ltc-patient-referral-example"/>
  </subject>
  <onsetDateTime value="2024-01-15"/>
  <recordedDate value="2024-09-15"/>
  <note>
    <text value="個案由於身體功能退化，在日常生活活動上需要他人協助，包括洗澡、穿衣、進食等基本活動"/>
  </note>
</Condition>