<?xml version="1.0" encoding="UTF-8"?>

<Condition xmlns="http://hl7.org/fhir">
  <id value="ltc-condition-diabetes-example"/>
  <meta>
    <profile value="http://ltc-ig.fhir.tw/StructureDefinition/LTCConditionProblem"/>
  </meta>
  <text>
    <status value="generated"/><div xmlns="http://www.w3.org/1999/xhtml"><p class="res-header-id"><b>Generated Narrative: Condition ltc-condition-diabetes-example</b></p><a name="ltc-condition-diabetes-example"> </a><a name="hcltc-condition-diabetes-example"> </a><div style="display: inline-block; background-color: #d9e0e7; padding: 6px; margin: 4px; border: 1px solid #8da1b4; border-radius: 5px; line-height: 60%"><p style="margin-bottom: 0px"/><p style="margin-bottom: 0px">Profile: <a href="StructureDefinition-LTCConditionProblem.html">長期照顧－主要疾病</a></p></div><p><b>clinicalStatus</b>: <span title="Codes:{http://terminology.hl7.org/CodeSystem/condition-clinical active}">Active</span></p><p><b>verificationStatus</b>: <span title="Codes:{http://terminology.hl7.org/CodeSystem/condition-ver-status confirmed}">Confirmed</span></p><p><b>category</b>: <span title="Codes:{http://terminology.hl7.org/CodeSystem/condition-category encounter-diagnosis}">Encounter Diagnosis</span></p><p><b>code</b>: <span title="Codes:{http://snomed.info/sct 44054006}">第2型糖尿病</span></p><p><b>subject</b>: <a href="Patient-ltc-patient-referral-chen-ming-hui-example.html">陳明慧 Female, DoB: 1945-03-15 ( National Person Identifier (TWN): A123456789 (use: official, ))</a></p><p><b>onset</b>: 2020-05-15</p><p><b>recorder</b>: <a href="PractitionerRole-ltc-practitioner-role-nurse-example.html">PractitionerRole Registered nurse</a></p><p><b>asserter</b>: <a href="PractitionerRole-ltc-practitioner-role-nurse-example.html">PractitionerRole Registered nurse</a></p><p><b>note</b>: @2024-01-15</p><blockquote><div><p>血糖控制穩定，需持續監測</p>
</div></blockquote></div>
  </text>
  <clinicalStatus>
    <coding>
      <system value="http://terminology.hl7.org/CodeSystem/condition-clinical"/>
      <code value="active"/>
    </coding>
  </clinicalStatus>
  <verificationStatus>
    <coding>
      <system value="http://terminology.hl7.org/CodeSystem/condition-ver-status"/>
      <code value="confirmed"/>
    </coding>
  </verificationStatus>
  <category>
    <coding>
      <system value="http://terminology.hl7.org/CodeSystem/condition-category"/>
      <code value="encounter-diagnosis"/>
      <display value="Encounter Diagnosis"/>
    </coding>
  </category>
  <code>
    <coding>
      <system value="http://snomed.info/sct"/>
      <code value="44054006"/>
      <display value="Diabetes mellitus type 2"/>
    </coding>
    <text value="第2型糖尿病"/>
  </code>
  <subject>
    <reference value="Patient/ltc-patient-referral-chen-ming-hui-example"/>
  </subject>
  <onsetDateTime value="2020-05-15"/>
  <recorder>
    <reference value="PractitionerRole/ltc-practitioner-role-nurse-example"/>
  </recorder>
  <asserter>
    <reference value="PractitionerRole/ltc-practitioner-role-nurse-example"/>
  </asserter>
  <note>
    <time value="2024-01-15"/>
    <text value="血糖控制穩定，需持續監測"/>
  </note>
</Condition>