<?xml version="1.0" encoding="UTF-8"?>

<ImplementationGuide xmlns="http://hl7.org/fhir">
  <id value="fhir.twltc"/>
  <text>
    <status value="generated"/><div xmlns="http://www.w3.org/1999/xhtml"><p class="res-header-id"><b>Generated Narrative: ImplementationGuide fhir.twltc</b></p><a name="fhir.twltc"> </a><a name="hcfhir.twltc"> </a><a name="fhir.twltc-en-US"> </a><h2>TaiwanLongTermCareImplementationGuide</h2><p>The official URL for this implementation guide is: </p><pre>http://ltc-ig.fhir.tw/ImplementationGuide/fhir.twltc</pre></div>
  </text>
  <url value="http://ltc-ig.fhir.tw/ImplementationGuide/fhir.twltc"/>
  <version value="0.2.0"/>
  <name value="TaiwanLongTermCareImplementationGuide"/>
  <title value="臺灣長期照顧實作指引 (Taiwan Long-Term Care Implementation Guide)"/>
  <status value="active"/>
  <date value="2024-10-23T00:37:08+08:00"/>
  <publisher value="MI-TW"/>
  <contact>
    <name value="MI-TW"/>
    <telecom>
      <system value="url"/>
      <value value="https://mitw.dicom.org.tw/"/>
    </telecom>
  </contact>
  <packageId value="fhir.twltc"/>
  <license value="CC0-1.0"/>
  <fhirVersion value="4.0.1"/>
  <dependsOn id="hl7tx">
    <extension url="http://hl7.org/fhir/tools/StructureDefinition/implementationguide-dependency-comment">
      <valueMarkdown value="Automatically added as a dependency - all IGs depend on HL7 Terminology"/>
    </extension>
    <uri value="http://terminology.hl7.org/ImplementationGuide/hl7.terminology"/>
    <packageId value="hl7.terminology.r4"/>
    <version value="6.0.2"/>
  </dependsOn>
  <dependsOn id="hl7ext">
    <extension url="http://hl7.org/fhir/tools/StructureDefinition/implementationguide-dependency-comment">
      <valueMarkdown value="Automatically added as a dependency - all IGs depend on the HL7 Extension Pack"/>
    </extension>
    <uri value="http://hl7.org/fhir/extensions/ImplementationGuide/hl7.fhir.uv.extensions"/>
    <packageId value="hl7.fhir.uv.extensions.r4"/>
    <version value="5.1.0"/>
  </dependsOn>
  <dependsOn id="tw_gov_mohw_twcore">
    <uri value="https://twcore.mohw.gov.tw/ig/twcore/ImplementationGuide/tw.gov.mohw.twcore"/>
    <packageId value="tw.gov.mohw.twcore"/>
    <version value="0.3.0"/>
  </dependsOn>
  <definition>
    <extension url="http://hl7.org/fhir/tools/StructureDefinition/ig-parameter">
      <extension url="code">
        <valueString value="copyrightyear"/>
      </extension>
      <extension url="value">
        <valueString value="2024+"/>
      </extension>
    </extension>
    <extension url="http://hl7.org/fhir/tools/StructureDefinition/ig-parameter">
      <extension url="code">
        <valueString value="releaselabel"/>
      </extension>
      <extension url="value">
        <valueString value="ci-build+trial-use"/>
      </extension>
    </extension>
    <extension url="http://hl7.org/fhir/tools/StructureDefinition/ig-parameter">
      <extension url="code">
        <valueString value="generate"/>
      </extension>
      <extension url="value">
        <valueString value="example-narratives"/>
      </extension>
    </extension>
    <extension url="http://hl7.org/fhir/tools/StructureDefinition/ig-parameter">
      <extension url="code">
        <valueString value="generate-version"/>
      </extension>
      <extension url="value">
        <valueString value="r4"/>
      </extension>
    </extension>
    <extension url="http://hl7.org/fhir/tools/StructureDefinition/ig-parameter">
      <extension url="code">
        <valueString value="version-comparison"/>
      </extension>
      <extension url="value">
        <valueString value="none"/>
      </extension>
    </extension>
    <extension url="http://hl7.org/fhir/tools/StructureDefinition/ig-parameter">
      <extension url="code">
        <valueString value="autoload-resources"/>
      </extension>
      <extension url="value">
        <valueString value="true"/>
      </extension>
    </extension>
    <extension url="http://hl7.org/fhir/tools/StructureDefinition/ig-parameter">
      <extension url="code">
        <valueString value="path-liquid"/>
      </extension>
      <extension url="value">
        <valueString value="template/liquid"/>
      </extension>
    </extension>
    <extension url="http://hl7.org/fhir/tools/StructureDefinition/ig-parameter">
      <extension url="code">
        <valueString value="path-liquid"/>
      </extension>
      <extension url="value">
        <valueString value="input/liquid"/>
      </extension>
    </extension>
    <extension url="http://hl7.org/fhir/tools/StructureDefinition/ig-parameter">
      <extension url="code">
        <valueString value="path-qa"/>
      </extension>
      <extension url="value">
        <valueString value="temp/qa"/>
      </extension>
    </extension>
    <extension url="http://hl7.org/fhir/tools/StructureDefinition/ig-parameter">
      <extension url="code">
        <valueString value="path-temp"/>
      </extension>
      <extension url="value">
        <valueString value="temp/pages"/>
      </extension>
    </extension>
    <extension url="http://hl7.org/fhir/tools/StructureDefinition/ig-parameter">
      <extension url="code">
        <valueString value="path-output"/>
      </extension>
      <extension url="value">
        <valueString value="output"/>
      </extension>
    </extension>
    <extension url="http://hl7.org/fhir/tools/StructureDefinition/ig-parameter">
      <extension url="code">
        <valueString value="path-suppressed-warnings"/>
      </extension>
      <extension url="value">
        <valueString value="input/ignoreWarnings.txt"/>
      </extension>
    </extension>
    <extension url="http://hl7.org/fhir/tools/StructureDefinition/ig-parameter">
      <extension url="code">
        <valueString value="path-history"/>
      </extension>
      <extension url="value">
        <valueString value="http://ltc-ig.fhir.tw/history.html"/>
      </extension>
    </extension>
    <extension url="http://hl7.org/fhir/tools/StructureDefinition/ig-parameter">
      <extension url="code">
        <valueString value="template-html"/>
      </extension>
      <extension url="value">
        <valueString value="template-page.html"/>
      </extension>
    </extension>
    <extension url="http://hl7.org/fhir/tools/StructureDefinition/ig-parameter">
      <extension url="code">
        <valueString value="template-md"/>
      </extension>
      <extension url="value">
        <valueString value="template-page-md.html"/>
      </extension>
    </extension>
    <extension url="http://hl7.org/fhir/tools/StructureDefinition/ig-parameter">
      <extension url="code">
        <valueString value="apply-contact"/>
      </extension>
      <extension url="value">
        <valueString value="true"/>
      </extension>
    </extension>
    <extension url="http://hl7.org/fhir/tools/StructureDefinition/ig-parameter">
      <extension url="code">
        <valueString value="apply-context"/>
      </extension>
      <extension url="value">
        <valueString value="true"/>
      </extension>
    </extension>
    <extension url="http://hl7.org/fhir/tools/StructureDefinition/ig-parameter">
      <extension url="code">
        <valueString value="apply-copyright"/>
      </extension>
      <extension url="value">
        <valueString value="true"/>
      </extension>
    </extension>
    <extension url="http://hl7.org/fhir/tools/StructureDefinition/ig-parameter">
      <extension url="code">
        <valueString value="apply-jurisdiction"/>
      </extension>
      <extension url="value">
        <valueString value="true"/>
      </extension>
    </extension>
    <extension url="http://hl7.org/fhir/tools/StructureDefinition/ig-parameter">
      <extension url="code">
        <valueString value="apply-license"/>
      </extension>
      <extension url="value">
        <valueString value="true"/>
      </extension>
    </extension>
    <extension url="http://hl7.org/fhir/tools/StructureDefinition/ig-parameter">
      <extension url="code">
        <valueString value="apply-publisher"/>
      </extension>
      <extension url="value">
        <valueString value="true"/>
      </extension>
    </extension>
    <extension url="http://hl7.org/fhir/tools/StructureDefinition/ig-parameter">
      <extension url="code">
        <valueString value="apply-version"/>
      </extension>
      <extension url="value">
        <valueString value="true"/>
      </extension>
    </extension>
    <extension url="http://hl7.org/fhir/tools/StructureDefinition/ig-parameter">
      <extension url="code">
        <valueString value="apply-wg"/>
      </extension>
      <extension url="value">
        <valueString value="true"/>
      </extension>
    </extension>
    <extension url="http://hl7.org/fhir/tools/StructureDefinition/ig-parameter">
      <extension url="code">
        <valueString value="active-tables"/>
      </extension>
      <extension url="value">
        <valueString value="true"/>
      </extension>
    </extension>
    <extension url="http://hl7.org/fhir/tools/StructureDefinition/ig-parameter">
      <extension url="code">
        <valueString value="fmm-definition"/>
      </extension>
      <extension url="value">
        <valueString value="http://hl7.org/fhir/versions.html#maturity"/>
      </extension>
    </extension>
    <extension url="http://hl7.org/fhir/tools/StructureDefinition/ig-parameter">
      <extension url="code">
        <valueString value="propagate-status"/>
      </extension>
      <extension url="value">
        <valueString value="true"/>
      </extension>
    </extension>
    <extension url="http://hl7.org/fhir/tools/StructureDefinition/ig-parameter">
      <extension url="code">
        <valueString value="excludelogbinaryformat"/>
      </extension>
      <extension url="value">
        <valueString value="true"/>
      </extension>
    </extension>
    <extension url="http://hl7.org/fhir/tools/StructureDefinition/ig-parameter">
      <extension url="code">
        <valueString value="tabbed-snapshots"/>
      </extension>
      <extension url="value">
        <valueString value="true"/>
      </extension>
    </extension>
    <extension url="http://hl7.org/fhir/tools/StructureDefinition/ig-internal-dependency">
      <valueCode value="hl7.fhir.uv.tools#0.2.0"/>
    </extension>
    <extension url="http://hl7.org/fhir/tools/StructureDefinition/ig-parameter">
      <extension url="code">
        <valueCode value="copyrightyear"/>
      </extension>
      <extension url="value">
        <valueString value="2024+"/>
      </extension>
    </extension>
    <extension url="http://hl7.org/fhir/tools/StructureDefinition/ig-parameter">
      <extension url="code">
        <valueCode value="releaselabel"/>
      </extension>
      <extension url="value">
        <valueString value="ci-build+trial-use"/>
      </extension>
    </extension>
    <extension url="http://hl7.org/fhir/tools/StructureDefinition/ig-parameter">
      <extension url="code">
        <valueCode value="generate"/>
      </extension>
      <extension url="value">
        <valueString value="example-narratives"/>
      </extension>
    </extension>
    <extension url="http://hl7.org/fhir/tools/StructureDefinition/ig-parameter">
      <extension url="code">
        <valueCode value="generate-version"/>
      </extension>
      <extension url="value">
        <valueString value="r4"/>
      </extension>
    </extension>
    <extension url="http://hl7.org/fhir/tools/StructureDefinition/ig-parameter">
      <extension url="code">
        <valueCode value="version-comparison"/>
      </extension>
      <extension url="value">
        <valueString value="none"/>
      </extension>
    </extension>
    <extension url="http://hl7.org/fhir/tools/StructureDefinition/ig-parameter">
      <extension url="code">
        <valueCode value="autoload-resources"/>
      </extension>
      <extension url="value">
        <valueString value="true"/>
      </extension>
    </extension>
    <extension url="http://hl7.org/fhir/tools/StructureDefinition/ig-parameter">
      <extension url="code">
        <valueCode value="path-liquid"/>
      </extension>
      <extension url="value">
        <valueString value="template/liquid"/>
      </extension>
    </extension>
    <extension url="http://hl7.org/fhir/tools/StructureDefinition/ig-parameter">
      <extension url="code">
        <valueCode value="path-liquid"/>
      </extension>
      <extension url="value">
        <valueString value="input/liquid"/>
      </extension>
    </extension>
    <extension url="http://hl7.org/fhir/tools/StructureDefinition/ig-parameter">
      <extension url="code">
        <valueCode value="path-qa"/>
      </extension>
      <extension url="value">
        <valueString value="temp/qa"/>
      </extension>
    </extension>
    <extension url="http://hl7.org/fhir/tools/StructureDefinition/ig-parameter">
      <extension url="code">
        <valueCode value="path-temp"/>
      </extension>
      <extension url="value">
        <valueString value="temp/pages"/>
      </extension>
    </extension>
    <extension url="http://hl7.org/fhir/tools/StructureDefinition/ig-parameter">
      <extension url="code">
        <valueCode value="path-output"/>
      </extension>
      <extension url="value">
        <valueString value="output"/>
      </extension>
    </extension>
    <extension url="http://hl7.org/fhir/tools/StructureDefinition/ig-parameter">
      <extension url="code">
        <valueCode value="path-suppressed-warnings"/>
      </extension>
      <extension url="value">
        <valueString value="input/ignoreWarnings.txt"/>
      </extension>
    </extension>
    <extension url="http://hl7.org/fhir/tools/StructureDefinition/ig-parameter">
      <extension url="code">
        <valueCode value="path-history"/>
      </extension>
      <extension url="value">
        <valueString value="http://ltc-ig.fhir.tw/history.html"/>
      </extension>
    </extension>
    <extension url="http://hl7.org/fhir/tools/StructureDefinition/ig-parameter">
      <extension url="code">
        <valueCode value="template-html"/>
      </extension>
      <extension url="value">
        <valueString value="template-page.html"/>
      </extension>
    </extension>
    <extension url="http://hl7.org/fhir/tools/StructureDefinition/ig-parameter">
      <extension url="code">
        <valueCode value="template-md"/>
      </extension>
      <extension url="value">
        <valueString value="template-page-md.html"/>
      </extension>
    </extension>
    <extension url="http://hl7.org/fhir/tools/StructureDefinition/ig-parameter">
      <extension url="code">
        <valueCode value="apply-contact"/>
      </extension>
      <extension url="value">
        <valueString value="true"/>
      </extension>
    </extension>
    <extension url="http://hl7.org/fhir/tools/StructureDefinition/ig-parameter">
      <extension url="code">
        <valueCode value="apply-context"/>
      </extension>
      <extension url="value">
        <valueString value="true"/>
      </extension>
    </extension>
    <extension url="http://hl7.org/fhir/tools/StructureDefinition/ig-parameter">
      <extension url="code">
        <valueCode value="apply-copyright"/>
      </extension>
      <extension url="value">
        <valueString value="true"/>
      </extension>
    </extension>
    <extension url="http://hl7.org/fhir/tools/StructureDefinition/ig-parameter">
      <extension url="code">
        <valueCode value="apply-jurisdiction"/>
      </extension>
      <extension url="value">
        <valueString value="true"/>
      </extension>
    </extension>
    <extension url="http://hl7.org/fhir/tools/StructureDefinition/ig-parameter">
      <extension url="code">
        <valueCode value="apply-license"/>
      </extension>
      <extension url="value">
        <valueString value="true"/>
      </extension>
    </extension>
    <extension url="http://hl7.org/fhir/tools/StructureDefinition/ig-parameter">
      <extension url="code">
        <valueCode value="apply-publisher"/>
      </extension>
      <extension url="value">
        <valueString value="true"/>
      </extension>
    </extension>
    <extension url="http://hl7.org/fhir/tools/StructureDefinition/ig-parameter">
      <extension url="code">
        <valueCode value="apply-version"/>
      </extension>
      <extension url="value">
        <valueString value="true"/>
      </extension>
    </extension>
    <extension url="http://hl7.org/fhir/tools/StructureDefinition/ig-parameter">
      <extension url="code">
        <valueCode value="apply-wg"/>
      </extension>
      <extension url="value">
        <valueString value="true"/>
      </extension>
    </extension>
    <extension url="http://hl7.org/fhir/tools/StructureDefinition/ig-parameter">
      <extension url="code">
        <valueCode value="active-tables"/>
      </extension>
      <extension url="value">
        <valueString value="true"/>
      </extension>
    </extension>
    <extension url="http://hl7.org/fhir/tools/StructureDefinition/ig-parameter">
      <extension url="code">
        <valueCode value="fmm-definition"/>
      </extension>
      <extension url="value">
        <valueString value="http://hl7.org/fhir/versions.html#maturity"/>
      </extension>
    </extension>
    <extension url="http://hl7.org/fhir/tools/StructureDefinition/ig-parameter">
      <extension url="code">
        <valueCode value="propagate-status"/>
      </extension>
      <extension url="value">
        <valueString value="true"/>
      </extension>
    </extension>
    <extension url="http://hl7.org/fhir/tools/StructureDefinition/ig-parameter">
      <extension url="code">
        <valueCode value="excludelogbinaryformat"/>
      </extension>
      <extension url="value">
        <valueString value="true"/>
      </extension>
    </extension>
    <extension url="http://hl7.org/fhir/tools/StructureDefinition/ig-parameter">
      <extension url="code">
        <valueCode value="tabbed-snapshots"/>
      </extension>
      <extension url="value">
        <valueString value="true"/>
      </extension>
    </extension>
    <resource>
      <extension url="http://hl7.org/fhir/tools/StructureDefinition/resource-information">
        <valueString value="ValueSet"/>
      </extension>
      <reference>
        <reference value="ValueSet/EconomyStatusVS-TWLTC"/>
      </reference>
      <name value="個案經濟狀況值集"/>
      <description value="用以表述個案經濟狀況之值集，包含個案經濟狀況之描述內容。"/>
      <exampleBoolean value="false"/>
    </resource>
    <resource>
      <extension url="http://hl7.org/fhir/tools/StructureDefinition/resource-information">
        <valueString value="StructureDefinition:extension"/>
      </extension>
      <reference>
        <reference value="StructureDefinition/ExtPatientIdentity-TWLTC"/>
      </reference>
      <name value="個案身分別"/>
      <description value="此 Extension 用以表述個案的身分別。"/>
      <exampleBoolean value="false"/>
    </resource>
    <resource>
      <extension url="http://hl7.org/fhir/tools/StructureDefinition/resource-information">
        <valueString value="CodeSystem"/>
      </extension>
      <reference>
        <reference value="CodeSystem/PatientIdentityCS-TWLTC"/>
      </reference>
      <name value="個案身分別代碼"/>
      <description value="個案身分別代碼"/>
      <exampleBoolean value="false"/>
    </resource>
    <resource>
      <extension url="http://hl7.org/fhir/tools/StructureDefinition/resource-information">
        <valueString value="ValueSet"/>
      </extension>
      <reference>
        <reference value="ValueSet/PatientIdentityVS-TWLTC"/>
      </reference>
      <name value="個案身分別值集"/>
      <description value="個案身分別的值集"/>
      <exampleBoolean value="false"/>
    </resource>
    <resource>
      <extension url="http://hl7.org/fhir/tools/StructureDefinition/resource-information">
        <valueString value="CodeSystem"/>
      </extension>
      <reference>
        <reference value="CodeSystem/ConditionDisabilityCS-TWLTC"/>
      </reference>
      <name value="個案身心障礙手冊持有狀態代碼"/>
      <description value="用於表述個案的身心障礙手冊持有狀態代碼。"/>
      <exampleBoolean value="false"/>
    </resource>
    <resource>
      <extension url="http://hl7.org/fhir/tools/StructureDefinition/resource-information">
        <valueString value="CodeSystem"/>
      </extension>
      <reference>
        <reference value="CodeSystem/ConditionDisabilityTypeCS-TWLTC"/>
      </reference>
      <name value="個案身心障礙類型代碼（新制）"/>
      <description value="用於表述個案的身心障礙類型代碼（新制）。"/>
      <exampleBoolean value="false"/>
    </resource>
    <resource>
      <extension url="http://hl7.org/fhir/tools/StructureDefinition/resource-information">
        <valueString value="CodeSystem"/>
      </extension>
      <reference>
        <reference value="CodeSystem/ConditionDisabilityLegacyTypeCS-TWLTC"/>
      </reference>
      <name value="個案身心障礙類型代碼（舊制）"/>
      <description value="用於表述個案的身心障礙類型代碼（舊制）。"/>
      <exampleBoolean value="false"/>
    </resource>
    <resource>
      <extension url="http://hl7.org/fhir/tools/StructureDefinition/resource-information">
        <valueString value="ValueSet"/>
      </extension>
      <reference>
        <reference value="ValueSet/AddressUseVS-TWLTC"/>
      </reference>
      <name value="地址用途擴展值集"/>
      <description value="地址的用途，新增戶籍地與現居地等代碼"/>
      <exampleBoolean value="false"/>
    </resource>
    <resource>
      <extension url="http://hl7.org/fhir/tools/StructureDefinition/resource-information">
        <valueString value="CodeSystem"/>
      </extension>
      <reference>
        <reference value="CodeSystem/AddressUseCS-TWLTC"/>
      </reference>
      <name value="地址用途擴展識別碼"/>
      <description value="地址用途的擴展識別碼，新增戶籍地與現居地等代碼"/>
      <exampleBoolean value="false"/>
    </resource>
    <resource>
      <extension url="http://hl7.org/fhir/tools/StructureDefinition/resource-information">
        <valueString value="StructureDefinition:resource"/>
      </extension>
      <reference>
        <reference value="StructureDefinition/PASportObservationRespiratoryRate"/>
      </reference>
      <name value="基礎生理量測－呼吸速率"/>
      <description value="此 Profile 說明本 IG 如何進一步定義 FHIR 的 Observation Resource，以呈現基礎生理量測中涉及之呼吸速率資料。"/>
      <exampleBoolean value="false"/>
    </resource>
    <resource>
      <extension url="http://hl7.org/fhir/tools/StructureDefinition/resource-information">
        <valueString value="StructureDefinition:resource"/>
      </extension>
      <reference>
        <reference value="StructureDefinition/PASportObservationRestingHeartRate"/>
      </reference>
      <name value="基礎生理量測－安靜心率"/>
      <description value="此 Profile 說明本 IG 如何進一步定義 FHIR 的 Observation Resource，以呈現基礎生理量測中涉及之安靜心率資料。"/>
      <exampleBoolean value="false"/>
    </resource>
    <resource>
      <extension url="http://hl7.org/fhir/tools/StructureDefinition/resource-information">
        <valueString value="StructureDefinition:resource"/>
      </extension>
      <reference>
        <reference value="StructureDefinition/PASportObservationMeanHeartRate"/>
      </reference>
      <name value="基礎生理量測－平均心率"/>
      <description value="此 Profile 說明本 IG 如何進一步定義 FHIR 的 Observation Resource，以呈現基礎生理量測中涉及之平均心率資料。"/>
      <exampleBoolean value="false"/>
    </resource>
    <resource>
      <extension url="http://hl7.org/fhir/tools/StructureDefinition/resource-information">
        <valueString value="StructureDefinition:resource"/>
      </extension>
      <reference>
        <reference value="StructureDefinition/PASportObservationHeartRate"/>
      </reference>
      <name value="基礎生理量測－心率"/>
      <description value="此 Profile 說明本 IG 如何進一步定義 FHIR 的 Observation Resource，以呈現基礎生理量測中涉及之心率資料。"/>
      <exampleBoolean value="false"/>
    </resource>
    <resource>
      <extension url="http://hl7.org/fhir/tools/StructureDefinition/resource-information">
        <valueString value="StructureDefinition:resource"/>
      </extension>
      <reference>
        <reference value="StructureDefinition/PASportObservationHeartRateVariability"/>
      </reference>
      <name value="基礎生理量測－心率變異性"/>
      <description value="此 Profile 說明本 IG 如何進一步定義 FHIR 的 Observation Resource，以呈現基礎生理量測中涉及之心率變異性資料。"/>
      <exampleBoolean value="false"/>
    </resource>
    <resource>
      <extension url="http://hl7.org/fhir/tools/StructureDefinition/resource-information">
        <valueString value="StructureDefinition:resource"/>
      </extension>
      <reference>
        <reference value="StructureDefinition/PASportObservationPeripheralOxygenSaturation"/>
      </reference>
      <name value="基礎生理量測－脈搏血氧飽和度"/>
      <description value="此 Profile 說明本 IG 如何進一步定義 FHIR 的 Observation Resource，以呈現基礎生理量測中涉及之脈搏血氧飽和度資料。"/>
      <exampleBoolean value="false"/>
    </resource>
    <resource>
      <extension url="http://hl7.org/fhir/tools/StructureDefinition/resource-information">
        <valueString value="StructureDefinition:resource"/>
      </extension>
      <reference>
        <reference value="StructureDefinition/PASportObservationWaist"/>
      </reference>
      <name value="基礎生理量測－腰圍"/>
      <description value="此 Profile 說明本 IG 如何進一步定義 FHIR 的 Observation Resource，以呈現基礎生理量測中涉及之腰圍資料。"/>
      <exampleBoolean value="false"/>
    </resource>
    <resource>
      <extension url="http://hl7.org/fhir/tools/StructureDefinition/resource-information">
        <valueString value="StructureDefinition:resource"/>
      </extension>
      <reference>
        <reference value="StructureDefinition/PASportObservationBloodPressure"/>
      </reference>
      <name value="基礎生理量測－血壓"/>
      <description value="此 Profile 說明本 IG 如何進一步定義 FHIR 的 Observation Resource，以呈現基礎生理量測中涉及之血壓資料。"/>
      <exampleBoolean value="false"/>
    </resource>
    <resource>
      <extension url="http://hl7.org/fhir/tools/StructureDefinition/resource-information">
        <valueString value="StructureDefinition:resource"/>
      </extension>
      <reference>
        <reference value="StructureDefinition/PASportObservationGlucose"/>
      </reference>
      <name value="基礎生理量測－血糖"/>
      <description value="此 Profile 說明本 IG 如何進一步定義 FHIR 的 Observation Resource，以呈現基礎生理量測中涉及之血糖資料。"/>
      <exampleBoolean value="false"/>
    </resource>
    <resource>
      <extension url="http://hl7.org/fhir/tools/StructureDefinition/resource-information">
        <valueString value="StructureDefinition:resource"/>
      </extension>
      <reference>
        <reference value="StructureDefinition/PASportObservationHeight"/>
      </reference>
      <name value="基礎生理量測－身高"/>
      <description value="此 Profile 說明本 IG 如何進一步定義 FHIR 的 Observation Resource，以呈現基礎生理量測中涉及之身高資料。"/>
      <exampleBoolean value="false"/>
    </resource>
    <resource>
      <extension url="http://hl7.org/fhir/tools/StructureDefinition/resource-information">
        <valueString value="StructureDefinition:resource"/>
      </extension>
      <reference>
        <reference value="StructureDefinition/PASportObservationBodyTemperature"/>
      </reference>
      <name value="基礎生理量測－體溫"/>
      <description value="此 Profile 說明本 IG 如何進一步定義 FHIR 的 Observation Resource，以呈現基礎生理量測中涉及之體溫資料。"/>
      <exampleBoolean value="false"/>
    </resource>
    <resource>
      <extension url="http://hl7.org/fhir/tools/StructureDefinition/resource-information">
        <valueString value="StructureDefinition:resource"/>
      </extension>
      <reference>
        <reference value="StructureDefinition/PASportObservationWeight"/>
      </reference>
      <name value="基礎生理量測－體重"/>
      <description value="此 Profile 說明本 IG 如何進一步定義 FHIR 的 Observation Resource，以呈現基礎生理量測中涉及之體重資料。"/>
      <exampleBoolean value="false"/>
    </resource>
    <resource>
      <extension url="http://hl7.org/fhir/tools/StructureDefinition/resource-information">
        <valueString value="ValueSet"/>
      </extension>
      <reference>
        <reference value="ValueSet/ReferralConditionCrushVS-TWLTC"/>
      </reference>
      <name value="壓傷狀況值集"/>
      <description value="個案壓傷的狀況"/>
      <exampleBoolean value="false"/>
    </resource>
    <resource>
      <extension url="http://hl7.org/fhir/tools/StructureDefinition/resource-information">
        <valueString value="StructureDefinition:resource"/>
      </extension>
      <reference>
        <reference value="StructureDefinition/LTCObservationFallingHistory"/>
      </reference>
      <name value="安全防護－跌倒紀錄"/>
      <description value="此 Profile 說明本 IG 如何進一步定義 FHIR 的 Observation Resource，以呈現長照機構住民的跌倒紀錄。"/>
      <exampleBoolean value="false"/>
    </resource>
    <resource>
      <extension url="http://hl7.org/fhir/tools/StructureDefinition/resource-information">
        <valueString value="ValueSet"/>
      </extension>
      <reference>
        <reference value="ValueSet/ReferralConditionResidenceVS-TWLTC"/>
      </reference>
      <name value="居住狀況值集"/>
      <description value="個案的居住狀況"/>
      <exampleBoolean value="false"/>
    </resource>
    <resource>
      <extension url="http://hl7.org/fhir/tools/StructureDefinition/resource-information">
        <valueString value="CodeSystem"/>
      </extension>
      <reference>
        <reference value="CodeSystem/EducationStatusCS-TWLTC"/>
      </reference>
      <name value="教育程度代碼"/>
      <description value="用於表述個案的教育程度，在長照機構住民教育程度 Extension 中使用。"/>
      <exampleBoolean value="false"/>
    </resource>
    <resource>
      <extension url="http://hl7.org/fhir/tools/StructureDefinition/resource-information">
        <valueString value="ValueSet"/>
      </extension>
      <reference>
        <reference value="ValueSet/EducationStatusVS-TWLTC"/>
      </reference>
      <name value="教育程度值集"/>
      <description value="用以表述教育程度之值集，包含教育程度之描述內容。"/>
      <exampleBoolean value="false"/>
    </resource>
    <resource>
      <extension url="http://hl7.org/fhir/tools/StructureDefinition/resource-information">
        <valueString value="StructureDefinition:extension"/>
      </extension>
      <reference>
        <reference value="StructureDefinition/ExtRelatedPersonIsPrimary-TWLTC"/>
      </reference>
      <name value="是否為主要照顧者"/>
      <description value="此 Extension 用以表述關係人是否為主要照顧者。"/>
      <exampleBoolean value="false"/>
    </resource>
    <resource>
      <extension url="http://hl7.org/fhir/tools/StructureDefinition/resource-information">
        <valueString value="ValueSet"/>
      </extension>
      <reference>
        <reference value="ValueSet/GoalDescriptionVS-TWLTC"/>
      </reference>
      <name value="照顧目標描述值集"/>
      <description value="照顧目標的描述值集，用以表述長期照顧情境中涉及之照顧目標描述內容。本值集比照 US Core Goal Profile 中的 description 元素定義，引用 SNOMED CT 與 LOINC 等術語系統。"/>
      <exampleBoolean value="false"/>
    </resource>
    <resource>
      <extension url="http://hl7.org/fhir/tools/StructureDefinition/resource-information">
        <valueString value="StructureDefinition:resource"/>
      </extension>
      <reference>
        <reference value="StructureDefinition/LTCBundleCMS"/>
      </reference>
      <name value="照顧管理評估量表文件打包"/>
      <description value="此 Bundle 以衛生福利部長期照顧管理中心照顧管理評估量表為基礎，用以表述照顧管理評估量表的文件打包結構。"/>
      <exampleBoolean value="false"/>
    </resource>
    <resource>
      <extension url="http://hl7.org/fhir/tools/StructureDefinition/resource-information">
        <valueString value="StructureDefinition:resource"/>
      </extension>
      <reference>
        <reference value="StructureDefinition/LTCCompositionCMS"/>
      </reference>
      <name value="照顧管理評估量表文件架構"/>
      <description value="此 Composition 以衛生福利部長期照顧管理中心照顧管理評估量表為基礎，用以表述照顧管理評估量表的文件結構。"/>
      <exampleBoolean value="false"/>
    </resource>
    <resource>
      <extension url="http://hl7.org/fhir/tools/StructureDefinition/resource-information">
        <valueString value="StructureDefinition:resource"/>
      </extension>
      <reference>
        <reference value="StructureDefinition/LTCQuestionnaireResponseCMSCaregiverSupport"/>
      </reference>
      <name value="照顧管理評估量表－主要照顧者工作與支持"/>
      <description value="此 Profile 說明本 IG 如何進一步定義 FHIR 的 QuestionnaireResponse Resource，以呈現照顧管理評估量表－主要照顧者工作與支持的回覆資料。"/>
      <exampleBoolean value="false"/>
    </resource>
    <resource>
      <extension url="http://hl7.org/fhir/tools/StructureDefinition/resource-information">
        <valueString value="StructureDefinition:resource"/>
      </extension>
      <reference>
        <reference value="StructureDefinition/LTCQuestionnaireResponseCMSCaregiverLoad"/>
      </reference>
      <name value="照顧管理評估量表－主要照顧者負荷問卷回覆"/>
      <description value="此 Profile 說明本 IG 如何進一步定義 FHIR 的 QuestionnaireResponse Resource，以呈現照顧管理評估量表－主要照顧者負荷問卷的回覆資料。"/>
      <exampleBoolean value="false"/>
    </resource>
    <resource>
      <extension url="http://hl7.org/fhir/tools/StructureDefinition/resource-information">
        <valueString value="StructureDefinition:resource"/>
      </extension>
      <reference>
        <reference value="StructureDefinition/LTCPatientCMS"/>
      </reference>
      <name value="照顧管理評估量表－個案基本資料"/>
      <description value="此 Profile 說明本 IG 如何進一步定義 FHIR 的 Patient Resource，以呈現適用於照顧管理評估量表的長照機構住民基本資料。"/>
      <exampleBoolean value="false"/>
    </resource>
    <resource>
      <extension url="http://hl7.org/fhir/tools/StructureDefinition/resource-information">
        <valueString value="StructureDefinition:resource"/>
      </extension>
      <reference>
        <reference value="StructureDefinition/LTCQuestionnaireResponseCMSADL"/>
      </reference>
      <name value="照顧管理評估量表－個案日常生活能力問卷回覆"/>
      <description value="此 Profile 說明本 IG 如何進一步定義 FHIR 的 QuestionnaireResponse Resource，以呈現照顧管理評估量表－個案日常生活能力問卷 (ADLs) 的回覆資料。"/>
      <exampleBoolean value="false"/>
    </resource>
    <resource>
      <extension url="http://hl7.org/fhir/tools/StructureDefinition/resource-information">
        <valueString value="StructureDefinition:resource"/>
      </extension>
      <reference>
        <reference value="StructureDefinition/LTCQuestionnaireResponseCMSCommunication"/>
      </reference>
      <name value="照顧管理評估量表－個案溝通能力問卷回覆"/>
      <description value="此 Profile 說明本 IG 如何進一步定義 FHIR 的 QuestionnaireResponse Resource，以呈現照顧管理評估量表－個案溝通能力問卷的回覆資料。"/>
      <exampleBoolean value="false"/>
    </resource>
    <resource>
      <extension url="http://hl7.org/fhir/tools/StructureDefinition/resource-information">
        <valueString value="StructureDefinition:resource"/>
      </extension>
      <reference>
        <reference value="StructureDefinition/LTCQuestionnaireResponseCMSIADL"/>
      </reference>
      <name value="照顧管理評估量表－個案獨立生活能力問卷回覆"/>
      <description value="此 Profile 說明本 IG 如何進一步定義 FHIR 的 QuestionnaireResponse Resource，以呈現照顧管理評估量表－個案獨立生活能力問卷 (IADLs) 的回覆資料。"/>
      <exampleBoolean value="false"/>
    </resource>
    <resource>
      <extension url="http://hl7.org/fhir/tools/StructureDefinition/resource-information">
        <valueString value="StructureDefinition:resource"/>
      </extension>
      <reference>
        <reference value="StructureDefinition/LTCQuestionnaireResponseCMSMemory"/>
      </reference>
      <name value="照顧管理評估量表－個案短期記憶力問卷回覆"/>
      <description value="此 Profile 說明本 IG 如何進一步定義 FHIR 的 QuestionnaireResponse Resource，以呈現照顧管理評估量表－個案短期記憶力問卷的回覆資料。"/>
      <exampleBoolean value="false"/>
    </resource>
    <resource>
      <extension url="http://hl7.org/fhir/tools/StructureDefinition/resource-information">
        <valueString value="StructureDefinition:resource"/>
      </extension>
      <reference>
        <reference value="StructureDefinition/LTCQuestionnaireResponseCMSSociety"/>
      </reference>
      <name value="照顧管理評估量表－居家環境與社會參與問卷回覆"/>
      <description value="此 Profile 說明本 IG 如何進一步定義 FHIR 的 QuestionnaireResponse Resource，以呈現照顧管理評估量表－居家環境與社會參與問卷的回覆資料。"/>
      <exampleBoolean value="false"/>
    </resource>
    <resource>
      <extension url="http://hl7.org/fhir/tools/StructureDefinition/resource-information">
        <valueString value="StructureDefinition:resource"/>
      </extension>
      <reference>
        <reference value="StructureDefinition/LTCQuestionnaireResponseCMSMental"/>
      </reference>
      <name value="照顧管理評估量表－情緒及行為型態問卷回覆"/>
      <description value="此 Profile 說明本 IG 如何進一步定義 FHIR 的 QuestionnaireResponse Resource，以呈現照顧管理評估量表－情緒及行為型態問卷的回覆資料。"/>
      <exampleBoolean value="false"/>
    </resource>
    <resource>
      <extension url="http://hl7.org/fhir/tools/StructureDefinition/resource-information">
        <valueString value="StructureDefinition:resource"/>
      </extension>
      <reference>
        <reference value="StructureDefinition/LTCQuestionnaireResponseCMSSpecialCare"/>
      </reference>
      <name value="照顧管理評估量表－特殊複雜照護需要問卷回覆"/>
      <description value="此 Profile 說明本 IG 如何進一步定義 FHIR 的 QuestionnaireResponse Resource，以呈現照顧管理評估量表－特殊複雜照護需要問卷的回覆資料。"/>
      <exampleBoolean value="false"/>
    </resource>
    <resource>
      <extension url="http://hl7.org/fhir/tools/StructureDefinition/resource-information">
        <valueString value="ValueSet"/>
      </extension>
      <reference>
        <reference value="ValueSet/ConditionSeverityVS-TWLTC"/>
      </reference>
      <name value="疾病嚴重度擴展值集"/>
      <description value="用以表述疾病嚴重度之擴展值集，包含疾病嚴重度之描述內容。配合身心障礙手冊障礙程度分級，包含輕度、中度、重度、極重度等代碼。"/>
      <exampleBoolean value="false"/>
    </resource>
    <resource>
      <extension url="http://hl7.org/fhir/tools/StructureDefinition/resource-information">
        <valueString value="ValueSet"/>
      </extension>
      <reference>
        <reference value="ValueSet/ReferralConditionCaregiverVS-TWLTC"/>
      </reference>
      <name value="看護狀況值集"/>
      <description value="個案雇用看護的狀況"/>
      <exampleBoolean value="false"/>
    </resource>
    <resource>
      <extension url="http://hl7.org/fhir/tools/StructureDefinition/resource-information">
        <valueString value="StructureDefinition:resource"/>
      </extension>
      <reference>
        <reference value="StructureDefinition/PASportObservationGaitType"/>
      </reference>
      <name value="穿戴裝置－步態分析"/>
      <description value="此 Profile 說明本 IG 如何進一步定義 FHIR 的 Observation Resource，以呈現穿戴裝置中涉及之步態分析資料。"/>
      <exampleBoolean value="false"/>
    </resource>
    <resource>
      <extension url="http://hl7.org/fhir/tools/StructureDefinition/resource-information">
        <valueString value="StructureDefinition:resource"/>
      </extension>
      <reference>
        <reference value="StructureDefinition/PASportObservationGaitCycle"/>
      </reference>
      <name value="穿戴裝置－步態週期"/>
      <description value="此 Profile 說明本 IG 如何進一步定義 FHIR 的 Observation Resource，以呈現穿戴裝置中涉及之步態週期資料。"/>
      <exampleBoolean value="false"/>
    </resource>
    <resource>
      <extension url="http://hl7.org/fhir/tools/StructureDefinition/resource-information">
        <valueString value="ValueSet"/>
      </extension>
      <reference>
        <reference value="ValueSet/ReferralConditionTubeVS-TWLTC"/>
      </reference>
      <name value="管路狀況值集"/>
      <description value="個案持有管路的狀況"/>
      <exampleBoolean value="false"/>
    </resource>
    <resource>
      <extension url="http://hl7.org/fhir/tools/StructureDefinition/resource-information">
        <valueString value="CodeSystem"/>
      </extension>
      <reference>
        <reference value="CodeSystem/EconomyStatusCS-TWLTC"/>
      </reference>
      <name value="經濟狀況代碼"/>
      <description value="用於表述個案的經濟狀況，在長照機構住民經濟狀況 Extension 中使用。&#xA;此代碼比照警政署偵查筆錄制式格式之選項進行設計。"/>
      <exampleBoolean value="false"/>
    </resource>
    <resource>
      <extension url="http://hl7.org/fhir/tools/StructureDefinition/resource-information">
        <valueString value="ValueSet"/>
      </extension>
      <reference>
        <reference value="ValueSet/ICD-10-PCS-2023-TW-F-VS"/>
      </reference>
      <name value="臺灣 2023 年中文版 ICD-10-PCS-F 值集"/>
      <description value="臺灣 2023 年中文版 ICD-10-PCS 復健及診斷性聽力學(Physical Rehabilitation and Diagnostic Audiology)，章節數值為「F」。 包括：復健、診斷性聽力學。 代碼出版日期：2023-11-10；資料所屬單位：衛生福利部中央健康保險署。 因原始資料無代碼版本資訊，故使用其法規「公布日期」作為版本資訊。本 ValueSet 繼承自身體活動量測 IG，後續將配合原始 IG 進行更新。"/>
      <exampleBoolean value="false"/>
    </resource>
    <resource>
      <extension url="http://hl7.org/fhir/tools/StructureDefinition/resource-information">
        <valueString value="CodeSystem"/>
      </extension>
      <reference>
        <reference value="CodeSystem/ICD-10-PCS-2023-TW-F-CS"/>
      </reference>
      <name value="臺灣 2023 年中文版 ICD-10-PCS-F-復健及診斷性聽力學"/>
      <description value="臺灣 2023 年中文版 ICD-10-PCS 復健及診斷性聽力學(Physical Rehabilitation and Diagnostic Audiology)，章節數值為「F」。 包括：復健、診斷性聽力學。 代碼出版日期：2023-11-10；資料所屬單位：衛生福利部中央健康保險署。 因原始資料無代碼版本資訊，故使用其法規「公布日期」作為版本資訊。本 CodeSystem 繼承自身體活動量測 IG，後續將配合原始 IG 進行更新。"/>
      <exampleBoolean value="false"/>
    </resource>
    <resource>
      <extension url="http://hl7.org/fhir/tools/StructureDefinition/resource-information">
        <valueString value="ValueSet"/>
      </extension>
      <reference>
        <reference value="ValueSet/FallHistoryResultVS-TWLTC"/>
      </reference>
      <name value="跌倒紀錄結果值集"/>
      <description value="紀錄住民跌倒的偵測結果。"/>
      <exampleBoolean value="false"/>
    </resource>
    <resource>
      <extension url="http://hl7.org/fhir/tools/StructureDefinition/resource-information">
        <valueString value="ValueSet"/>
      </extension>
      <reference>
        <reference value="ValueSet/ConditionDisabilityVS-TWLTC"/>
      </reference>
      <name value="身心障礙手冊持有狀況值集"/>
      <description value="個案持有身心障礙手冊的狀況"/>
      <exampleBoolean value="false"/>
    </resource>
    <resource>
      <extension url="http://hl7.org/fhir/tools/StructureDefinition/resource-information">
        <valueString value="ValueSet"/>
      </extension>
      <reference>
        <reference value="ValueSet/ConditionDisabilityTypeVS-TWLTC"/>
      </reference>
      <name value="身心障礙類型值集"/>
      <description value="個案身心障礙類型"/>
      <exampleBoolean value="false"/>
    </resource>
    <resource>
      <extension url="http://hl7.org/fhir/tools/StructureDefinition/resource-information">
        <valueString value="CodeSystem"/>
      </extension>
      <reference>
        <reference value="CodeSystem/TempCodeCS-Sport"/>
      </reference>
      <name value="身體活動量測-暫用代碼"/>
      <description value="身體活動量測暫時使用的代碼，目前無官方代碼。本 CodeSystem 繼承自身體活動量測 IG，後續將配合官方代碼更新。"/>
      <exampleBoolean value="false"/>
    </resource>
    <resource>
      <extension url="http://hl7.org/fhir/tools/StructureDefinition/resource-information">
        <valueString value="ValueSet"/>
      </extension>
      <reference>
        <reference value="ValueSet/TempCodeVS-Sport"/>
      </reference>
      <name value="身體活動量測-暫用代碼值集"/>
      <description value="身體活動量測暫時使用的代碼，目前無官方代碼。本 ValueSet 繼承自身體活動量測 IG，後續將配合官方代碼更新。"/>
      <exampleBoolean value="false"/>
    </resource>
    <resource>
      <extension url="http://hl7.org/fhir/tools/StructureDefinition/resource-information">
        <valueString value="ValueSet"/>
      </extension>
      <reference>
        <reference value="ValueSet/ExerciseHistoryVS-Sport"/>
      </reference>
      <name value="身體活動量測-最近(目前)運動史值集"/>
      <description value="最近(目前)運動史。本 ValueSet 繼承自身體活動量測 IG，後續將配合原始 IG 進行更新。"/>
      <exampleBoolean value="false"/>
    </resource>
    <resource>
      <extension url="http://hl7.org/fhir/tools/StructureDefinition/resource-information">
        <valueString value="ValueSet"/>
      </extension>
      <reference>
        <reference value="ValueSet/GaitTypeVS-Sport"/>
      </reference>
      <name value="身體活動量測-步態分析值集"/>
      <description value="用於描述步態（walking gait）時腳的着地位置和運動模式。本 ValueSet 繼承自身體活動量測 IG，後續將配合原始 IG 進行更新。"/>
      <exampleBoolean value="false"/>
    </resource>
    <resource>
      <extension url="http://hl7.org/fhir/tools/StructureDefinition/resource-information">
        <valueString value="CodeSystem"/>
      </extension>
      <reference>
        <reference value="CodeSystem/GaitCycleCS-Sport"/>
      </reference>
      <name value="身體活動量測-步態週期"/>
      <description value="一個步伐的完整過程，從一隻腳接觸地面開始到同一隻腳再次接觸地面結束。這個過程可以分為兩個主要階段：支撐期（stance phase）和擺動期（swing phase）。本 CodeSystem 繼承自身體活動量測 IG，後續將配合原始 IG 進行更新。"/>
      <exampleBoolean value="false"/>
    </resource>
    <resource>
      <extension url="http://hl7.org/fhir/tools/StructureDefinition/resource-information">
        <valueString value="ValueSet"/>
      </extension>
      <reference>
        <reference value="ValueSet/GaitCycleVS-Sport"/>
      </reference>
      <name value="身體活動量測-步態週期值集"/>
      <description value="一個步伐的完整過程，從一隻腳接觸地面開始到同一隻腳再次接觸地面結束。這個過程可以分為兩個主要階段：支撐期（stance phase）和擺動期（swing phase）。本 ValueSet 繼承自身體活動量測 IG，後續將配合原始 IG 進行更新。"/>
      <exampleBoolean value="false"/>
    </resource>
    <resource>
      <extension url="http://hl7.org/fhir/tools/StructureDefinition/resource-information">
        <valueString value="ValueSet"/>
      </extension>
      <reference>
        <reference value="ValueSet/TreadmillTypeVS-Sport"/>
      </reference>
      <name value="身體活動量測-跑步機類型值集"/>
      <description value="用於描述跑步機的類型。本 ValueSet 繼承自身體活動量測 IG，後續將配合原始 IG 進行更新。"/>
      <exampleBoolean value="false"/>
    </resource>
    <resource>
      <extension url="http://hl7.org/fhir/tools/StructureDefinition/resource-information">
        <valueString value="ValueSet"/>
      </extension>
      <reference>
        <reference value="ValueSet/ServiceRequestPAVS-Sport"/>
      </reference>
      <name value="身體活動量測-適用運動處方之服務請求代碼值集"/>
      <description value="適用運動處方之服務請求代碼。本 ValueSet 繼承自身體活動量測 IG，後續將配合原始 IG 進行更新。"/>
      <exampleBoolean value="false"/>
    </resource>
    <resource>
      <extension url="http://hl7.org/fhir/tools/StructureDefinition/resource-information">
        <valueString value="ValueSet"/>
      </extension>
      <reference>
        <reference value="ValueSet/SportTrainingVS-Sport"/>
      </reference>
      <name value="身體活動量測-重量訓練代碼值集"/>
      <description value="定義重量訓練各個方面的代碼，包括使用的重量、執行的組數以及每組的重複次數。本 ValueSet 繼承自身體活動量測 IG，後續將配合原始 IG 進行更新。"/>
      <exampleBoolean value="false"/>
    </resource>
    <resource>
      <extension url="http://hl7.org/fhir/tools/StructureDefinition/resource-information">
        <valueString value="CodeSystem"/>
      </extension>
      <reference>
        <reference value="CodeSystem/SportTrainingCS-Sport"/>
      </reference>
      <name value="身體活動量測-重量訓練代碼系統"/>
      <description value="此代碼系統定義重量訓練各個方面的代碼，包括使用的重量、執行的組數以及每組的重複次數。本 CodeSystem 繼承自身體活動量測 IG，後續將配合原始 IG 進行更新。"/>
      <exampleBoolean value="false"/>
    </resource>
    <resource>
      <extension url="http://hl7.org/fhir/tools/StructureDefinition/resource-information">
        <valueString value="StructureDefinition:resource"/>
      </extension>
      <reference>
        <reference value="StructureDefinition/PASportObservationVisceralFatIndex"/>
      </reference>
      <name value="身體組成分析儀－內臟脂肪指數"/>
      <description value="此 Profile 說明本 IG 如何進一步定義 FHIR 的 Observation Resource，以呈現身體組成分析儀中涉及之內臟脂肪指數資料。"/>
      <exampleBoolean value="false"/>
    </resource>
    <resource>
      <extension url="http://hl7.org/fhir/tools/StructureDefinition/resource-information">
        <valueString value="StructureDefinition:resource"/>
      </extension>
      <reference>
        <reference value="StructureDefinition/PASportObservationVisceralFatArea"/>
      </reference>
      <name value="身體組成分析儀－內臟脂肪面積"/>
      <description value="此 Profile 說明本 IG 如何進一步定義 FHIR 的 Observation Resource，以呈現身體組成分析儀中涉及之內臟脂肪面積資料。"/>
      <exampleBoolean value="false"/>
    </resource>
    <resource>
      <extension url="http://hl7.org/fhir/tools/StructureDefinition/resource-information">
        <valueString value="StructureDefinition:resource"/>
      </extension>
      <reference>
        <reference value="StructureDefinition/PASportObservationFatFreeMass"/>
      </reference>
      <name value="身體組成分析儀－去脂體重"/>
      <description value="此 Profile 說明本 IG 如何進一步定義 FHIR 的 Observation Resource，以呈現身體組成分析儀中涉及之去脂體重資料。"/>
      <exampleBoolean value="false"/>
    </resource>
    <resource>
      <extension url="http://hl7.org/fhir/tools/StructureDefinition/resource-information">
        <valueString value="StructureDefinition:resource"/>
      </extension>
      <reference>
        <reference value="StructureDefinition/PASportObservationBasalMetabolicRate"/>
      </reference>
      <name value="身體組成分析儀－基礎代謝率"/>
      <description value="此 Profile 說明本 IG 如何進一步定義 FHIR 的 Observation Resource，以呈現身體組成分析儀中涉及之基礎代謝率資料。"/>
      <exampleBoolean value="false"/>
    </resource>
    <resource>
      <extension url="http://hl7.org/fhir/tools/StructureDefinition/resource-information">
        <valueString value="StructureDefinition:resource"/>
      </extension>
      <reference>
        <reference value="StructureDefinition/PASportObservationBodyBoneMass"/>
      </reference>
      <name value="身體組成分析儀－推定骨量"/>
      <description value="此 Profile 說明本 IG 如何進一步定義 FHIR 的 Observation Resource，以呈現身體組成分析儀中涉及之推定骨量資料。"/>
      <exampleBoolean value="false"/>
    </resource>
    <resource>
      <extension url="http://hl7.org/fhir/tools/StructureDefinition/resource-information">
        <valueString value="StructureDefinition:resource"/>
      </extension>
      <reference>
        <reference value="StructureDefinition/PASportObservationExtracellularWaterRatio"/>
      </reference>
      <name value="身體組成分析儀－水腫指數"/>
      <description value="此 Profile 說明本 IG 如何進一步定義 FHIR 的 Observation Resource，以呈現身體組成分析儀中涉及之水腫指數資料。"/>
      <exampleBoolean value="false"/>
    </resource>
    <resource>
      <extension url="http://hl7.org/fhir/tools/StructureDefinition/resource-information">
        <valueString value="StructureDefinition:resource"/>
      </extension>
      <reference>
        <reference value="StructureDefinition/PASportObservationMineral"/>
      </reference>
      <name value="身體組成分析儀－礦物質重"/>
      <description value="此 Profile 說明本 IG 如何進一步定義 FHIR 的 Observation Resource，以呈現身體組成分析儀中涉及之礦物質重資料。"/>
      <exampleBoolean value="false"/>
    </resource>
    <resource>
      <extension url="http://hl7.org/fhir/tools/StructureDefinition/resource-information">
        <valueString value="StructureDefinition:resource"/>
      </extension>
      <reference>
        <reference value="StructureDefinition/PASportObservationIntracellularWater"/>
      </reference>
      <name value="身體組成分析儀－細胞內水分"/>
      <description value="此 Profile 說明本 IG 如何進一步定義 FHIR 的 Observation Resource，以呈現身體組成分析儀中涉及之細胞內水分資料。"/>
      <exampleBoolean value="false"/>
    </resource>
    <resource>
      <extension url="http://hl7.org/fhir/tools/StructureDefinition/resource-information">
        <valueString value="StructureDefinition:resource"/>
      </extension>
      <reference>
        <reference value="StructureDefinition/PASportObservationExtracellularWater"/>
      </reference>
      <name value="身體組成分析儀－細胞外水分"/>
      <description value="此 Profile 說明本 IG 如何進一步定義 FHIR 的 Observation Resource，以呈現身體組成分析儀中涉及之細胞外水分資料。"/>
      <exampleBoolean value="false"/>
    </resource>
    <resource>
      <extension url="http://hl7.org/fhir/tools/StructureDefinition/resource-information">
        <valueString value="StructureDefinition:resource"/>
      </extension>
      <reference>
        <reference value="StructureDefinition/PASportObservationCellMass"/>
      </reference>
      <name value="身體組成分析儀－細胞量"/>
      <description value="此 Profile 說明本 IG 如何進一步定義 FHIR 的 Observation Resource，以呈現身體組成分析儀中涉及之細胞量資料。"/>
      <exampleBoolean value="false"/>
    </resource>
    <resource>
      <extension url="http://hl7.org/fhir/tools/StructureDefinition/resource-information">
        <valueString value="StructureDefinition:resource"/>
      </extension>
      <reference>
        <reference value="StructureDefinition/PASportObservationSkeletalMuscleMassIndex"/>
      </reference>
      <name value="身體組成分析儀－肌肉質量指數"/>
      <description value="此 Profile 說明本 IG 如何進一步定義 FHIR 的 Observation Resource，以呈現身體組成分析儀中涉及之肌肉質量指數資料。"/>
      <exampleBoolean value="false"/>
    </resource>
    <resource>
      <extension url="http://hl7.org/fhir/tools/StructureDefinition/resource-information">
        <valueString value="StructureDefinition:resource"/>
      </extension>
      <reference>
        <reference value="StructureDefinition/PASportObservationSoftLeanMass"/>
      </reference>
      <name value="身體組成分析儀－肌肉量"/>
      <description value="此 Profile 說明本 IG 如何進一步定義 FHIR 的 Observation Resource，以呈現身體組成分析儀中涉及之肌肉量資料。"/>
      <exampleBoolean value="false"/>
    </resource>
    <resource>
      <extension url="http://hl7.org/fhir/tools/StructureDefinition/resource-information">
        <valueString value="StructureDefinition:resource"/>
      </extension>
      <reference>
        <reference value="StructureDefinition/PASportObservationObesityDegree"/>
      </reference>
      <name value="身體組成分析儀－肥胖度"/>
      <description value="此 Profile 說明本 IG 如何進一步定義 FHIR 的 Observation Resource，以呈現身體組成分析儀中涉及之肥胖度資料。"/>
      <exampleBoolean value="false"/>
    </resource>
    <resource>
      <extension url="http://hl7.org/fhir/tools/StructureDefinition/resource-information">
        <valueString value="StructureDefinition:resource"/>
      </extension>
      <reference>
        <reference value="StructureDefinition/PASportObservationWaistHipRate"/>
      </reference>
      <name value="身體組成分析儀－腰臀圍比"/>
      <description value="此 Profile 說明本 IG 如何進一步定義 FHIR 的 Observation Resource，以呈現身體組成分析儀中涉及之腰臀圍比資料。"/>
      <exampleBoolean value="false"/>
    </resource>
    <resource>
      <extension url="http://hl7.org/fhir/tools/StructureDefinition/resource-information">
        <valueString value="StructureDefinition:resource"/>
      </extension>
      <reference>
        <reference value="StructureDefinition/PASportObservationProtein"/>
      </reference>
      <name value="身體組成分析儀－蛋白質重"/>
      <description value="此 Profile 說明本 IG 如何進一步定義 FHIR 的 Observation Resource，以呈現身體組成分析儀中涉及之蛋白質重資料。"/>
      <exampleBoolean value="false"/>
    </resource>
    <resource>
      <extension url="http://hl7.org/fhir/tools/StructureDefinition/resource-information">
        <valueString value="StructureDefinition:resource"/>
      </extension>
      <reference>
        <reference value="StructureDefinition/PASportObservationTotalBodyWater"/>
      </reference>
      <name value="身體組成分析儀－身體總水分"/>
      <description value="此 Profile 說明本 IG 如何進一步定義 FHIR 的 Observation Resource，以呈現身體組成分析儀中涉及之身體總水分資料。"/>
      <exampleBoolean value="false"/>
    </resource>
    <resource>
      <extension url="http://hl7.org/fhir/tools/StructureDefinition/resource-information">
        <valueString value="StructureDefinition:resource"/>
      </extension>
      <reference>
        <reference value="StructureDefinition/PASportObservationBodyMassIndex"/>
      </reference>
      <name value="身體組成分析儀－身體質量指數"/>
      <description value="此 Profile 說明本 IG 如何進一步定義 FHIR 的 Observation Resource，以呈現身體組成分析儀中涉及之BMI資料。"/>
      <exampleBoolean value="false"/>
    </resource>
    <resource>
      <extension url="http://hl7.org/fhir/tools/StructureDefinition/resource-information">
        <valueString value="StructureDefinition:resource"/>
      </extension>
      <reference>
        <reference value="StructureDefinition/PASportObservationSkeletalMuscleMass"/>
      </reference>
      <name value="身體組成分析儀－骨骼肌重"/>
      <description value="此 Profile 說明本 IG 如何進一步定義 FHIR 的 Observation Resource，以呈現身體組成分析儀中涉及之骨骼肌重資料。"/>
      <exampleBoolean value="false"/>
    </resource>
    <resource>
      <extension url="http://hl7.org/fhir/tools/StructureDefinition/resource-information">
        <valueString value="StructureDefinition:resource"/>
      </extension>
      <reference>
        <reference value="StructureDefinition/PASportObservationBodyAge"/>
      </reference>
      <name value="身體組成分析儀－體內年齡"/>
      <description value="此 Profile 說明本 IG 如何進一步定義 FHIR 的 Observation Resource，以呈現身體組成分析儀中涉及之體內年齡資料。"/>
      <exampleBoolean value="false"/>
    </resource>
    <resource>
      <extension url="http://hl7.org/fhir/tools/StructureDefinition/resource-information">
        <valueString value="StructureDefinition:resource"/>
      </extension>
      <reference>
        <reference value="StructureDefinition/PASportObservationBodyFatPercentage"/>
      </reference>
      <name value="身體組成分析儀－體脂率"/>
      <description value="此 Profile 說明本 IG 如何進一步定義 FHIR 的 Observation Resource，以呈現身體組成分析儀中涉及之體脂率資料。"/>
      <exampleBoolean value="false"/>
    </resource>
    <resource>
      <extension url="http://hl7.org/fhir/tools/StructureDefinition/resource-information">
        <valueString value="StructureDefinition:resource"/>
      </extension>
      <reference>
        <reference value="StructureDefinition/PASportObservationBodyFatMass"/>
      </reference>
      <name value="身體組成分析儀－體脂肪重"/>
      <description value="此 Profile 說明本 IG 如何進一步定義 FHIR 的 Observation Resource，以呈現身體組成分析儀中涉及之體脂肪重資料。"/>
      <exampleBoolean value="false"/>
    </resource>
    <resource>
      <extension url="http://hl7.org/fhir/tools/StructureDefinition/resource-information">
        <valueString value="CodeSystem"/>
      </extension>
      <reference>
        <reference value="CodeSystem/ReferralConditionCrushCS-TWLTC"/>
      </reference>
      <name value="轉介單壓傷狀況代碼"/>
      <description value="用於表述個案的壓傷狀況。"/>
      <exampleBoolean value="false"/>
    </resource>
    <resource>
      <extension url="http://hl7.org/fhir/tools/StructureDefinition/resource-information">
        <valueString value="CodeSystem"/>
      </extension>
      <reference>
        <reference value="CodeSystem/ReferralConditionResidenceCS-TWLTC"/>
      </reference>
      <name value="轉介單居住狀況代碼"/>
      <description value="用於表述個案的居住狀況"/>
      <exampleBoolean value="false"/>
    </resource>
    <resource>
      <extension url="http://hl7.org/fhir/tools/StructureDefinition/resource-information">
        <valueString value="CodeSystem"/>
      </extension>
      <reference>
        <reference value="CodeSystem/ReferralCarePlanCS-TWLTC"/>
      </reference>
      <name value="轉介單申請服務種類代碼"/>
      <description value="用於表述個案欲申請的服務項目。"/>
      <exampleBoolean value="false"/>
    </resource>
    <resource>
      <extension url="http://hl7.org/fhir/tools/StructureDefinition/resource-information">
        <valueString value="ValueSet"/>
      </extension>
      <reference>
        <reference value="ValueSet/ReferralCarePlanVS-TWLTC"/>
      </reference>
      <name value="轉介單申請服務種類值集"/>
      <description value="轉介單申請服務種類的值集"/>
      <exampleBoolean value="false"/>
    </resource>
    <resource>
      <extension url="http://hl7.org/fhir/tools/StructureDefinition/resource-information">
        <valueString value="CodeSystem"/>
      </extension>
      <reference>
        <reference value="CodeSystem/ReferralConditionCaregiverCS-TWLTC"/>
      </reference>
      <name value="轉介單看護狀況代碼"/>
      <description value="用於表述個案雇用看護的狀況。"/>
      <exampleBoolean value="false"/>
    </resource>
    <resource>
      <extension url="http://hl7.org/fhir/tools/StructureDefinition/resource-information">
        <valueString value="CodeSystem"/>
      </extension>
      <reference>
        <reference value="CodeSystem/ReferralConditionTubeCS-TWLTC"/>
      </reference>
      <name value="轉介單管路狀況代碼"/>
      <description value="用於表述轉介單的狀況代碼，包含身心障礙手冊、管路、壓傷、居住狀況、看護、主要問題及需求等。"/>
      <exampleBoolean value="false"/>
    </resource>
    <resource>
      <extension url="http://hl7.org/fhir/tools/StructureDefinition/resource-information">
        <valueString value="StructureDefinition:resource"/>
      </extension>
      <reference>
        <reference value="StructureDefinition/LTCQuestionnaireResponseReferralADL"/>
      </reference>
      <name value="轉介單－ADL 失能項目評估問卷回覆"/>
      <description value="此 Profile 說明本 IG 如何進一步定義 FHIR 的 QuestionnaireResponse Resource，以呈現轉介單－ADL 失能項目評估問卷的回覆資料。"/>
      <exampleBoolean value="false"/>
    </resource>
    <resource>
      <extension url="http://hl7.org/fhir/tools/StructureDefinition/resource-information">
        <valueString value="StructureDefinition:resource"/>
      </extension>
      <reference>
        <reference value="StructureDefinition/LTCQuestionnaireResponseReferralIADL"/>
      </reference>
      <name value="轉介單－IADL 失能項目評估問卷回覆"/>
      <description value="此 Profile 說明本 IG 如何進一步定義 FHIR 的 QuestionnaireResponse Resource，以呈現轉介單－IADL 失能項目評估問卷的回覆資料。"/>
      <exampleBoolean value="false"/>
    </resource>
    <resource>
      <extension url="http://hl7.org/fhir/tools/StructureDefinition/resource-information">
        <valueString value="StructureDefinition:resource"/>
      </extension>
      <reference>
        <reference value="StructureDefinition/LTCPatientReferral"/>
      </reference>
      <name value="轉介單－個案基本資料"/>
      <description value="此 Profile 說明本 IG 如何進一步定義 FHIR 的 Patient Resource，以呈現適用於長期照護管理中心個案服務初篩表/轉介單的長照機構住民基本資料。"/>
      <exampleBoolean value="false"/>
    </resource>
    <resource>
      <extension url="http://hl7.org/fhir/tools/StructureDefinition/resource-information">
        <valueString value="StructureDefinition:resource"/>
      </extension>
      <reference>
        <reference value="StructureDefinition/LTCCarePlanReferral"/>
      </reference>
      <name value="轉介單－服務種類"/>
      <description value="此 Profile 說明本 IG 如何進一步定義 FHIR 的 CarePlan Resource，以呈現轉診單中欲申請之服務種類。"/>
      <exampleBoolean value="false"/>
    </resource>
    <resource>
      <extension url="http://hl7.org/fhir/tools/StructureDefinition/resource-information">
        <valueString value="StructureDefinition:resource"/>
      </extension>
      <reference>
        <reference value="StructureDefinition/LTCQuestionnaireResponseReferralCaregiver"/>
      </reference>
      <name value="轉介單－照顧者問卷回覆"/>
      <description value="此 Profile 說明本 IG 如何進一步定義 FHIR 的 QuestionnaireResponse Resource，以呈現轉介單－照顧者問卷的回覆資料。"/>
      <exampleBoolean value="false"/>
    </resource>
    <resource>
      <extension url="http://hl7.org/fhir/tools/StructureDefinition/resource-information">
        <valueString value="StructureDefinition:resource"/>
      </extension>
      <reference>
        <reference value="StructureDefinition/LTCQuestionnaireResponseReferralSOF"/>
      </reference>
      <name value="轉介單－衰弱評估問卷回覆"/>
      <description value="此 Profile 說明本 IG 如何進一步定義 FHIR 的 QuestionnaireResponse Resource，以呈現轉介單－衰弱評估問卷的回覆資料。"/>
      <exampleBoolean value="false"/>
    </resource>
    <resource>
      <extension url="http://hl7.org/fhir/tools/StructureDefinition/resource-information">
        <valueString value="StructureDefinition:resource"/>
      </extension>
      <reference>
        <reference value="StructureDefinition/PASportServiceRequest"/>
      </reference>
      <name value="運動處方－服務請求"/>
      <description value="長照機構住民運動處方的服務請求資料，本 Profile 繼承自身體活動量測 (Physical Activity Measure) 的 Sport Data ServiceRequest Profile。"/>
      <exampleBoolean value="false"/>
    </resource>
    <resource>
      <extension url="http://hl7.org/fhir/tools/StructureDefinition/resource-information">
        <valueString value="StructureDefinition:resource"/>
      </extension>
      <reference>
        <reference value="StructureDefinition/PASportConditionMedicalHistory"/>
      </reference>
      <name value="運動處方－病史"/>
      <description value="長照機構住民運動處方的病史資料，本 Profile 繼承自身體活動量測 (Physical Activity Measure) 的 Sport Data Condition Profile。"/>
      <exampleBoolean value="false"/>
    </resource>
    <resource>
      <extension url="http://hl7.org/fhir/tools/StructureDefinition/resource-information">
        <valueString value="StructureDefinition:resource"/>
      </extension>
      <reference>
        <reference value="StructureDefinition/PASportConditionExerciseHistory"/>
      </reference>
      <name value="運動處方－運動史"/>
      <description value="長照機構住民運動處方的運動史資料，本 Profile 繼承自身體活動量測 (Physical Activity Measure) 的 Sport Data Condition Profile。"/>
      <exampleBoolean value="false"/>
    </resource>
    <resource>
      <extension url="http://hl7.org/fhir/tools/StructureDefinition/resource-information">
        <valueString value="StructureDefinition:resource"/>
      </extension>
      <reference>
        <reference value="StructureDefinition/PASportGoal"/>
      </reference>
      <name value="運動處方－運動目標"/>
      <description value="此 Profile 說明本 IG 如何進一步定義 FHIR 的 Goal Resource，以呈現運動處方中涉及之運動目標內容。"/>
      <exampleBoolean value="false"/>
    </resource>
    <resource>
      <extension url="http://hl7.org/fhir/tools/StructureDefinition/resource-information">
        <valueString value="StructureDefinition:resource"/>
      </extension>
      <reference>
        <reference value="StructureDefinition/PASportCarePlan"/>
      </reference>
      <name value="運動處方－運動計畫"/>
      <description value="此 Profile 說明本 IG 如何進一步定義 FHIR 的 CarePlan Resource，以呈現長期照顧情境中涉及之運動計畫內容。"/>
      <exampleBoolean value="false"/>
    </resource>
    <resource>
      <extension url="http://hl7.org/fhir/tools/StructureDefinition/resource-information">
        <valueString value="StructureDefinition:resource"/>
      </extension>
      <reference>
        <reference value="StructureDefinition/PASportObservationTreadmill"/>
      </reference>
      <name value="運動項目－跑步機"/>
      <description value="此 Profile 說明本 IG 如何進一步定義 FHIR 的 Observation Resource，以呈現運動項目中涉及之跑步機資料。"/>
      <exampleBoolean value="false"/>
    </resource>
    <resource>
      <extension url="http://hl7.org/fhir/tools/StructureDefinition/resource-information">
        <valueString value="StructureDefinition:resource"/>
      </extension>
      <reference>
        <reference value="StructureDefinition/PASportObservationWeightTraining"/>
      </reference>
      <name value="運動項目－重量訓練"/>
      <description value="此 Profile 說明本 IG 如何進一步定義 FHIR 的 Observation Resource，以呈現運動項目中涉及之重量訓練資料。"/>
      <exampleBoolean value="false"/>
    </resource>
    <resource>
      <extension url="http://hl7.org/fhir/tools/StructureDefinition/resource-information">
        <valueString value="StructureDefinition:resource"/>
      </extension>
      <reference>
        <reference value="StructureDefinition/LTCCompositionReferral"/>
      </reference>
      <name value="長期照護管理中心個案服務初篩表/轉介單文件架構"/>
      <description value="此 Composition 以臺北市長期照顧管理中心個案服務初篩表/轉介單為基礎，用以表述長期照顧管理中心個案服務初篩表/轉介單的文件結構。"/>
      <exampleBoolean value="false"/>
    </resource>
    <resource>
      <extension url="http://hl7.org/fhir/tools/StructureDefinition/resource-information">
        <valueString value="StructureDefinition:resource"/>
      </extension>
      <reference>
        <reference value="StructureDefinition/LTCBundleReferral"/>
      </reference>
      <name value="長期照顧管理中心個案服務初篩表/轉介單文件打包"/>
      <description value="此 Bundle 以臺北市長期照顧管理中心個案服務初篩表/轉介單為基礎，用以表述長期照顧管理中心個案服務初篩表/轉介單的文件打包結構。&#xA;&#xA;注意：各縣市轉介單格式可能有所不同，此 Profile 將於後續版本逐步納入各縣市初篩表/轉介單格式並進行整合。"/>
      <exampleBoolean value="false"/>
    </resource>
    <resource>
      <extension url="http://hl7.org/fhir/tools/StructureDefinition/resource-information">
        <valueString value="StructureDefinition:resource"/>
      </extension>
      <reference>
        <reference value="StructureDefinition/LTCPatient"/>
      </reference>
      <name value="長期照顧－住民基本資料"/>
      <description value="此 Profile 說明本 IG 如何進一步定義 FHIR 的 Patient Resource，以呈現長照機構住民的基本資料。"/>
      <exampleBoolean value="false"/>
    </resource>
    <resource>
      <extension url="http://hl7.org/fhir/tools/StructureDefinition/resource-information">
        <valueString value="StructureDefinition:resource"/>
      </extension>
      <reference>
        <reference value="StructureDefinition/LTCQuestionnaire"/>
      </reference>
      <name value="長期照顧－問卷"/>
      <description value="此 Profile 說明本 IG 如何進一步定義 FHIR 的 Questionnaire Resource，以呈現長期照顧情境中涉及之問卷或量表內容。"/>
      <exampleBoolean value="false"/>
    </resource>
    <resource>
      <extension url="http://hl7.org/fhir/tools/StructureDefinition/resource-information">
        <valueString value="StructureDefinition:resource"/>
      </extension>
      <reference>
        <reference value="StructureDefinition/LTCQuestionnaireResponse"/>
      </reference>
      <name value="長期照顧－問卷回覆"/>
      <description value="此 Profile 說明本 IG 如何進一步定義 FHIR 的 QuestionnaireResponse Resource，以呈現長期照顧情境中涉及之問卷或量表回覆內容。"/>
      <exampleBoolean value="false"/>
    </resource>
    <resource>
      <extension url="http://hl7.org/fhir/tools/StructureDefinition/resource-information">
        <valueString value="StructureDefinition:resource"/>
      </extension>
      <reference>
        <reference value="StructureDefinition/LTCConditionCrush"/>
      </reference>
      <name value="長期照顧－壓傷狀況"/>
      <description value="此 Profile 說明本 IG 如何進一步定義 FHIR 的 Condition Resource，以呈現長照機構住民的壓傷狀況。"/>
      <exampleBoolean value="false"/>
    </resource>
    <resource>
      <extension url="http://hl7.org/fhir/tools/StructureDefinition/resource-information">
        <valueString value="StructureDefinition:resource"/>
      </extension>
      <reference>
        <reference value="StructureDefinition/LTCConditionResidence"/>
      </reference>
      <name value="長期照顧－居住狀況"/>
      <description value="此 Profile 說明本 IG 如何進一步定義 FHIR 的 Condition Resource，以呈現長照機構住民的居住狀況。"/>
      <exampleBoolean value="false"/>
    </resource>
    <resource>
      <extension url="http://hl7.org/fhir/tools/StructureDefinition/resource-information">
        <valueString value="StructureDefinition:resource"/>
      </extension>
      <reference>
        <reference value="StructureDefinition/LTCPractitionerRole"/>
      </reference>
      <name value="長期照顧－服務人員角色"/>
      <description value="此 Profile 說明本 IG 如何進一步定義 FHIR 的 PractitionerRole Resource，以呈現長期照顧服務人員的角色資料。&#xA;&#xA;有關 PractitionerRole 與 Practitioner 的差異及相關解釋，請參照 [TW Core IG](https://build.fhir.org/ig/cctwFHIRterm/MOHW_TWCoreIG_Build/StructureDefinition-PractitionerRole-twcore.html) 中的說明。"/>
      <exampleBoolean value="false"/>
    </resource>
    <resource>
      <extension url="http://hl7.org/fhir/tools/StructureDefinition/resource-information">
        <valueString value="StructureDefinition:resource"/>
      </extension>
      <reference>
        <reference value="StructureDefinition/Organization-twltc"/>
      </reference>
      <name value="長期照顧－機構"/>
      <description value="此 Profile 說明本 IG 如何進一步定義 FHIR 的 Organization Resource，以呈現機構的資料。這裡的機構包含但不限於醫院、診所、長照機構、社區服務單位等。"/>
      <exampleBoolean value="false"/>
    </resource>
    <resource>
      <extension url="http://hl7.org/fhir/tools/StructureDefinition/resource-information">
        <valueString value="StructureDefinition:resource"/>
      </extension>
      <reference>
        <reference value="StructureDefinition/LTCCareTeam"/>
      </reference>
      <name value="長期照顧－照顧團隊"/>
      <description value="此 Profile 說明本 IG 如何進一步定義 FHIR 的 CareTeam Resource，以呈現長期照顧情境中涉及之照顧團隊資訊。"/>
      <exampleBoolean value="false"/>
    </resource>
    <resource>
      <extension url="http://hl7.org/fhir/tools/StructureDefinition/resource-information">
        <valueString value="StructureDefinition:resource"/>
      </extension>
      <reference>
        <reference value="StructureDefinition/LTCPractitioner"/>
      </reference>
      <name value="長期照顧－照顧服務提供者"/>
      <description value="此 Profile 說明本 IG 如何進一步定義 FHIR 的 Practitioner Resource，以呈現照顧服務提供者的資料。這裡的照顧服務提供者係指醫事人員、照顧服務員、其他經過專業訓練的照顧服務提供者，領域包含但不限於長期照顧與運動。"/>
      <exampleBoolean value="false"/>
    </resource>
    <resource>
      <extension url="http://hl7.org/fhir/tools/StructureDefinition/resource-information">
        <valueString value="StructureDefinition:resource"/>
      </extension>
      <reference>
        <reference value="StructureDefinition/LTCGoal"/>
      </reference>
      <name value="長期照顧－照顧目標"/>
      <description value="此 Profile 說明本 IG 如何進一步定義 FHIR 的 Goal Resource，以呈現長期照顧情境中涉及之照顧目標內容。"/>
      <exampleBoolean value="false"/>
    </resource>
    <resource>
      <extension url="http://hl7.org/fhir/tools/StructureDefinition/resource-information">
        <valueString value="StructureDefinition:resource"/>
      </extension>
      <reference>
        <reference value="StructureDefinition/LTCCarePlan"/>
      </reference>
      <name value="長期照顧－照顧計畫"/>
      <description value="此 Profile 說明本 IG 如何進一步定義 FHIR 的 CarePlan Resource，以呈現長期照顧情境中涉及之照顧計畫內容。"/>
      <exampleBoolean value="false"/>
    </resource>
    <resource>
      <extension url="http://hl7.org/fhir/tools/StructureDefinition/resource-information">
        <valueString value="StructureDefinition:resource"/>
      </extension>
      <reference>
        <reference value="StructureDefinition/LTCObservationVitalSigns"/>
      </reference>
      <name value="長期照顧－生命體徵"/>
      <description value="此 Profile 說明本 IG 如何進一步定義 FHIR 的 Observation Resource，以呈現長照機構住民的生命體徵資料。"/>
      <exampleBoolean value="false"/>
    </resource>
    <resource>
      <extension url="http://hl7.org/fhir/tools/StructureDefinition/resource-information">
        <valueString value="StructureDefinition:resource"/>
      </extension>
      <reference>
        <reference value="StructureDefinition/LTCMedicationAdministration"/>
      </reference>
      <name value="長期照顧－用藥資料"/>
      <description value="此 Profile 說明本 IG 如何進一步定義 FHIR 的 MedicationAdministration Resource，以呈現長照機構住民的用藥資料。"/>
      <exampleBoolean value="false"/>
    </resource>
    <resource>
      <extension url="http://hl7.org/fhir/tools/StructureDefinition/resource-information">
        <valueString value="StructureDefinition:resource"/>
      </extension>
      <reference>
        <reference value="StructureDefinition/LTCCondition"/>
      </reference>
      <name value="長期照顧－病情、問題或診斷"/>
      <description value="此 Profile 說明本 IG 如何進一步定義 FHIR 的 Condition Resource，以呈現長照機構住民的病情、問題或診斷資料。"/>
      <exampleBoolean value="false"/>
    </resource>
    <resource>
      <extension url="http://hl7.org/fhir/tools/StructureDefinition/resource-information">
        <valueString value="StructureDefinition:resource"/>
      </extension>
      <reference>
        <reference value="StructureDefinition/LTCConditionCaregiver"/>
      </reference>
      <name value="長期照顧－看護狀況"/>
      <description value="此 Profile 說明本 IG 如何進一步定義 FHIR 的 Condition Resource，以呈現長期照顧情境中住民的看護狀況資料。"/>
      <exampleBoolean value="false"/>
    </resource>
    <resource>
      <extension url="http://hl7.org/fhir/tools/StructureDefinition/resource-information">
        <valueString value="StructureDefinition:resource"/>
      </extension>
      <reference>
        <reference value="StructureDefinition/LTCConditionTube"/>
      </reference>
      <name value="長期照顧－管路裝設狀況"/>
      <description value="此 Profile 說明本 IG 如何進一步定義 FHIR 的 Condition Resource，以呈現長照機構住民的管路裝設狀況與類別。"/>
      <exampleBoolean value="false"/>
    </resource>
    <resource>
      <extension url="http://hl7.org/fhir/tools/StructureDefinition/resource-information">
        <valueString value="StructureDefinition:resource"/>
      </extension>
      <reference>
        <reference value="StructureDefinition/LTCConditionDisability"/>
      </reference>
      <name value="長期照顧－身心障礙手冊持有狀態"/>
      <description value="此 Profile 說明本 IG 如何進一步定義 FHIR 的 Condition Resource，以呈現長照機構住民的身心障礙手冊持有狀態。"/>
      <exampleBoolean value="false"/>
    </resource>
    <resource>
      <extension url="http://hl7.org/fhir/tools/StructureDefinition/resource-information">
        <valueString value="StructureDefinition:resource"/>
      </extension>
      <reference>
        <reference value="StructureDefinition/LTCConditionDisabilityType"/>
      </reference>
      <name value="長期照顧－身心障礙類型"/>
      <description value="此 Profile 說明本 IG 如何進一步定義 FHIR 的 Condition Resource，以呈現長照機構住民的身心障礙類型。"/>
      <exampleBoolean value="false"/>
    </resource>
    <resource>
      <extension url="http://hl7.org/fhir/tools/StructureDefinition/resource-information">
        <valueString value="StructureDefinition:resource"/>
      </extension>
      <reference>
        <reference value="StructureDefinition/LTCRelatedPerson"/>
      </reference>
      <name value="長期照顧－關係人"/>
      <description value="此 Profile 說明本 IG 如何進一步定義 FHIR 的 RelatedPerson Resource，以呈現住民的關係人，包含家屬、照顧者、法定代理人等與住民有關的人員資料。"/>
      <exampleBoolean value="false"/>
    </resource>
    <resource>
      <extension url="http://hl7.org/fhir/tools/StructureDefinition/resource-information">
        <valueString value="StructureDefinition:extension"/>
      </extension>
      <reference>
        <reference value="StructureDefinition/ExtPatientEducationStatus-TWLTC"/>
      </reference>
      <name value="長照機構住民教育程度"/>
      <description value="此 Extension 用以表述長照機構住民的教育程度。"/>
      <exampleBoolean value="false"/>
    </resource>
    <resource>
      <extension url="http://hl7.org/fhir/tools/StructureDefinition/resource-information">
        <valueString value="StructureDefinition:extension"/>
      </extension>
      <reference>
        <reference value="StructureDefinition/ExtPatientEconomyStatus-TWLTC"/>
      </reference>
      <name value="長照機構住民經濟狀況"/>
      <description value="此 Extension 用以表述長照機構住民的經濟狀況。"/>
      <exampleBoolean value="false"/>
    </resource>
    <resource>
      <extension url="http://hl7.org/fhir/tools/StructureDefinition/resource-information">
        <valueString value="CodeSystem"/>
      </extension>
      <reference>
        <reference value="CodeSystem/RelationshipTypeCS-TWLTC"/>
      </reference>
      <name value="關係類型擴展代碼"/>
      <description value="關係人與個案的關係類型擴展代碼，新增孫媳婦、孫女婿、聘用看護-本國籍、聘用看護-外國籍等代碼"/>
      <exampleBoolean value="false"/>
    </resource>
    <resource>
      <extension url="http://hl7.org/fhir/tools/StructureDefinition/resource-information">
        <valueString value="ValueSet"/>
      </extension>
      <reference>
        <reference value="ValueSet/RelationshipTypeVS-TWLTC"/>
      </reference>
      <name value="關係類型擴展值集"/>
      <description value="關係人與個案的關係類型擴展代碼值集，新增孫媳婦、孫女婿、聘用看護-本國籍、聘用看護-外國籍等代碼"/>
      <exampleBoolean value="false"/>
    </resource>
    <page>
      <extension url="http://hl7.org/fhir/tools/StructureDefinition/ig-page-name">
        <valueUrl value="toc.html"/>
      </extension>
      <nameUrl value="toc.html"/>
      <title value="Table of Contents"/>
      <generation value="html"/>
      <page>
        <extension url="http://hl7.org/fhir/tools/StructureDefinition/ig-page-name">
          <valueUrl value="index.html"/>
        </extension>
        <nameUrl value="index.html"/>
        <title value="Home"/>
        <generation value="markdown"/>
      </page>
      <page>
        <extension url="http://hl7.org/fhir/tools/StructureDefinition/ig-page-name">
          <valueUrl value="connectathon.html"/>
        </extension>
        <nameUrl value="connectathon.html"/>
        <title value="Connectathon"/>
        <generation value="markdown"/>
      </page>
      <page>
        <extension url="http://hl7.org/fhir/tools/StructureDefinition/ig-page-name">
          <valueUrl value="downloads.html"/>
        </extension>
        <nameUrl value="downloads.html"/>
        <title value="Downloads"/>
        <generation value="markdown"/>
      </page>
      <page>
        <extension url="http://hl7.org/fhir/tools/StructureDefinition/ig-page-name">
          <valueUrl value="ImplementationGuide-fhir.twltc.html"/>
        </extension>
        <nameUrl value="ImplementationGuide-fhir.twltc.html"/>
        <title value="Implementation Guide Fhir Twltc"/>
        <generation value="markdown"/>
      </page>
      <page>
        <extension url="http://hl7.org/fhir/tools/StructureDefinition/ig-page-name">
          <valueUrl value="profiles-and-extensions.html"/>
        </extension>
        <nameUrl value="profiles-and-extensions.html"/>
        <title value="Profiles and Extensions"/>
        <generation value="markdown"/>
      </page>
      <page>
        <extension url="http://hl7.org/fhir/tools/StructureDefinition/ig-page-name">
          <valueUrl value="security.html"/>
        </extension>
        <nameUrl value="security.html"/>
        <title value="Security"/>
        <generation value="markdown"/>
      </page>
      <page>
        <extension url="http://hl7.org/fhir/tools/StructureDefinition/ig-page-name">
          <valueUrl value="terminologies.html"/>
        </extension>
        <nameUrl value="terminologies.html"/>
        <title value="Terminologies"/>
        <generation value="markdown"/>
      </page>
      <page>
        <extension url="http://hl7.org/fhir/tools/StructureDefinition/ig-page-name">
          <valueUrl value="validates.html"/>
        </extension>
        <nameUrl value="validates.html"/>
        <title value="Validates"/>
        <generation value="markdown"/>
      </page>
    </page>
    <parameter>
      <code value="path-resource"/>
      <value value="input/capabilities"/>
    </parameter>
    <parameter>
      <code value="path-resource"/>
      <value value="input/examples"/>
    </parameter>
    <parameter>
      <code value="path-resource"/>
      <value value="input/extensions"/>
    </parameter>
    <parameter>
      <code value="path-resource"/>
      <value value="input/models"/>
    </parameter>
    <parameter>
      <code value="path-resource"/>
      <value value="input/operations"/>
    </parameter>
    <parameter>
      <code value="path-resource"/>
      <value value="input/profiles"/>
    </parameter>
    <parameter>
      <code value="path-resource"/>
      <value value="input/resources"/>
    </parameter>
    <parameter>
      <code value="path-resource"/>
      <value value="input/vocabulary"/>
    </parameter>
    <parameter>
      <code value="path-resource"/>
      <value value="input/maps"/>
    </parameter>
    <parameter>
      <code value="path-resource"/>
      <value value="input/testing"/>
    </parameter>
    <parameter>
      <code value="path-resource"/>
      <value value="input/history"/>
    </parameter>
    <parameter>
      <code value="path-resource"/>
      <value value="fsh-generated/resources"/>
    </parameter>
    <parameter>
      <code value="path-pages"/>
      <value value="template/config"/>
    </parameter>
    <parameter>
      <code value="path-pages"/>
      <value value="input/images"/>
    </parameter>
    <parameter>
      <code value="path-tx-cache"/>
      <value value="input-cache/txcache"/>
    </parameter>
  </definition>
</ImplementationGuide>