<?xml version="1.0" encoding="UTF-8"?>

<Observation xmlns="http://hl7.org/fhir">
  <id value="ltc-observation-blood-pressure-example"/>
  <meta>
    <profile value="http://ltc-ig.fhir.tw/StructureDefinition/LTCObservationVitalSigns"/>
  </meta>
  <text>
    <status value="generated"/><div xmlns="http://www.w3.org/1999/xhtml"><p class="res-header-id"><b>Generated Narrative: Observation ltc-observation-blood-pressure-example</b></p><a name="ltc-observation-blood-pressure-example"> </a><a name="hcltc-observation-blood-pressure-example"> </a><div style="display: inline-block; background-color: #d9e0e7; padding: 6px; margin: 4px; border: 1px solid #8da1b4; border-radius: 5px; line-height: 60%"><p style="margin-bottom: 0px"/><p style="margin-bottom: 0px">Profile: <a href="StructureDefinition-LTCObservationVitalSigns.html">長期照顧－生命體徵</a></p></div><p><b>status</b>: Final</p><p><b>category</b>: <span title="Codes:{http://terminology.hl7.org/CodeSystem/observation-category vital-signs}">Vital Signs</span></p><p><b>code</b>: <span title="Codes:{http://loinc.org 85354-9}">血壓</span></p><p><b>subject</b>: <a href="Patient-ltc-patient-chen-ming-hui.html">陳明慧 Female, DoB: 1945-03-15 ( National Person Identifier: A123456789 (use: official, ))</a></p><p><b>effective</b>: 2024-01-15 09:00:00+0800</p><p><b>performer</b>: <a href="PractitionerRole-ltc-practitioner-role-nurse-example.html">PractitionerRole Registered nurse</a></p><blockquote><p><b>component</b></p><p><b>code</b>: <span title="Codes:{http://loinc.org 8480-6}">Systolic blood pressure</span></p><p><b>value</b>: 135 mmHg<span style="background: LightGoldenRodYellow"> (Details: UCUM  codemm[Hg] = 'mm[Hg]')</span></p></blockquote><blockquote><p><b>component</b></p><p><b>code</b>: <span title="Codes:{http://loinc.org 8462-4}">Diastolic blood pressure</span></p><p><b>value</b>: 85 mmHg<span style="background: LightGoldenRodYellow"> (Details: UCUM  codemm[Hg] = 'mm[Hg]')</span></p></blockquote></div>
  </text>
  <status value="final"/>
  <category>
    <coding>
      <system value="http://terminology.hl7.org/CodeSystem/observation-category"/>
      <code value="vital-signs"/>
      <display value="Vital Signs"/>
    </coding>
  </category>
  <code>
    <coding>
      <system value="http://loinc.org"/>
      <code value="85354-9"/>
      <display value="Blood pressure panel with all children optional"/>
    </coding>
    <text value="血壓"/>
  </code>
  <subject>
    <reference value="Patient/ltc-patient-chen-ming-hui"/>
  </subject>
  <effectiveDateTime value="2024-01-15T09:00:00+08:00"/>
  <performer>
    <reference value="PractitionerRole/ltc-practitioner-role-nurse-example"/>
  </performer>
  <component>
    <code>
      <coding>
        <system value="http://loinc.org"/>
        <code value="8480-6"/>
        <display value="Systolic blood pressure"/>
      </coding>
    </code>
    <valueQuantity>
      <value value="135"/>
      <unit value="mmHg"/>
      <system value="http://unitsofmeasure.org"/>
      <code value="mm[Hg]"/>
    </valueQuantity>
  </component>
  <component>
    <code>
      <coding>
        <system value="http://loinc.org"/>
        <code value="8462-4"/>
        <display value="Diastolic blood pressure"/>
      </coding>
    </code>
    <valueQuantity>
      <value value="85"/>
      <unit value="mmHg"/>
      <system value="http://unitsofmeasure.org"/>
      <code value="mm[Hg]"/>
    </valueQuantity>
  </component>
</Observation>