<?xml version="1.0" encoding="UTF-8"?>

<Observation xmlns="http://hl7.org/fhir">
  <id value="pasport-observation-heart-rate-example"/>
  <meta>
    <profile value="http://ltc-ig.fhir.tw/StructureDefinition/PASportObservationHeartRate"/>
  </meta>
  <text>
    <status value="generated"/><div xmlns="http://www.w3.org/1999/xhtml"><p class="res-header-id"><b>Generated Narrative: Observation pasport-observation-heart-rate-example</b></p><a name="pasport-observation-heart-rate-example"> </a><a name="hcpasport-observation-heart-rate-example"> </a><div style="display: inline-block; background-color: #d9e0e7; padding: 6px; margin: 4px; border: 1px solid #8da1b4; border-radius: 5px; line-height: 60%"><p style="margin-bottom: 0px"/><p style="margin-bottom: 0px">Profile: <a href="StructureDefinition-PASportObservationHeartRate.html">基礎生理量測－心率</a></p></div><p><b>status</b>: Final</p><p><b>category</b>: <span title="Codes:{http://terminology.hl7.org/CodeSystem/observation-category vital-signs}">Vital Signs</span></p><p><b>code</b>: <span title="Codes:{http://loinc.org 8867-4}">Heart rate</span></p><p><b>subject</b>: <a href="Patient-ltc-patient-chen-ming-hui.html">陳明慧 Female, DoB: 1945-03-15 ( National Person Identifier: A123456789 (use: official, ))</a></p><p><b>effective</b>: 2024-01-15 09:30:00+0800</p><p><b>performer</b>: <a href="Practitioner-ltc-practitioner-example.html">Practitioner 王美玲(official)</a></p><p><b>value</b>: 72 beats/min<span style="background: LightGoldenRodYellow"> (Details: UCUM  code/min = '/min')</span></p><p><b>note</b>: @2024-01-15 09:30:00+0800</p><blockquote><div><p>運動前靜息心率，患者狀態穩定，準備開始進行步行運動</p>
</div></blockquote><p><b>bodySite</b>: <span title="Codes:{http://snomed.info/sct 368209003}">Right upper arm structure</span></p><p><b>method</b>: <span title="Codes:{http://snomed.info/sct 37931006}">Auscultation</span></p></div>
  </text>
  <status value="final"/>
  <category>
    <coding>
      <system value="http://terminology.hl7.org/CodeSystem/observation-category"/>
      <code value="vital-signs"/>
      <display value="Vital Signs"/>
    </coding>
  </category>
  <code>
    <coding>
      <system value="http://loinc.org"/>
      <code value="8867-4"/>
      <display value="Heart rate"/>
    </coding>
  </code>
  <subject>
    <reference value="Patient/ltc-patient-chen-ming-hui"/>
  </subject>
  <effectiveDateTime value="2024-01-15T09:30:00+08:00"/>
  <performer>
    <reference value="Practitioner/ltc-practitioner-example"/>
  </performer>
  <valueQuantity>
    <value value="72"/>
    <unit value="beats/min"/>
    <system value="http://unitsofmeasure.org"/>
    <code value="/min"/>
  </valueQuantity>
  <note>
    <time value="2024-01-15T09:30:00+08:00"/>
    <text value="運動前靜息心率，患者狀態穩定，準備開始進行步行運動"/>
  </note>
  <bodySite>
    <coding>
      <system value="http://snomed.info/sct"/>
      <code value="368209003"/>
      <display value="Right upper arm structure"/>
    </coding>
  </bodySite>
  <method>
    <coding>
      <system value="http://snomed.info/sct"/>
      <code value="37931006"/>
      <display value="Auscultation"/>
    </coding>
  </method>
</Observation>