<?xml version="1.0" encoding="UTF-8"?>

<Observation xmlns="http://hl7.org/fhir">
  <id value="pasport-observation-skeletal-muscle-mass-example"/>
  <meta>
    <profile value="http://ltc-ig.fhir.tw/StructureDefinition/PASportObservationSkeletalMuscleMass"/>
  </meta>
  <text>
    <status value="generated"/><div xmlns="http://www.w3.org/1999/xhtml"><p class="res-header-id"><b>Generated Narrative: Observation pasport-observation-skeletal-muscle-mass-example</b></p><a name="pasport-observation-skeletal-muscle-mass-example"> </a><a name="hcpasport-observation-skeletal-muscle-mass-example"> </a><div style="display: inline-block; background-color: #d9e0e7; padding: 6px; margin: 4px; border: 1px solid #8da1b4; border-radius: 5px; line-height: 60%"><p style="margin-bottom: 0px"/><p style="margin-bottom: 0px">Profile: <a href="StructureDefinition-PASportObservationSkeletalMuscleMass.html">身體組成分析儀－骨骼肌重</a></p></div><p><b>status</b>: Final</p><p><b>category</b>: <span title="Codes:{http://terminology.hl7.org/CodeSystem/observation-category vital-signs}">Vital Signs</span></p><p><b>code</b>: <span title="Codes:{http://ltc-ig.fhir.tw/CodeSystem/TempCodeCS-Sport SMM}">骨骼肌重</span></p><p><b>subject</b>: <a href="Patient-ltc-patient-chen-ming-hui.html">陳明慧 Female, DoB: 1945-03-15 ( National Person Identifier (TWN): A123456789 (use: official, ))</a></p><p><b>effective</b>: 2024-01-15 08:45:00+0800</p><p><b>performer</b>: <a href="Practitioner-ltc-practitioner-example.html">Practitioner 王美玲(official)</a></p><p><b>value</b>: 20.8 kg<span style="background: LightGoldenRodYellow"> (Details: UCUM  codekg = 'kg')</span></p><p><b>interpretation</b>: <span title="Codes:{http://terminology.hl7.org/CodeSystem/v3-ObservationInterpretation L}">Low</span></p><p><b>note</b>: @2024-01-15 08:45:00+0800</p><blockquote><div><p>骨骼肌重20.8公斤，略低於年齡標準。建議增加阻力訓練以提升肌肉量，預防肌少症</p>
</div></blockquote><p><b>method</b>: <span title="Codes:{http://snomed.info/sct 252465000}">Pulse oximetry</span></p><p><b>device</b>: InBody 270 身體組成分析儀</p><h3>ReferenceRanges</h3><table class="grid"><tr><td style="display: none">-</td><td><b>Low</b></td><td><b>High</b></td><td><b>Text</b></td></tr><tr><td style="display: none">*</td><td>22 kg<span style="background: LightGoldenRodYellow"> (Details: UCUM  codekg = 'kg')</span></td><td>27 kg<span style="background: LightGoldenRodYellow"> (Details: UCUM  codekg = 'kg')</span></td><td>65歲女性正常範圍</td></tr></table><h3>Components</h3><table class="grid"><tr><td style="display: none">-</td><td><b>Code</b></td><td><b>Value[x]</b></td></tr><tr><td style="display: none">*</td><td><span title="Codes:{http://ltc-ig.fhir.tw/CodeSystem/TempCodeCS-Sport SMI}">肌肉質量指數</span></td><td>7.6 kg/m2<span style="background: LightGoldenRodYellow"> (Details: UCUM  codekg/m2 = 'kg/m2')</span></td></tr></table></div>
  </text>
  <status value="final"/>
  <category>
    <coding>
      <system value="http://terminology.hl7.org/CodeSystem/observation-category"/>
      <code value="vital-signs"/>
      <display value="Vital Signs"/>
    </coding>
  </category>
  <code>
    <coding>
      <system value="http://ltc-ig.fhir.tw/CodeSystem/TempCodeCS-Sport"/>
      <code value="SMM"/>
      <display value="骨骼肌重"/>
    </coding>
  </code>
  <subject>
    <reference value="Patient/ltc-patient-chen-ming-hui"/>
  </subject>
  <effectiveDateTime value="2024-01-15T08:45:00+08:00"/>
  <performer>
    <reference value="Practitioner/ltc-practitioner-example"/>
  </performer>
  <valueQuantity>
    <value value="20.8"/>
    <unit value="kg"/>
    <system value="http://unitsofmeasure.org"/>
    <code value="kg"/>
  </valueQuantity>
  <interpretation>
    <coding>
      <system value="http://terminology.hl7.org/CodeSystem/v3-ObservationInterpretation"/>
      <code value="L"/>
      <display value="Low"/>
    </coding>
  </interpretation>
  <note>
    <time value="2024-01-15T08:45:00+08:00"/>
    <text value="骨骼肌重20.8公斤，略低於年齡標準。建議增加阻力訓練以提升肌肉量，預防肌少症"/>
  </note>
  <method>
    <coding>
      <system value="http://snomed.info/sct"/>
      <code value="252465000"/>
      <display value="Pulse oximetry"/>
    </coding>
  </method>
  <device>
    <display value="InBody 270 身體組成分析儀"/>
  </device>
  <referenceRange>
    <low>
      <value value="22"/>
      <unit value="kg"/>
      <system value="http://unitsofmeasure.org"/>
      <code value="kg"/>
    </low>
    <high>
      <value value="27"/>
      <unit value="kg"/>
      <system value="http://unitsofmeasure.org"/>
      <code value="kg"/>
    </high>
    <text value="65歲女性正常範圍"/>
  </referenceRange>
  <component>
    <code>
      <coding>
        <system value="http://ltc-ig.fhir.tw/CodeSystem/TempCodeCS-Sport"/>
        <code value="SMI"/>
        <display value="肌肉質量指數"/>
      </coding>
    </code>
    <valueQuantity>
      <value value="7.6"/>
      <unit value="kg/m2"/>
      <system value="http://unitsofmeasure.org"/>
      <code value="kg/m2"/>
    </valueQuantity>
  </component>
</Observation>