<?xml version="1.0" encoding="UTF-8"?>

<Observation xmlns="http://hl7.org/fhir">
  <id value="pasport-observation-body-fat-percentage-example"/>
  <meta>
    <profile value="http://ltc-ig.fhir.tw/StructureDefinition/PASportObservationBodyFatPercentage"/>
  </meta>
  <text>
    <status value="generated"/><div xmlns="http://www.w3.org/1999/xhtml"><p class="res-header-id"><b>Generated Narrative: Observation pasport-observation-body-fat-percentage-example</b></p><a name="pasport-observation-body-fat-percentage-example"> </a><a name="hcpasport-observation-body-fat-percentage-example"> </a><div style="display: inline-block; background-color: #d9e0e7; padding: 6px; margin: 4px; border: 1px solid #8da1b4; border-radius: 5px; line-height: 60%"><p style="margin-bottom: 0px"/><p style="margin-bottom: 0px">Profile: <a href="StructureDefinition-PASportObservationBodyFatPercentage.html">身體組成分析儀－體脂率</a></p></div><p><b>status</b>: Final</p><p><b>category</b>: <span title="Codes:{http://terminology.hl7.org/CodeSystem/observation-category vital-signs}">Vital Signs</span></p><p><b>code</b>: <span title="Codes:{http://loinc.org 41982-0}">Percentage of body fat Measured</span></p><p><b>subject</b>: <a href="Patient-ltc-patient-chen-ming-hui.html">陳明慧 Female, DoB: 1945-03-15 ( National Person Identifier: A123456789 (use: official, ))</a></p><p><b>effective</b>: 2024-01-15 08:45:00+0800</p><p><b>performer</b>: <a href="Practitioner-ltc-practitioner-example.html">Practitioner 王美玲(official)</a></p><p><b>value</b>: 28.5 %<span style="background: LightGoldenRodYellow"> (Details: UCUM  code% = '%')</span></p><p><b>interpretation</b>: <span title="Codes:{http://terminology.hl7.org/CodeSystem/v3-ObservationInterpretation N}">Normal</span></p><p><b>note</b>: @2024-01-15 08:45:00+0800</p><blockquote><div><p>體脂率28.5%，位於女性正常範圍內。建議透過有氧運動和肌力訓練來優化身體組成</p>
</div></blockquote><p><b>method</b>: <span title="Codes:{http://snomed.info/sct 702668008}">Bioelectrical impedance analysis</span></p><p><b>device</b>: InBody 270 身體組成分析儀</p><h3>ReferenceRanges</h3><table class="grid"><tr><td style="display: none">-</td><td><b>Low</b></td><td><b>High</b></td><td><b>Text</b></td></tr><tr><td style="display: none">*</td><td>21 %<span style="background: LightGoldenRodYellow"> (Details: UCUM  code% = '%')</span></td><td>33 %<span style="background: LightGoldenRodYellow"> (Details: UCUM  code% = '%')</span></td><td>女性正常範圍</td></tr></table></div>
  </text>
  <status value="final"/>
  <category>
    <coding>
      <system value="http://terminology.hl7.org/CodeSystem/observation-category"/>
      <code value="vital-signs"/>
      <display value="Vital Signs"/>
    </coding>
  </category>
  <code>
    <coding>
      <system value="http://loinc.org"/>
      <code value="41982-0"/>
      <display value="Percentage of body fat Measured"/>
    </coding>
  </code>
  <subject>
    <reference value="Patient/ltc-patient-chen-ming-hui"/>
  </subject>
  <effectiveDateTime value="2024-01-15T08:45:00+08:00"/>
  <performer>
    <reference value="Practitioner/ltc-practitioner-example"/>
  </performer>
  <valueQuantity>
    <value value="28.5"/>
    <unit value="%"/>
    <system value="http://unitsofmeasure.org"/>
    <code value="%"/>
  </valueQuantity>
  <interpretation>
    <coding>
      <system value="http://terminology.hl7.org/CodeSystem/v3-ObservationInterpretation"/>
      <code value="N"/>
      <display value="Normal"/>
    </coding>
  </interpretation>
  <note>
    <time value="2024-01-15T08:45:00+08:00"/>
    <text value="體脂率28.5%，位於女性正常範圍內。建議透過有氧運動和肌力訓練來優化身體組成"/>
  </note>
  <method>
    <coding>
      <system value="http://snomed.info/sct"/>
      <code value="702668008"/>
      <display value="Bioelectrical impedance analysis"/>
    </coding>
  </method>
  <device>
    <display value="InBody 270 身體組成分析儀"/>
  </device>
  <referenceRange>
    <low>
      <value value="21"/>
      <unit value="%"/>
      <system value="http://unitsofmeasure.org"/>
      <code value="%"/>
    </low>
    <high>
      <value value="33"/>
      <unit value="%"/>
      <system value="http://unitsofmeasure.org"/>
      <code value="%"/>
    </high>
    <text value="女性正常範圍"/>
  </referenceRange>
</Observation>