<?xml version="1.0" encoding="UTF-8"?>

<Observation xmlns="http://hl7.org/fhir">
  <id value="pasport-observation-weight-example"/>
  <meta>
    <profile value="http://ltc-ig.fhir.tw/StructureDefinition/PASportObservationWeight"/>
  </meta>
  <text>
    <status value="generated"/><div xmlns="http://www.w3.org/1999/xhtml"><p class="res-header-id"><b>Generated Narrative: Observation pasport-observation-weight-example</b></p><a name="pasport-observation-weight-example"> </a><a name="hcpasport-observation-weight-example"> </a><div style="display: inline-block; background-color: #d9e0e7; padding: 6px; margin: 4px; border: 1px solid #8da1b4; border-radius: 5px; line-height: 60%"><p style="margin-bottom: 0px"/><p style="margin-bottom: 0px">Profile: <a href="StructureDefinition-PASportObservationWeight.html">基礎生理量測－體重</a></p></div><p><b>status</b>: Final</p><p><b>category</b>: <span title="Codes:{http://terminology.hl7.org/CodeSystem/observation-category vital-signs}">Vital Signs</span></p><p><b>code</b>: <span title="Codes:{http://loinc.org 29463-7}">Body weight</span></p><p><b>subject</b>: <a href="Patient-ltc-patient-chen-ming-hui.html">陳明慧 Female, DoB: 1945-03-15 ( National Person Identifier (TWN): A123456789 (use: official, ))</a></p><p><b>effective</b>: 2024-01-15 08:00:00+0800</p><p><b>performer</b>: <a href="Practitioner-ltc-practitioner-example.html">Practitioner 王美玲(official)</a></p><p><b>value</b>: 65.5 kg<span style="background: LightGoldenRodYellow"> (Details: UCUM  codekg = 'kg')</span></p><p><b>note</b>: @2024-01-15 08:00:00+0800</p><blockquote><div><p>運動計畫開始前基線體重測量，較上月減輕0.8公斤，患者狀況良好</p>
</div></blockquote><p><b>method</b>: <span title="Codes:{http://snomed.info/sct 363808001}">Measured body weight</span></p><h3>Components</h3><table class="grid"><tr><td style="display: none">-</td><td><b>Code</b></td><td><b>Value[x]</b></td></tr><tr><td style="display: none">*</td><td><span title="Codes:{http://loinc.org 8350-1}">Weight W clothes Measured</span></td><td>-0.8 kg<span style="background: LightGoldenRodYellow"> (Details: UCUM  codekg = 'kg')</span></td></tr></table></div>
  </text>
  <status value="final"/>
  <category>
    <coding>
      <system value="http://terminology.hl7.org/CodeSystem/observation-category"/>
      <code value="vital-signs"/>
      <display value="Vital Signs"/>
    </coding>
  </category>
  <code>
    <coding>
      <system value="http://loinc.org"/>
      <code value="29463-7"/>
      <display value="Body weight"/>
    </coding>
  </code>
  <subject>
    <reference value="Patient/ltc-patient-chen-ming-hui"/>
  </subject>
  <effectiveDateTime value="2024-01-15T08:00:00+08:00"/>
  <performer>
    <reference value="Practitioner/ltc-practitioner-example"/>
  </performer>
  <valueQuantity>
    <value value="65.5"/>
    <unit value="kg"/>
    <system value="http://unitsofmeasure.org"/>
    <code value="kg"/>
  </valueQuantity>
  <note>
    <time value="2024-01-15T08:00:00+08:00"/>
    <text value="運動計畫開始前基線體重測量，較上月減輕0.8公斤，患者狀況良好"/>
  </note>
  <method>
    <coding>
      <system value="http://snomed.info/sct"/>
      <code value="363808001"/>
      <display value="Measured body weight"/>
    </coding>
  </method>
  <component>
    <code>
      <coding>
        <system value="http://loinc.org"/>
        <code value="8350-1"/>
        <display value="Weight W clothes Measured"/>
      </coding>
    </code>
    <valueQuantity>
      <value value="-0.8"/>
      <unit value="kg"/>
      <system value="http://unitsofmeasure.org"/>
      <code value="kg"/>
    </valueQuantity>
  </component>
</Observation>