<?xml version="1.0" encoding="UTF-8"?>

<Organization xmlns="http://hl7.org/fhir">
  <id value="ltc-organization-example"/>
  <meta>
    <profile value="http://ltc-ig.fhir.tw/StructureDefinition/Organization-twltc"/>
  </meta>
  <text>
    <status value="generated"/><div xmlns="http://www.w3.org/1999/xhtml"><p class="res-header-id"><b>Generated Narrative: Organization ltc-organization-example</b></p><a name="ltc-organization-example"> </a><a name="hcltc-organization-example"> </a><div style="display: inline-block; background-color: #d9e0e7; padding: 6px; margin: 4px; border: 1px solid #8da1b4; border-radius: 5px; line-height: 60%"><p style="margin-bottom: 0px"/><p style="margin-bottom: 0px">Profile: <a href="StructureDefinition-Organization-twltc.html">長期照顧－機構</a></p></div><p><b>identifier</b>: Provider Number/0131060029 (use: usual, )</p><p><b>active</b>: true</p><p><b>type</b>: <span title="Codes:{http://terminology.hl7.org/CodeSystem/organization-type prov}">Healthcare Provider</span></p><p><b>name</b>: 新北市私立安康老人長期照顧中心（養護型）</p><p><b>telecom</b>: ph: 02-29412345(Work), fax: 02-29412346(Work)</p><p><b>address</b>: 新北市中和區安康路二段123號(work)</p><h3>Contacts</h3><table class="grid"><tr><td style="display: none">-</td><td><b>Purpose</b></td><td><b>Name</b></td><td><b>Telecom</b></td></tr><tr><td style="display: none">*</td><td><span title="Codes:{http://terminology.hl7.org/CodeSystem/contactentity-type ADMIN}">Administrative</span></td><td>志明 王 (Official)</td><td>ph: 02-29412345(Work)</td></tr></table></div>
  </text>
  <identifier>
    <use value="usual"/>
    <type>
      <coding>
        <system value="http://terminology.hl7.org/CodeSystem/v2-0203"/>
        <code value="PRN"/>
        <display value="Provider Number"/>
      </coding>
    </type>
    <system value="http://www.moi.gov.tw"/>
    <value value="0131060029"/>
  </identifier>
  <active value="true"/>
  <type>
    <coding>
      <system value="http://terminology.hl7.org/CodeSystem/organization-type"/>
      <code value="prov"/>
      <display value="Healthcare Provider"/>
    </coding>
  </type>
  <name value="新北市私立安康老人長期照顧中心（養護型）"/>
  <telecom>
    <system value="phone"/>
    <value value="02-29412345"/>
    <use value="work"/>
  </telecom>
  <telecom>
    <system value="fax"/>
    <value value="02-29412346"/>
    <use value="work"/>
  </telecom>
  <address>
    <use value="work"/>
    <type value="physical"/>
    <text value="新北市中和區安康路二段123號"/>
    <line value="安康路二段123號"/>
    <city value="中和區"/>
    <state value="新北市"/>
    <postalCode value="23511"/>
    <country value="TW"/>
  </address>
  <contact>
    <purpose>
      <coding>
        <system value="http://terminology.hl7.org/CodeSystem/contactentity-type"/>
        <code value="ADMIN"/>
        <display value="Administrative"/>
      </coding>
    </purpose>
    <name>
      <use value="official"/>
      <family value="王"/>
      <given value="志明"/>
    </name>
    <telecom>
      <system value="phone"/>
      <value value="02-29412345"/>
      <use value="work"/>
    </telecom>
  </contact>
</Organization>