<?xml version="1.0" encoding="UTF-8"?>

<Patient xmlns="http://hl7.org/fhir">
  <id value="ltc-patient-referral-example"/>
  <meta>
    <profile value="http://ltc-ig.fhir.tw/StructureDefinition/LTCPatientReferral"/>
  </meta>
  <text>
    <status value="generated"/><div xmlns="http://www.w3.org/1999/xhtml"><p class="res-header-id"><b>Generated Narrative: Patient ltc-patient-referral-example</b></p><a name="ltc-patient-referral-example"> </a><a name="hcltc-patient-referral-example"> </a><div style="display: inline-block; background-color: #d9e0e7; padding: 6px; margin: 4px; border: 1px solid #8da1b4; border-radius: 5px; line-height: 60%"><p style="margin-bottom: 0px"/><p style="margin-bottom: 0px">Profile: <a href="StructureDefinition-LTCPatientReferral.html">轉介單－個案基本資料</a></p></div><p style="border: 1px #661aff solid; background-color: #e6e6ff; padding: 10px;">李秀芳(official) Female, DoB: 1950-03-22 ( National identifier: B987654321 (use: official, ))</p><hr/><table class="grid"><tr><td style="background-color: #f3f5da" title="Record is active">Active:</td><td>true</td><td style="background-color: #f3f5da" title="Known Marital status of Patient">Marital Status:</td><td colspan="3"><span title="Codes:{http://terminology.hl7.org/CodeSystem/v3-MaritalStatus W}">Widowed</span></td></tr><tr><td style="background-color: #f3f5da" title="Other Id (see the one above)">Other Id:</td><td colspan="3">Provider number/REF-98765 (use: official, )</td></tr><tr><td style="background-color: #f3f5da" title="Ways to contact the Patient">Contact Detail</td><td colspan="3"><ul><li>ph: 07-98765432(Home)</li><li>高雄市前鎮區成功二路25號(home)</li></ul></td></tr><tr><td style="background-color: #f3f5da" title="Nominated Contact: Next-of-Kin">Next-of-Kin:</td><td colspan="3"><ul><li>李志明(Official)</li><li>ph: 0923-456-789(Mobile)</li></ul></td></tr><tr><td style="background-color: #f3f5da" title="此 Extension 用以表述長照機構住民的經濟狀況。"><a href="StructureDefinition-ExtPatientEconomyStatus-TWLTC.html">長照機構住民經濟狀況</a></td><td colspan="3"><span title="Codes:{http://ltc-ig.fhir.tw/CodeSystem/EconomyStatusCS-TWLTC 2}">中低收入戶</span></td></tr></table></div>
  </text>
  <extension url="http://ltc-ig.fhir.tw/StructureDefinition/ExtPatientEconomyStatus-TWLTC">
    <valueCodeableConcept>
      <coding>
        <system value="http://ltc-ig.fhir.tw/CodeSystem/EconomyStatusCS-TWLTC"/>
        <code value="2"/>
        <display value="中低收入戶"/>
      </coding>
    </valueCodeableConcept>
  </extension>
  <identifier>
    <use value="official"/>
    <type>
      <coding>
        <system value="http://terminology.hl7.org/CodeSystem/v2-0203"/>
        <code value="PRN"/>
        <display value="Provider number"/>
      </coding>
    </type>
    <system value="http://ltc-referral-center.tw"/>
    <value value="REF-98765"/>
  </identifier>
  <identifier>
    <use value="official"/>
    <type>
      <coding>
        <system value="http://terminology.hl7.org/CodeSystem/v2-0203"/>
        <code value="NNxxx"/>
        <display value="National identifier"/>
      </coding>
    </type>
    <system value="http://www.moi.gov.tw"/>
    <value value="B987654321"/>
  </identifier>
  <active value="true"/>
  <name>
    <use value="official"/>
    <text value="李秀芳"/>
    <family value="李"/>
    <given value="秀芳"/>
  </name>
  <telecom>
    <system value="phone"/>
    <value value="07-98765432"/>
    <use value="home"/>
  </telecom>
  <gender value="female"/>
  <birthDate value="1950-03-22"/>
  <address>
    <use value="home"/>
    <type value="both"/>
    <text value="高雄市前鎮區成功二路25號"/>
    <line value="成功二路25號"/>
    <city value="高雄市"/>
    <district value="前鎮區"/>
    <postalCode value="806"/>
    <country value="TW"/>
  </address>
  <maritalStatus>
    <coding>
      <system value="http://terminology.hl7.org/CodeSystem/v3-MaritalStatus"/>
      <code value="W"/>
      <display value="Widowed"/>
    </coding>
  </maritalStatus>
  <contact>
    <relationship>
      <coding>
        <system value="http://terminology.hl7.org/CodeSystem/v2-0131"/>
        <code value="N"/>
        <display value="Next-of-Kin"/>
      </coding>
    </relationship>
    <name>
      <use value="official"/>
      <text value="李志明"/>
      <family value="李"/>
      <given value="志明"/>
    </name>
    <telecom>
      <system value="phone"/>
      <value value="0923-456-789"/>
      <use value="mobile"/>
    </telecom>
  </contact>
</Patient>