<?xml version="1.0" encoding="UTF-8"?>

<Patient xmlns="http://hl7.org/fhir">
  <id value="ltc-patient-cms-chen-ming-hui-example"/>
  <meta>
    <profile value="http://ltc-ig.fhir.tw/StructureDefinition/LTCPatientCMS"/>
  </meta>
  <text>
    <status value="generated"/><div xmlns="http://www.w3.org/1999/xhtml"><p class="res-header-id"><b>Generated Narrative: Patient ltc-patient-cms-chen-ming-hui-example</b></p><a name="ltc-patient-cms-chen-ming-hui-example"> </a><a name="hcltc-patient-cms-chen-ming-hui-example"> </a><div style="display: inline-block; background-color: #d9e0e7; padding: 6px; margin: 4px; border: 1px solid #8da1b4; border-radius: 5px; line-height: 60%"><p style="margin-bottom: 0px"/><p style="margin-bottom: 0px">Profile: <a href="StructureDefinition-LTCPatientCMS.html">照顧管理評估量表－個案基本資料</a></p></div><p style="border: 1px #661aff solid; background-color: #e6e6ff; padding: 10px;">陳明慧 Female, DoB: 1945-03-15 ( National Person Identifier: A123456789 (use: official, ))</p><hr/><table class="grid"><tr><td style="background-color: #f3f5da" title="Record is active">Active:</td><td>true</td><td style="background-color: #f3f5da" title="Known Marital status of Patient">Marital Status:</td><td colspan="3"><span title="Codes:{http://terminology.hl7.org/CodeSystem/v3-MaritalStatus W}">喪偶</span></td></tr><tr><td style="background-color: #f3f5da" title="Other Id (see the one above)">Other Id:</td><td colspan="3">Provider Number/R2024001 (use: official, )</td></tr><tr><td style="background-color: #f3f5da" title="Alternate names (see the one above)">Alt. Name:</td><td colspan="3">Chen Ming Hui(Official)</td></tr><tr><td style="background-color: #f3f5da" title="Ways to contact the Patient">Contact Detail</td><td colspan="3"><ul><li>ph: 0912345678(Mobile)</li><li>新北市中和區安康路二段123號3樓301室(home)</li><li>台北市大安區和平東路二段76號2樓(billing)</li></ul></td></tr><tr><td style="background-color: #f3f5da" title="Nominated Contact: Next-of-Kin">Next-of-Kin:</td><td colspan="3"><ul><li>陳志強</li><li>ph: 0987654321(Mobile)</li></ul></td></tr><tr><td style="background-color: #f3f5da" title="Patient Links">Links:</td><td colspan="3"><ul><li>Managing Organization: <a href="Organization-ltc-organization-example.html">Organization 新北市私立安康老人長期照顧中心（養護型）</a></li></ul></td></tr><tr><td style="background-color: #f3f5da" title="此 Extension 用以表述個案的身分別。"><a href="StructureDefinition-ExtPatientIdentity-TWLTC.html">個案身分別</a></td><td colspan="3"><span title="Codes:{http://ltc-ig.fhir.tw/CodeSystem/PatientIdentityCS-TWLTC 1}">一般戶</span></td></tr><tr><td style="background-color: #f3f5da" title="此 Extension 用以表述長照機構住民的教育程度。"><a href="StructureDefinition-ExtPatientEducationStatus-TWLTC.html">長照機構住民教育程度</a></td><td colspan="3"><span title="Codes:{http://ltc-ig.fhir.tw/CodeSystem/EducationStatusCS-TWLTC elementary}">國小</span></td></tr></table></div>
  </text>
  <extension url="http://ltc-ig.fhir.tw/StructureDefinition/ExtPatientEducationStatus-TWLTC">
    <valueCodeableConcept>
      <coding>
        <system value="http://ltc-ig.fhir.tw/CodeSystem/EducationStatusCS-TWLTC"/>
        <code value="elementary"/>
        <display value="國小"/>
      </coding>
    </valueCodeableConcept>
  </extension>
  <extension url="http://ltc-ig.fhir.tw/StructureDefinition/ExtPatientIdentity-TWLTC">
    <valueCodeableConcept>
      <coding>
        <system value="http://ltc-ig.fhir.tw/CodeSystem/PatientIdentityCS-TWLTC"/>
        <code value="1"/>
        <display value="一般戶"/>
      </coding>
    </valueCodeableConcept>
  </extension>
  <identifier>
    <use value="official"/>
    <type>
      <coding>
        <system value="http://terminology.hl7.org/CodeSystem/v2-0203"/>
        <code value="PRN"/>
        <display value="Provider Number"/>
      </coding>
    </type>
    <system value="http://www.ankang-ltc.tw"/>
    <value value="R2024001"/>
  </identifier>
  <identifier>
    <use value="official"/>
    <type>
      <coding>
        <system value="http://terminology.hl7.org/CodeSystem/v2-0203"/>
        <code value="NNxxx"/>
        <display value="National Person Identifier"/>
      </coding>
    </type>
    <system value="http://www.moi.gov.tw"/>
    <value value="A123456789"/>
  </identifier>
  <active value="true"/>
  <name>
    <use value="official"/>
    <text value="Chen Ming Hui"/>
  </name>
  <name>
    <use value="usual"/>
    <text value="陳明慧"/>
  </name>
  <telecom>
    <system value="phone"/>
    <value value="0912345678"/>
    <use value="mobile"/>
  </telecom>
  <gender value="female"/>
  <birthDate value="1945-03-15"/>
  <address>
    <use value="home"/>
    <text value="新北市中和區安康路二段123號3樓301室"/>
    <line value="安康路二段123號3樓301室"/>
    <city value="中和區"/>
    <state value="新北市"/>
    <postalCode value="23511"/>
    <country value="TW"/>
  </address>
  <address>
    <use value="billing"/>
    <text value="台北市大安區和平東路二段76號2樓"/>
    <line value="和平東路二段76號2樓"/>
    <city value="大安區"/>
    <state value="台北市"/>
    <postalCode value="10663"/>
    <country value="TW"/>
  </address>
  <maritalStatus>
    <coding>
      <system value="http://terminology.hl7.org/CodeSystem/v3-MaritalStatus"/>
      <code value="W"/>
      <display value="Widowed"/>
    </coding>
    <text value="喪偶"/>
  </maritalStatus>
  <contact>
    <relationship>
      <coding>
        <system value="http://terminology.hl7.org/CodeSystem/v2-0131"/>
        <code value="N"/>
        <display value="Next-of-Kin"/>
      </coding>
    </relationship>
    <name>
      <use value="usual"/>
      <text value="陳志強"/>
    </name>
    <telecom>
      <system value="phone"/>
      <value value="0987654321"/>
      <use value="mobile"/>
    </telecom>
  </contact>
  <managingOrganization>
    <reference value="Organization/ltc-organization-example"/>
  </managingOrganization>
</Patient>