<?xml version="1.0" encoding="UTF-8"?>

<RelatedPerson xmlns="http://hl7.org/fhir">
  <id value="ltc-related-person-primary-caregiver-example"/>
  <meta>
    <profile value="http://ltc-ig.fhir.tw/StructureDefinition/LTCRelatedPerson"/>
  </meta>
  <text>
    <status value="extensions"/><div xmlns="http://www.w3.org/1999/xhtml"><p class="res-header-id"><b>Generated Narrative: RelatedPerson ltc-related-person-primary-caregiver-example</b></p><a name="ltc-related-person-primary-caregiver-example"> </a><a name="hcltc-related-person-primary-caregiver-example"> </a><div style="display: inline-block; background-color: #d9e0e7; padding: 6px; margin: 4px; border: 1px solid #8da1b4; border-radius: 5px; line-height: 60%"><p style="margin-bottom: 0px"/><p style="margin-bottom: 0px">Profile: <a href="StructureDefinition-LTCRelatedPerson.html">長期照顧－關係人</a></p></div><p><b>是否為主要照顧者</b>: true</p><p><b>active</b>: true</p><p><b>patient</b>: <a href="Patient-ltc-patient-chen-ming-hui.html">陳明慧 Female, DoB: 1945-03-15 ( National Person Identifier (TWN): A123456789 (use: official, ))</a></p><p><b>relationship</b>: <span title="Codes:{http://terminology.hl7.org/CodeSystem/v3-RoleCode CHILD}">child</span></p><p><b>name</b>: 陳志強</p><p><b>telecom</b>: ph: 0987654321(Mobile), ph: 02-27031234(Home)</p><p><b>gender</b>: Male</p><p><b>address</b>: 台北市大安區仁愛路三段55號8樓(home)</p></div>
  </text>
  <extension url="http://ltc-ig.fhir.tw/StructureDefinition/ExtRelatedPersonIsPrimary-TWLTC">
    <valueBoolean value="true"/>
  </extension>
  <active value="true"/>
  <patient>
    <reference value="Patient/ltc-patient-chen-ming-hui"/>
  </patient>
  <relationship>
    <coding>
      <system value="http://terminology.hl7.org/CodeSystem/v3-RoleCode"/>
      <code value="CHILD"/>
      <display value="child"/>
    </coding>
  </relationship>
  <name>
    <use value="usual"/>
    <text value="陳志強"/>
    <family value="陳"/>
    <given value="志強"/>
  </name>
  <telecom>
    <system value="phone"/>
    <value value="0987654321"/>
    <use value="mobile"/>
  </telecom>
  <telecom>
    <system value="phone"/>
    <value value="02-27031234"/>
    <use value="home"/>
  </telecom>
  <gender value="male"/>
  <address>
    <use value="home"/>
    <text value="台北市大安區仁愛路三段55號8樓"/>
    <line value="仁愛路三段55號8樓"/>
    <city value="大安區"/>
    <state value="台北市"/>
    <postalCode value="10657"/>
    <country value="TW"/>
  </address>
</RelatedPerson>