<?xml version="1.0" encoding="UTF-8"?>

<ServiceRequest xmlns="http://hl7.org/fhir">
  <id value="pasport-servicerequest-exercise-therapy-example"/>
  <meta>
    <profile value="http://ltc-ig.fhir.tw/StructureDefinition/PASportServiceRequest"/>
  </meta>
  <text>
    <status value="generated"/><div xmlns="http://www.w3.org/1999/xhtml"><p class="res-header-id"><b>Generated Narrative: ServiceRequest pasport-servicerequest-exercise-therapy-example</b></p><a name="pasport-servicerequest-exercise-therapy-example"> </a><a name="hcpasport-servicerequest-exercise-therapy-example"> </a><div style="display: inline-block; background-color: #d9e0e7; padding: 6px; margin: 4px; border: 1px solid #8da1b4; border-radius: 5px; line-height: 60%"><p style="margin-bottom: 0px"/><p style="margin-bottom: 0px">Profile: <a href="StructureDefinition-PASportServiceRequest.html">運動處方－服務請求</a></p></div><p><b>identifier</b>: <code>http://ltc-ig.fhir.tw/servicerequest-id</code>/SR-SPORT-2024-001</p><p><b>status</b>: Active</p><p><b>intent</b>: Order</p><p><b>category</b>: <span title="Codes:{http://ltc-ig.fhir.tw/CodeSystem/TempCodeCS-Sport PhysicalActivity}">Physical Activity</span></p><p><b>code</b>: <span title="Codes:{http://snomed.info/sct 229070002}">申請個人化運動治療計畫，包含步行訓練、平衡訓練及肌力強化運動</span></p><p><b>subject</b>: <a href="Patient-ltc-patient-chen-ming-hui.html">陳明慧 Female, DoB: 1945-03-15 ( National Person Identifier: A123456789 (use: official, ))</a></p><p><b>authoredOn</b>: 2024-01-15 10:00:00+0800</p><p><b>requester</b>: <a href="Practitioner-ltc-practitioner-example.html">Practitioner 王美玲(official)</a></p><p><b>performerType</b>: <span title="Codes:{http://snomed.info/sct 36682004}">Physiotherapist</span></p><p><b>reasonCode</b>: <span title="Codes:{http://snomed.info/sct 26929004}">Alzheimer's disease</span></p><p><b>reasonReference</b>: <a href="Condition-pasport-condition-exercise-history-example.html">Condition Exercise therapy</a></p><p><b>supportingInfo</b>: <a href="Observation-pasport-observation-heart-rate-example.html">Observation Heart rate</a></p><p><b>note</b>: @2024-01-15 10:00:00+0800</p><blockquote><div><p>患者因認知功能輕度下降，建議透過規律運動改善體能及認知功能。需要專業物理治療師指導，設計適合的運動計畫。</p>
</div></blockquote><p><b>patientInstruction</b>: 請於每週二、四、六上午9:00-10:00參加運動治療課程，穿著合適運動鞋及寬鬆衣物</p></div>
  </text>
  <identifier>
    <system value="http://ltc-ig.fhir.tw/servicerequest-id"/>
    <value value="SR-SPORT-2024-001"/>
  </identifier>
  <status value="active"/>
  <intent value="order"/>
  <category>
    <coding>
      <system value="http://ltc-ig.fhir.tw/CodeSystem/TempCodeCS-Sport"/>
      <code value="PhysicalActivity"/>
      <display value="Physical Activity"/>
    </coding>
  </category>
  <code>
    <coding>
      <system value="http://snomed.info/sct"/>
      <code value="229070002"/>
      <display value="Exercise therapy"/>
    </coding>
    <text value="申請個人化運動治療計畫，包含步行訓練、平衡訓練及肌力強化運動"/>
  </code>
  <subject>
    <reference value="Patient/ltc-patient-chen-ming-hui"/>
  </subject>
  <authoredOn value="2024-01-15T10:00:00+08:00"/>
  <requester>
    <reference value="Practitioner/ltc-practitioner-example"/>
  </requester>
  <performerType>
    <coding>
      <system value="http://snomed.info/sct"/>
      <code value="36682004"/>
      <display value="Physiotherapist"/>
    </coding>
  </performerType>
  <reasonCode>
    <coding>
      <system value="http://snomed.info/sct"/>
      <code value="26929004"/>
      <display value="Alzheimer's disease"/>
    </coding>
  </reasonCode>
  <reasonReference>
    <reference value="Condition/pasport-condition-exercise-history-example"/>
  </reasonReference>
  <supportingInfo>
    <reference value="Observation/pasport-observation-heart-rate-example"/>
  </supportingInfo>
  <note>
    <time value="2024-01-15T10:00:00+08:00"/>
    <text value="患者因認知功能輕度下降，建議透過規律運動改善體能及認知功能。需要專業物理治療師指導，設計適合的運動計畫。"/>
  </note>
  <patientInstruction value="請於每週二、四、六上午9:00-10:00參加運動治療課程，穿著合適運動鞋及寬鬆衣物"/>
</ServiceRequest>