<?xml version="1.0" encoding="UTF-8"?>

<ValueSet xmlns="http://hl7.org/fhir">
  <id value="GoalDescriptionVS-TWLTC"/>
  <text>
    <status value="generated"/><div xmlns="http://www.w3.org/1999/xhtml"><p class="res-header-id"><b>Generated Narrative: ValueSet GoalDescriptionVS-TWLTC</b></p><a name="GoalDescriptionVS-TWLTC"> </a><a name="hcGoalDescriptionVS-TWLTC"> </a><a name="GoalDescriptionVS-TWLTC-en-US"> </a><p>This value set includes codes based on the following rules:</p><ul><li>Include all codes defined in <a href="http://www.snomed.org/"><code>http://snomed.info/sct</code></a></li><li>Include all codes defined in <a href="http://loinc.org"><code>http://loinc.org</code></a></li></ul></div>
  </text>
  <url value="http://ltc-ig.fhir.tw/ValueSet/GoalDescriptionVS-TWLTC"/>
  <version value="0.2.0"/>
  <name value="GoalDescriptionVSTWLTC"/>
  <title value="照顧目標描述值集"/>
  <status value="active"/>
  <experimental value="false"/>
  <date value="2024-08-25"/>
  <publisher value="MI-TW"/>
  <contact>
    <name value="MI-TW"/>
    <telecom>
      <system value="url"/>
      <value value="https://mitw.dicom.org.tw/"/>
    </telecom>
  </contact>
  <description value="照顧目標的描述值集，用以表述長期照顧情境中涉及之照顧目標描述內容。本值集比照 US Core Goal Profile 中的 description 元素定義，引用 SNOMED CT 與 LOINC 等術語系統。"/>
  <compose>
    <include>
      <system value="http://snomed.info/sct"/>
    </include>
    <include>
      <system value="http://loinc.org"/>
    </include>
  </compose>
</ValueSet>