<?xml version="1.0" encoding="UTF-8"?>

<ValueSet xmlns="http://hl7.org/fhir">
  <id value="ReferralCarePlanVS-TWLTC"/>
  <text>
    <status value="generated"/><div xmlns="http://www.w3.org/1999/xhtml"><p class="res-header-id"><b>Generated Narrative: ValueSet ReferralCarePlanVS-TWLTC</b></p><a name="ReferralCarePlanVS-TWLTC"> </a><a name="hcReferralCarePlanVS-TWLTC"> </a><a name="ReferralCarePlanVS-TWLTC-en-US"> </a><ul><li>Include all codes defined in <a href="CodeSystem-ReferralCarePlanCS-TWLTC.html"><code>http://ltc-ig.fhir.tw/CodeSystem/ReferralCarePlanCS-TWLTC</code></a></li></ul></div>
  </text>
  <url value="http://ltc-ig.fhir.tw/ValueSet/ReferralCarePlanVS-TWLTC"/>
  <version value="0.2.0"/>
  <name value="ReferralCarePlanVSTWLTC"/>
  <title value="轉介單申請服務種類值集"/>
  <status value="active"/>
  <experimental value="false"/>
  <date value="2024-08-25"/>
  <publisher value="MI-TW"/>
  <contact>
    <name value="MI-TW"/>
    <telecom>
      <system value="url"/>
      <value value="https://mitw.dicom.org.tw/"/>
    </telecom>
  </contact>
  <description value="轉介單申請服務種類的值集"/>
  <compose>
    <include>
      <system value="http://ltc-ig.fhir.tw/CodeSystem/ReferralCarePlanCS-TWLTC"/>
    </include>
  </compose>
</ValueSet>