<?xml version="1.0" encoding="UTF-8"?>

<ValueSet xmlns="http://hl7.org/fhir">
  <id value="EducationStatusVS-TWLTC"/>
  <text>
    <status value="generated"/><div xmlns="http://www.w3.org/1999/xhtml"><p class="res-header-id"><b>Generated Narrative: ValueSet EducationStatusVS-TWLTC</b></p><a name="EducationStatusVS-TWLTC"> </a><a name="hcEducationStatusVS-TWLTC"> </a><a name="EducationStatusVS-TWLTC-en-US"> </a><ul><li>Include all codes defined in <a href="CodeSystem-EducationStatusCS-TWLTC.html"><code>http://ltc-ig.fhir.tw/CodeSystem/EducationStatusCS-TWLTC</code></a></li></ul></div>
  </text>
  <url value="http://ltc-ig.fhir.tw/ValueSet/EducationStatusVS-TWLTC"/>
  <version value="0.2.0"/>
  <name value="EducationStatusVSTWLTC"/>
  <title value="教育程度值集"/>
  <status value="active"/>
  <experimental value="false"/>
  <date value="2024-10-23T02:33:36+08:00"/>
  <publisher value="MI-TW"/>
  <contact>
    <name value="MI-TW"/>
    <telecom>
      <system value="url"/>
      <value value="https://mitw.dicom.org.tw/"/>
    </telecom>
  </contact>
  <description value="用以表述教育程度之值集，包含教育程度之描述內容。"/>
  <compose>
    <include>
      <system value="http://ltc-ig.fhir.tw/CodeSystem/EducationStatusCS-TWLTC"/>
    </include>
  </compose>
</ValueSet>