<?xml version="1.0" encoding="UTF-8"?>

<ValueSet xmlns="http://hl7.org/fhir">
  <id value="SportTrainingVS-Sport"/>
  <text>
    <status value="generated"/><div xmlns="http://www.w3.org/1999/xhtml"><p class="res-header-id"><b>Generated Narrative: ValueSet SportTrainingVS-Sport</b></p><a name="SportTrainingVS-Sport"> </a><a name="hcSportTrainingVS-Sport"> </a><a name="SportTrainingVS-Sport-en-US"> </a><ul><li>Include all codes defined in <a href="CodeSystem-SportTrainingCS-Sport.html"><code>http://ltc-ig.fhir.tw/CodeSystem/SportTrainingCS-Sport</code></a></li></ul></div>
  </text>
  <url value="http://ltc-ig.fhir.tw/ValueSet/SportTrainingVS-Sport"/>
  <version value="0.2.0"/>
  <name value="SportTrainingVSSport"/>
  <title value="身體活動量測-重量訓練代碼值集"/>
  <status value="active"/>
  <experimental value="false"/>
  <date value="2024-06-04"/>
  <publisher value="MI-TW"/>
  <contact>
    <name value="MI-TW"/>
    <telecom>
      <system value="url"/>
      <value value="https://mitw.dicom.org.tw/"/>
    </telecom>
  </contact>
  <description value="定義重量訓練各個方面的代碼，包括使用的重量、執行的組數以及每組的重複次數。本 ValueSet 繼承自身體活動量測 IG，後續將配合原始 IG 進行更新。"/>
  <compose>
    <include>
      <system value="http://ltc-ig.fhir.tw/CodeSystem/SportTrainingCS-Sport"/>
    </include>
  </compose>
</ValueSet>