<?xml version="1.0" encoding="UTF-8"?>

<ValueSet xmlns="http://hl7.org/fhir">
  <id value="TempCodeVS-Sports"/>
  <text>
    <status value="generated"/><div xmlns="http://www.w3.org/1999/xhtml"><p class="res-header-id"><b>Generated Narrative: ValueSet TempCodeVS-Sports</b></p><a name="TempCodeVS-Sports"> </a><a name="hcTempCodeVS-Sports"> </a><a name="TempCodeVS-Sports-en-US"> </a><ul><li>Include all codes defined in <a href="CodeSystem-TempCodeCS-Sports.html"><code>http://ltc-ig.fhir.tw/CodeSystem/TempCodeCS-Sports</code></a></li></ul></div>
  </text>
  <url value="http://ltc-ig.fhir.tw/ValueSet/TempCodeVS-Sports"/>
  <version value="0.2.0"/>
  <name value="TempCodeVSSports"/>
  <title value="身體活動量測-暫用代碼值集"/>
  <status value="active"/>
  <experimental value="false"/>
  <date value="2024-06-04"/>
  <publisher value="MI-TW"/>
  <contact>
    <name value="MI-TW"/>
    <telecom>
      <system value="url"/>
      <value value="https://mitw.dicom.org.tw/"/>
    </telecom>
  </contact>
  <description value="身體活動量測暫時使用的代碼，目前無官方代碼。本 ValueSet 繼承自身體活動量測 IG，後續將配合官方代碼更新。"/>
  <compose>
    <include>
      <system value="http://ltc-ig.fhir.tw/CodeSystem/TempCodeCS-Sports"/>
    </include>
  </compose>
</ValueSet>