<?xml version="1.0" encoding="UTF-8"?>

<ValueSet xmlns="http://hl7.org/fhir">
  <id value="GaitTypeVS-Sports"/>
  <text>
    <status value="generated"/><div xmlns="http://www.w3.org/1999/xhtml"><p class="res-header-id"><b>Generated Narrative: ValueSet GaitTypeVS-Sports</b></p><a name="GaitTypeVS-Sports"> </a><a name="hcGaitTypeVS-Sports"> </a><a name="GaitTypeVS-Sports-en-US"> </a><ul><li>Include these codes as defined in <code>http://snomed.info/sct/901000000000207008/version/20240901</code><table class="none"><tr><td style="white-space:nowrap"><b>Code</b></td><td><b>Display</b></td></tr><tr><td>8117002</td><td>Gait normal</td></tr><tr><td>264739002</td><td>Medial rotation - action</td></tr><tr><td>264730003</td><td>Lateral rotation - action</td></tr></table></li></ul></div>
  </text>
  <url value="http://ltc-ig.fhir.tw/ValueSet/GaitTypeVS-Sports"/>
  <version value="0.2.0"/>
  <name value="GaitTypeVSSports"/>
  <title value="身體活動量測-步態分析值集"/>
  <status value="active"/>
  <experimental value="false"/>
  <date value="2024-06-04"/>
  <publisher value="MI-TW"/>
  <contact>
    <name value="MI-TW"/>
    <telecom>
      <system value="url"/>
      <value value="https://mitw.dicom.org.tw/"/>
    </telecom>
  </contact>
  <description value="用於描述步態（walking gait）時腳的着地位置和運動模式。本 ValueSet 繼承自身體活動量測 IG，後續將配合原始 IG 進行更新。"/>
  <compose>
    <include>
      <system value="http://snomed.info/sct/901000000000207008/version/20240901"/>
      <concept>
        <code value="8117002"/>
        <display value="Gait normal"/>
      </concept>
      <concept>
        <code value="264739002"/>
        <display value="Medial rotation - action"/>
      </concept>
      <concept>
        <code value="264730003"/>
        <display value="Lateral rotation - action"/>
      </concept>
    </include>
  </compose>
</ValueSet>