<?xml version="1.0" encoding="UTF-8"?><CodeSystem xmlns="http://hl7.org/fhir"><id value="RelationshipTypeCS-TWLTC"/><text><status value="generated"/><div xmlns="http://www.w3.org/1999/xhtml"><p class="res-header-id"><b>Generated Narrative: CodeSystem RelationshipTypeCS-TWLTC</b></p><a name="RelationshipTypeCS-TWLTC"> </a><a name="hcRelationshipTypeCS-TWLTC"> </a><p>This case-sensitive code system <code>http://ltc-ig.fhir.tw/CodeSystem/RelationshipTypeCS-TWLTC</code> defines the following codes:</p><table class="codes"><tr><td style="white-space:nowrap"><b>Code</b></td><td><b>Display</b></td><td><b>Definition</b></td></tr><tr><td style="white-space:nowrap">GDAUINLAW<a name="RelationshipTypeCS-TWLTC-GDAUINLAW"> </a></td><td>孫媳婦</td><td>孫媳婦</td></tr><tr><td style="white-space:nowrap">GSONINLAW<a name="RelationshipTypeCS-TWLTC-GSONINLAW"> </a></td><td>孫女婿</td><td>孫女婿</td></tr><tr><td style="white-space:nowrap">CGIVERDOM<a name="RelationshipTypeCS-TWLTC-CGIVERDOM"> </a></td><td>聘用看護-本國籍</td><td>聘用看護-本國籍</td></tr><tr><td style="white-space:nowrap">CGIVERFOR<a name="RelationshipTypeCS-TWLTC-CGIVERFOR"> </a></td><td>聘用看護-外國籍</td><td>聘用看護-外國籍</td></tr></table></div></text><url value="http://ltc-ig.fhir.tw/CodeSystem/RelationshipTypeCS-TWLTC"/><version value="0.3.0"/><name value="RelationshipTypeCSTWLTC"/><title value="關係類型擴展代碼"/><status value="active"/><experimental value="false"/><date value="2024-09-02"/><publisher value="經濟部產業發展署"/><contact><name value="經濟部產業發展署"/><telecom><system value="url"/><value value="https://www.ida.gov.tw/"/></telecom></contact><description value="關係人與個案的關係類型擴展代碼，新增孫媳婦、孫女婿、聘用看護-本國籍、聘用看護-外國籍等代碼"/><caseSensitive value="true"/><content value="complete"/><count value="4"/><concept><code value="GDAUINLAW"/><display value="孫媳婦"/><definition value="孫媳婦"/></concept><concept><code value="GSONINLAW"/><display value="孫女婿"/><definition value="孫女婿"/></concept><concept><code value="CGIVERDOM"/><display value="聘用看護-本國籍"/><definition value="聘用看護-本國籍"/></concept><concept><code value="CGIVERFOR"/><display value="聘用看護-外國籍"/><definition value="聘用看護-外國籍"/></concept></CodeSystem>