<?xml version="1.0" encoding="UTF-8"?><CodeSystem xmlns="http://hl7.org/fhir"><id value="ReferralConditionCaregiverCS-TWLTC"/><text><status value="generated"/><div xmlns="http://www.w3.org/1999/xhtml"><p class="res-header-id"><b>Generated Narrative: CodeSystem ReferralConditionCaregiverCS-TWLTC</b></p><a name="ReferralConditionCaregiverCS-TWLTC"> </a><a name="hcReferralConditionCaregiverCS-TWLTC"> </a><a name="ReferralConditionCaregiverCS-TWLTC-en-US"> </a><p>This case-sensitive code system <code>http://ltc-ig.fhir.tw/CodeSystem/ReferralConditionCaregiverCS-TWLTC</code> defines the following codes:</p><table class="codes"><tr><td style="white-space:nowrap"><b>Code</b></td><td><b>Display</b></td><td><b>Definition</b></td></tr><tr><td style="white-space:nowrap">no-caregiver<a name="ReferralConditionCaregiverCS-TWLTC-no-caregiver"> </a></td><td>無看護</td><td>個案無雇用看護。</td></tr><tr><td style="white-space:nowrap">caregiver<a name="ReferralConditionCaregiverCS-TWLTC-caregiver"> </a></td><td>有看護</td><td>個案有雇用看護。</td></tr></table></div></text><url value="http://ltc-ig.fhir.tw/CodeSystem/ReferralConditionCaregiverCS-TWLTC"/><version value="0.2.0"/><name value="ReferralConditionCaregiverCSTWLTC"/><title value="轉介單看護狀況代碼"/><status value="active"/><experimental value="false"/><date value="2024-08-25"/><publisher value="MI-TW"/><contact><name value="MI-TW"/><telecom><system value="url"/><value value="https://mitw.dicom.org.tw/"/></telecom></contact><description value="用於表述個案雇用看護的狀況。"/><caseSensitive value="true"/><content value="complete"/><count value="2"/><concept><code value="no-caregiver"/><display value="無看護"/><definition value="個案無雇用看護。"/></concept><concept><code value="caregiver"/><display value="有看護"/><definition value="個案有雇用看護。"/></concept></CodeSystem>