<?xml version="1.0" encoding="UTF-8"?><CodeSystem xmlns="http://hl7.org/fhir"><id value="ReferralConditionCrushCS-TWLTC"/><text><status value="generated"/><div xmlns="http://www.w3.org/1999/xhtml"><p class="res-header-id"><b>Generated Narrative: CodeSystem ReferralConditionCrushCS-TWLTC</b></p><a name="ReferralConditionCrushCS-TWLTC"> </a><a name="hcReferralConditionCrushCS-TWLTC"> </a><a name="ReferralConditionCrushCS-TWLTC-en-US"> </a><p>This case-sensitive code system <code>http://ltc-ig.fhir.tw/CodeSystem/ReferralConditionCrushCS-TWLTC</code> defines the following codes:</p><table class="codes"><tr><td style="white-space:nowrap"><b>Code</b></td><td><b>Display</b></td><td><b>Definition</b></td></tr><tr><td style="white-space:nowrap">no-crush<a name="ReferralConditionCrushCS-TWLTC-no-crush"> </a></td><td>無壓傷</td><td>個案無壓傷。</td></tr><tr><td style="white-space:nowrap">crush<a name="ReferralConditionCrushCS-TWLTC-crush"> </a></td><td>壓傷</td><td>個案有壓傷。</td></tr></table></div></text><url value="http://ltc-ig.fhir.tw/CodeSystem/ReferralConditionCrushCS-TWLTC"/><version value="0.1.1"/><name value="ReferralConditionCrushCSTWLTC"/><title value="轉介單壓傷狀況代碼"/><status value="active"/><experimental value="false"/><date value="2024-08-25"/><publisher value="MI-TW"/><contact><name value="MI-TW"/><telecom><system value="url"/><value value="https://mitw.dicom.org.tw/"/></telecom></contact><description value="用於表述個案的壓傷狀況。"/><caseSensitive value="true"/><content value="complete"/><count value="2"/><concept><code value="no-crush"/><display value="無壓傷"/><definition value="個案無壓傷。"/></concept><concept><code value="crush"/><display value="壓傷"/><definition value="個案有壓傷。"/></concept></CodeSystem>