<?xml version="1.0" encoding="UTF-8"?><CodeSystem xmlns="http://hl7.org/fhir"><id value="ReferralConditionTubeCS-TWLTC"/><text><status value="generated"/><div xmlns="http://www.w3.org/1999/xhtml"><p class="res-header-id"><b>Generated Narrative: CodeSystem ReferralConditionTubeCS-TWLTC</b></p><a name="ReferralConditionTubeCS-TWLTC"> </a><a name="hcReferralConditionTubeCS-TWLTC"> </a><a name="ReferralConditionTubeCS-TWLTC-en-US"> </a><p>This case-sensitive code system <code>http://ltc-ig.fhir.tw/CodeSystem/ReferralConditionTubeCS-TWLTC</code> defines the following codes:</p><table class="codes"><tr><td style="white-space:nowrap"><b>Code</b></td><td><b>Display</b></td><td><b>Definition</b></td></tr><tr><td style="white-space:nowrap">no-tube<a name="ReferralConditionTubeCS-TWLTC-no-tube"> </a></td><td>無管路</td><td>個案無管路。</td></tr><tr><td style="white-space:nowrap">nasogastric-tube<a name="ReferralConditionTubeCS-TWLTC-nasogastric-tube"> </a></td><td>鼻胃管</td><td>個案使用鼻胃管。</td></tr><tr><td style="white-space:nowrap">tracheostomy<a name="ReferralConditionTubeCS-TWLTC-tracheostomy"> </a></td><td>氣切</td><td>個案使用氣切管。</td></tr><tr><td style="white-space:nowrap">catheter<a name="ReferralConditionTubeCS-TWLTC-catheter"> </a></td><td>導尿管</td><td>個案使用導尿管。</td></tr><tr><td style="white-space:nowrap">fistula<a name="ReferralConditionTubeCS-TWLTC-fistula"> </a></td><td>造瘻</td><td>個案使用造瘻管。</td></tr><tr><td style="white-space:nowrap">other<a name="ReferralConditionTubeCS-TWLTC-other"> </a></td><td>其他</td><td>個案使用其他管路。</td></tr></table></div></text><url value="http://ltc-ig.fhir.tw/CodeSystem/ReferralConditionTubeCS-TWLTC"/><version value="0.2.0"/><name value="ReferralConditionTubeCSTWLTC"/><title value="轉介單管路狀況代碼"/><status value="active"/><experimental value="false"/><date value="2024-08-25"/><publisher value="MI-TW"/><contact><name value="MI-TW"/><telecom><system value="url"/><value value="https://mitw.dicom.org.tw/"/></telecom></contact><description value="用於表述轉介單的狀況代碼，包含身心障礙手冊、管路、壓傷、居住狀況、看護、主要問題及需求等。"/><caseSensitive value="true"/><content value="complete"/><count value="6"/><concept><code value="no-tube"/><display value="無管路"/><definition value="個案無管路。"/></concept><concept><code value="nasogastric-tube"/><display value="鼻胃管"/><definition value="個案使用鼻胃管。"/></concept><concept><code value="tracheostomy"/><display value="氣切"/><definition value="個案使用氣切管。"/></concept><concept><code value="catheter"/><display value="導尿管"/><definition value="個案使用導尿管。"/></concept><concept><code value="fistula"/><display value="造瘻"/><definition value="個案使用造瘻管。"/></concept><concept><code value="other"/><display value="其他"/><definition value="個案使用其他管路。"/></concept></CodeSystem>