<?xml version="1.0" encoding="UTF-8"?><CodeSystem xmlns="http://hl7.org/fhir"><id value="EducationStatusCS-TWLTC"/><text><status value="generated"/><div xmlns="http://www.w3.org/1999/xhtml"><p class="res-header-id"><b>Generated Narrative: CodeSystem EducationStatusCS-TWLTC</b></p><a name="EducationStatusCS-TWLTC"> </a><a name="hcEducationStatusCS-TWLTC"> </a><p>This case-sensitive code system <code>http://ltc-ig.fhir.tw/CodeSystem/EducationStatusCS-TWLTC</code> defines the following codes:</p><table class="codes"><tr><td style="white-space:nowrap"><b>Code</b></td><td><b>Display</b></td><td><b>Definition</b></td></tr><tr><td style="white-space:nowrap">illiterate<a name="EducationStatusCS-TWLTC-illiterate"> </a></td><td>不識字</td><td>個案教育程度為不識字。</td></tr><tr><td style="white-space:nowrap">literate<a name="EducationStatusCS-TWLTC-literate"> </a></td><td>識字</td><td>個案教育程度為識字，但未受正規教育（含私塾）。</td></tr><tr><td style="white-space:nowrap">elementary<a name="EducationStatusCS-TWLTC-elementary"> </a></td><td>國小</td><td>個案教育程度為國小。</td></tr><tr><td style="white-space:nowrap">junior<a name="EducationStatusCS-TWLTC-junior"> </a></td><td>國中</td><td>個案教育程度為國中。</td></tr><tr><td style="white-space:nowrap">senior<a name="EducationStatusCS-TWLTC-senior"> </a></td><td>高中（職）</td><td>個案教育程度為高中（職）。</td></tr><tr><td style="white-space:nowrap">special-elementary<a name="EducationStatusCS-TWLTC-special-elementary"> </a></td><td>特教班-國小</td><td>個案教育程度為特教班-國小。</td></tr><tr><td style="white-space:nowrap">special-junior<a name="EducationStatusCS-TWLTC-special-junior"> </a></td><td>特教班-國中</td><td>個案教育程度為特教班-國中。</td></tr><tr><td style="white-space:nowrap">special-senior<a name="EducationStatusCS-TWLTC-special-senior"> </a></td><td>特教班-高中職</td><td>個案教育程度為特教班-高中職。</td></tr><tr><td style="white-space:nowrap">vocational<a name="EducationStatusCS-TWLTC-vocational"> </a></td><td>五專</td><td>個案教育程度為五專。</td></tr><tr><td style="white-space:nowrap">college<a name="EducationStatusCS-TWLTC-college"> </a></td><td>大學（二三專）</td><td>個案教育程度為大學（二三專）。</td></tr><tr><td style="white-space:nowrap">postgraduate<a name="EducationStatusCS-TWLTC-postgraduate"> </a></td><td>研究所以上</td><td>個案教育程度為研究所以上。</td></tr><tr><td style="white-space:nowrap">other<a name="EducationStatusCS-TWLTC-other"> </a></td><td>其他</td><td>個案教育程度為其他。</td></tr></table></div></text><url value="http://ltc-ig.fhir.tw/CodeSystem/EducationStatusCS-TWLTC"/><version value="0.3.0"/><name value="EducationStatusCSTWLTC"/><title value="教育程度代碼"/><status value="active"/><experimental value="false"/><date value="2024-09-02"/><publisher value="經濟部產業發展署"/><contact><name value="經濟部產業發展署"/><telecom><system value="url"/><value value="https://www.ida.gov.tw/"/></telecom></contact><description value="用於表述個案的教育程度，在長照機構住民教育程度 Extension 中使用。"/><caseSensitive value="true"/><content value="complete"/><count value="12"/><concept><code value="illiterate"/><display value="不識字"/><definition value="個案教育程度為不識字。"/></concept><concept><code value="literate"/><display value="識字"/><definition value="個案教育程度為識字，但未受正規教育（含私塾）。"/></concept><concept><code value="elementary"/><display value="國小"/><definition value="個案教育程度為國小。"/></concept><concept><code value="junior"/><display value="國中"/><definition value="個案教育程度為國中。"/></concept><concept><code value="senior"/><display value="高中（職）"/><definition value="個案教育程度為高中（職）。"/></concept><concept><code value="special-elementary"/><display value="特教班-國小"/><definition value="個案教育程度為特教班-國小。"/></concept><concept><code value="special-junior"/><display value="特教班-國中"/><definition value="個案教育程度為特教班-國中。"/></concept><concept><code value="special-senior"/><display value="特教班-高中職"/><definition value="個案教育程度為特教班-高中職。"/></concept><concept><code value="vocational"/><display value="五專"/><definition value="個案教育程度為五專。"/></concept><concept><code value="college"/><display value="大學（二三專）"/><definition value="個案教育程度為大學（二三專）。"/></concept><concept><code value="postgraduate"/><display value="研究所以上"/><definition value="個案教育程度為研究所以上。"/></concept><concept><code value="other"/><display value="其他"/><definition value="個案教育程度為其他。"/></concept></CodeSystem>