<?xml version="1.0" encoding="UTF-8"?><CodeSystem xmlns="http://hl7.org/fhir"><id value="ReferralCarePlanCS-TWLTC"/><text><status value="generated"/><div xmlns="http://www.w3.org/1999/xhtml"><p class="res-header-id"><b>Generated Narrative: CodeSystem ReferralCarePlanCS-TWLTC</b></p><a name="ReferralCarePlanCS-TWLTC"> </a><a name="hcReferralCarePlanCS-TWLTC"> </a><a name="ReferralCarePlanCS-TWLTC-en-US"> </a><p>This case-sensitive code system <code>http://ltc-ig.fhir.tw/CodeSystem/ReferralCarePlanCS-TWLTC</code> defines the following codes:</p><table class="codes"><tr><td style="white-space:nowrap"><b>Code</b></td><td><b>Display</b></td><td><b>Definition</b></td></tr><tr><td style="white-space:nowrap">care-service-home<a name="ReferralCarePlanCS-TWLTC-care-service-home"> </a></td><td>照顧服務－居家服務</td><td>個案欲申請照顧服務－居家服務。</td></tr><tr><td style="white-space:nowrap">care-service-day<a name="ReferralCarePlanCS-TWLTC-care-service-day"> </a></td><td>照顧服務－日間照顧</td><td>個案欲申請照顧服務－日間照顧。</td></tr><tr><td style="white-space:nowrap">care-service-family<a name="ReferralCarePlanCS-TWLTC-care-service-family"> </a></td><td>照顧服務－家庭托顧</td><td>個案欲申請照顧服務－家庭托顧。</td></tr><tr><td style="white-space:nowrap">scmf-home<a name="ReferralCarePlanCS-TWLTC-scmf-home"> </a></td><td>小規模多機能－居家服務</td><td>個案欲申請小規模多機能－居家服務。</td></tr><tr><td style="white-space:nowrap">scmf-day<a name="ReferralCarePlanCS-TWLTC-scmf-day"> </a></td><td>小規模多機能－日間照顧</td><td>個案欲申請小規模多機能－日間照顧。</td></tr><tr><td style="white-space:nowrap">scmf-overnight<a name="ReferralCarePlanCS-TWLTC-scmf-overnight"> </a></td><td>小規模多機能－夜素</td><td>個案欲申請小規模多機能－夜宿</td></tr><tr><td style="white-space:nowrap">assistive-device-and-environment-improvement<a name="ReferralCarePlanCS-TWLTC-assistive-device-and-environment-improvement"> </a></td><td>輔具購買及住宅無障礙環境改善服務</td><td>個案欲申請輔具購買及住宅無障礙環境改善服務。</td></tr><tr><td style="white-space:nowrap">shared-dementia-care<a name="ReferralCarePlanCS-TWLTC-shared-dementia-care"> </a></td><td>失智共照</td><td>個案欲申請失智共照。</td></tr><tr><td style="white-space:nowrap">preventive-disability-care<a name="ReferralCarePlanCS-TWLTC-preventive-disability-care"> </a></td><td>預防及延緩失能照護</td><td>個案欲申請預防及延緩失能照護。</td></tr><tr><td style="white-space:nowrap">respite-service-home<a name="ReferralCarePlanCS-TWLTC-respite-service-home"> </a></td><td>喘息服務－居家</td><td>個案欲申請喘息服務－居家。</td></tr><tr><td style="white-space:nowrap">respite-service-organization<a name="ReferralCarePlanCS-TWLTC-respite-service-organization"> </a></td><td>喘息服務－機構</td><td>個案欲申請喘息服務－機構。</td></tr><tr><td style="white-space:nowrap">transportation<a name="ReferralCarePlanCS-TWLTC-transportation"> </a></td><td>交通接送服務</td><td>個案欲申請交通接送服務。</td></tr><tr><td style="white-space:nowrap">catering<a name="ReferralCarePlanCS-TWLTC-catering"> </a></td><td>老人餐飲服務</td><td>個案欲申請老人餐飲服務。</td></tr><tr><td style="white-space:nowrap">holistic-community-care<a name="ReferralCarePlanCS-TWLTC-holistic-community-care"> </a></td><td>社區整體照顧模式</td><td>個案欲申請社區整體照顧模式。</td></tr><tr><td style="white-space:nowrap">home-swallowing<a name="ReferralCarePlanCS-TWLTC-home-swallowing"> </a></td><td>居家吞嚥</td><td>個案欲申請居家吞嚥。</td></tr><tr><td style="white-space:nowrap">home-breathing<a name="ReferralCarePlanCS-TWLTC-home-breathing"> </a></td><td>居家呼吸</td><td>個案欲申請居家呼吸。</td></tr><tr><td style="white-space:nowrap">home-care<a name="ReferralCarePlanCS-TWLTC-home-care"> </a></td><td>居家護理</td><td>個案欲申請居家護理。</td></tr><tr><td style="white-space:nowrap">home-nutrition<a name="ReferralCarePlanCS-TWLTC-home-nutrition"> </a></td><td>居家營養</td><td>個案欲申請居家營養。</td></tr><tr><td style="white-space:nowrap">home-physics<a name="ReferralCarePlanCS-TWLTC-home-physics"> </a></td><td>居家物理</td><td>個案欲申請居家物理。</td></tr><tr><td style="white-space:nowrap">home-functions<a name="ReferralCarePlanCS-TWLTC-home-functions"> </a></td><td>居家職能</td><td>個案欲申請居家職能。</td></tr><tr><td style="white-space:nowrap">home-physicial<a name="ReferralCarePlanCS-TWLTC-home-physicial"> </a></td><td>居家醫師</td><td>個案欲申請居家醫師。</td></tr><tr><td style="white-space:nowrap">instutional-placement<a name="ReferralCarePlanCS-TWLTC-instutional-placement"> </a></td><td>機構安置</td><td>個案欲申請機構安置。</td></tr><tr><td style="white-space:nowrap">other<a name="ReferralCarePlanCS-TWLTC-other"> </a></td><td>其他</td><td>個案欲申請其他服務。</td></tr></table></div></text><url value="http://ltc-ig.fhir.tw/CodeSystem/ReferralCarePlanCS-TWLTC"/><version value="0.2.0"/><name value="ReferralCarePlanCSTWLTC"/><title value="轉介單申請服務種類代碼"/><status value="active"/><experimental value="false"/><date value="2024-08-25"/><publisher value="MI-TW"/><contact><name value="MI-TW"/><telecom><system value="url"/><value value="https://mitw.dicom.org.tw/"/></telecom></contact><description value="用於表述個案欲申請的服務項目。"/><caseSensitive value="true"/><content value="complete"/><count value="23"/><concept><code value="care-service-home"/><display value="照顧服務－居家服務"/><definition value="個案欲申請照顧服務－居家服務。"/></concept><concept><code value="care-service-day"/><display value="照顧服務－日間照顧"/><definition value="個案欲申請照顧服務－日間照顧。"/></concept><concept><code value="care-service-family"/><display value="照顧服務－家庭托顧"/><definition value="個案欲申請照顧服務－家庭托顧。"/></concept><concept><code value="scmf-home"/><display value="小規模多機能－居家服務"/><definition value="個案欲申請小規模多機能－居家服務。"/></concept><concept><code value="scmf-day"/><display value="小規模多機能－日間照顧"/><definition value="個案欲申請小規模多機能－日間照顧。"/></concept><concept><code value="scmf-overnight"/><display value="小規模多機能－夜素"/><definition value="個案欲申請小規模多機能－夜宿"/></concept><concept><code value="assistive-device-and-environment-improvement"/><display value="輔具購買及住宅無障礙環境改善服務"/><definition value="個案欲申請輔具購買及住宅無障礙環境改善服務。"/></concept><concept><code value="shared-dementia-care"/><display value="失智共照"/><definition value="個案欲申請失智共照。"/></concept><concept><code value="preventive-disability-care"/><display value="預防及延緩失能照護"/><definition value="個案欲申請預防及延緩失能照護。"/></concept><concept><code value="respite-service-home"/><display value="喘息服務－居家"/><definition value="個案欲申請喘息服務－居家。"/></concept><concept><code value="respite-service-organization"/><display value="喘息服務－機構"/><definition value="個案欲申請喘息服務－機構。"/></concept><concept><code value="transportation"/><display value="交通接送服務"/><definition value="個案欲申請交通接送服務。"/></concept><concept><code value="catering"/><display value="老人餐飲服務"/><definition value="個案欲申請老人餐飲服務。"/></concept><concept><code value="holistic-community-care"/><display value="社區整體照顧模式"/><definition value="個案欲申請社區整體照顧模式。"/></concept><concept><code value="home-swallowing"/><display value="居家吞嚥"/><definition value="個案欲申請居家吞嚥。"/></concept><concept><code value="home-breathing"/><display value="居家呼吸"/><definition value="個案欲申請居家呼吸。"/></concept><concept><code value="home-care"/><display value="居家護理"/><definition value="個案欲申請居家護理。"/></concept><concept><code value="home-nutrition"/><display value="居家營養"/><definition value="個案欲申請居家營養。"/></concept><concept><code value="home-physics"/><display value="居家物理"/><definition value="個案欲申請居家物理。"/></concept><concept><code value="home-functions"/><display value="居家職能"/><definition value="個案欲申請居家職能。"/></concept><concept><code value="home-physicial"/><display value="居家醫師"/><definition value="個案欲申請居家醫師。"/></concept><concept><code value="instutional-placement"/><display value="機構安置"/><definition value="個案欲申請機構安置。"/></concept><concept><code value="other"/><display value="其他"/><definition value="個案欲申請其他服務。"/></concept></CodeSystem>