<?xml version="1.0" encoding="UTF-8"?><ImplementationGuide xmlns="http://hl7.org/fhir"><id value="fhir.twltc"/><text><status value="generated"/><div xmlns="http://www.w3.org/1999/xhtml"><p class="res-header-id"><b>Generated Narrative: ImplementationGuide fhir.twltc</b></p><a name="fhir.twltc"> </a><a name="hcfhir.twltc"> </a><a name="fhir.twltc-en-US"> </a><h2>TaiwanLongTermCareFHIRImplementationGuide</h2><p>The official URL for this implementation guide is: </p><pre>http://ltc-ig.fhir.tw/ImplementationGuide/fhir.twltc</pre></div></text><url value="http://ltc-ig.fhir.tw/ImplementationGuide/fhir.twltc"/><version value="0.1.1"/><name value="TaiwanLongTermCareFHIRImplementationGuide"/><title value="臺灣長期照顧實作指引 (Taiwan Long-Term Care FHIR Implementation Guide)"/><status value="draft"/><date value="2024-09-16T23:20:15+08:00"/><publisher value="MI-TW"/><contact><name value="MI-TW"/><telecom><system value="url"/><value value="https://mitw.dicom.org.tw/"/></telecom></contact><packageId value="fhir.twltc"/><license value="CC0-1.0"/><fhirVersion value="4.0.1"/><dependsOn id="hl7tx"><extension url="http://hl7.org/fhir/tools/StructureDefinition/implementationguide-dependency-comment"><valueMarkdown value="Automatically added as a dependency - all IGs depend on HL7 Terminology"/></extension><uri value="http://terminology.hl7.org/ImplementationGuide/hl7.terminology"/><packageId value="hl7.terminology.r4"/><version value="6.0.2"/></dependsOn><dependsOn id="hl7ext"><extension url="http://hl7.org/fhir/tools/StructureDefinition/implementationguide-dependency-comment"><valueMarkdown value="Automatically added as a dependency - all IGs depend on the HL7 Extension Pack"/></extension><uri value="http://hl7.org/fhir/extensions/ImplementationGuide/hl7.fhir.uv.extensions"/><packageId value="hl7.fhir.uv.extensions.r4"/><version value="5.1.0"/></dependsOn><dependsOn id="tw_gov_mohw_twcore"><uri value="https://twcore.mohw.gov.tw/ig/twcore/ImplementationGuide/tw.gov.mohw.twcore"/><packageId value="tw.gov.mohw.twcore"/><version value="0.2.2"/></dependsOn><definition><extension url="http://hl7.org/fhir/tools/StructureDefinition/ig-parameter"><extension url="code"><valueString value="copyrightyear"/></extension><extension url="value"><valueString value="2024+"/></extension></extension><extension url="http://hl7.org/fhir/tools/StructureDefinition/ig-parameter"><extension url="code"><valueString value="releaselabel"/></extension><extension url="value"><valueString value="ci-build"/></extension></extension><extension url="http://hl7.org/fhir/tools/StructureDefinition/ig-parameter"><extension url="code"><valueString value="autoload-resources"/></extension><extension url="value"><valueString value="true"/></extension></extension><extension url="http://hl7.org/fhir/tools/StructureDefinition/ig-parameter"><extension url="code"><valueString value="path-liquid"/></extension><extension url="value"><valueString value="template/liquid"/></extension></extension><extension url="http://hl7.org/fhir/tools/StructureDefinition/ig-parameter"><extension url="code"><valueString value="path-liquid"/></extension><extension url="value"><valueString value="input/liquid"/></extension></extension><extension url="http://hl7.org/fhir/tools/StructureDefinition/ig-parameter"><extension url="code"><valueString value="path-qa"/></extension><extension url="value"><valueString value="temp/qa"/></extension></extension><extension url="http://hl7.org/fhir/tools/StructureDefinition/ig-parameter"><extension url="code"><valueString value="path-temp"/></extension><extension url="value"><valueString value="temp/pages"/></extension></extension><extension url="http://hl7.org/fhir/tools/StructureDefinition/ig-parameter"><extension url="code"><valueString value="path-output"/></extension><extension url="value"><valueString value="output"/></extension></extension><extension url="http://hl7.org/fhir/tools/StructureDefinition/ig-parameter"><extension url="code"><valueString value="path-suppressed-warnings"/></extension><extension url="value"><valueString value="input/ignoreWarnings.txt"/></extension></extension><extension url="http://hl7.org/fhir/tools/StructureDefinition/ig-parameter"><extension url="code"><valueString value="path-history"/></extension><extension url="value"><valueString value="http://ltc-ig.fhir.tw/history.html"/></extension></extension><extension url="http://hl7.org/fhir/tools/StructureDefinition/ig-parameter"><extension url="code"><valueString value="template-html"/></extension><extension url="value"><valueString value="template-page.html"/></extension></extension><extension url="http://hl7.org/fhir/tools/StructureDefinition/ig-parameter"><extension url="code"><valueString value="template-md"/></extension><extension url="value"><valueString value="template-page-md.html"/></extension></extension><extension url="http://hl7.org/fhir/tools/StructureDefinition/ig-parameter"><extension url="code"><valueString value="apply-contact"/></extension><extension url="value"><valueString value="true"/></extension></extension><extension url="http://hl7.org/fhir/tools/StructureDefinition/ig-parameter"><extension url="code"><valueString value="apply-context"/></extension><extension url="value"><valueString value="true"/></extension></extension><extension url="http://hl7.org/fhir/tools/StructureDefinition/ig-parameter"><extension url="code"><valueString value="apply-copyright"/></extension><extension url="value"><valueString value="true"/></extension></extension><extension url="http://hl7.org/fhir/tools/StructureDefinition/ig-parameter"><extension url="code"><valueString value="apply-jurisdiction"/></extension><extension url="value"><valueString value="true"/></extension></extension><extension url="http://hl7.org/fhir/tools/StructureDefinition/ig-parameter"><extension url="code"><valueString value="apply-license"/></extension><extension url="value"><valueString value="true"/></extension></extension><extension url="http://hl7.org/fhir/tools/StructureDefinition/ig-parameter"><extension url="code"><valueString value="apply-publisher"/></extension><extension url="value"><valueString value="true"/></extension></extension><extension url="http://hl7.org/fhir/tools/StructureDefinition/ig-parameter"><extension url="code"><valueString value="apply-version"/></extension><extension url="value"><valueString value="true"/></extension></extension><extension url="http://hl7.org/fhir/tools/StructureDefinition/ig-parameter"><extension url="code"><valueString value="apply-wg"/></extension><extension url="value"><valueString value="true"/></extension></extension><extension url="http://hl7.org/fhir/tools/StructureDefinition/ig-parameter"><extension url="code"><valueString value="active-tables"/></extension><extension url="value"><valueString value="true"/></extension></extension><extension url="http://hl7.org/fhir/tools/StructureDefinition/ig-parameter"><extension url="code"><valueString value="fmm-definition"/></extension><extension url="value"><valueString value="http://hl7.org/fhir/versions.html#maturity"/></extension></extension><extension url="http://hl7.org/fhir/tools/StructureDefinition/ig-parameter"><extension url="code"><valueString value="propagate-status"/></extension><extension url="value"><valueString value="true"/></extension></extension><extension url="http://hl7.org/fhir/tools/StructureDefinition/ig-parameter"><extension url="code"><valueString value="excludelogbinaryformat"/></extension><extension url="value"><valueString value="true"/></extension></extension><extension url="http://hl7.org/fhir/tools/StructureDefinition/ig-parameter"><extension url="code"><valueString value="tabbed-snapshots"/></extension><extension url="value"><valueString value="true"/></extension></extension><extension url="http://hl7.org/fhir/tools/StructureDefinition/ig-internal-dependency"><valueCode value="hl7.fhir.uv.tools#0.2.0"/></extension><extension url="http://hl7.org/fhir/tools/StructureDefinition/ig-parameter"><extension url="code"><valueCode value="copyrightyear"/></extension><extension url="value"><valueString value="2024+"/></extension></extension><extension url="http://hl7.org/fhir/tools/StructureDefinition/ig-parameter"><extension url="code"><valueCode value="releaselabel"/></extension><extension url="value"><valueString value="ci-build"/></extension></extension><extension url="http://hl7.org/fhir/tools/StructureDefinition/ig-parameter"><extension url="code"><valueCode value="autoload-resources"/></extension><extension url="value"><valueString value="true"/></extension></extension><extension url="http://hl7.org/fhir/tools/StructureDefinition/ig-parameter"><extension url="code"><valueCode value="path-liquid"/></extension><extension url="value"><valueString value="template/liquid"/></extension></extension><extension url="http://hl7.org/fhir/tools/StructureDefinition/ig-parameter"><extension url="code"><valueCode value="path-liquid"/></extension><extension url="value"><valueString value="input/liquid"/></extension></extension><extension url="http://hl7.org/fhir/tools/StructureDefinition/ig-parameter"><extension url="code"><valueCode value="path-qa"/></extension><extension url="value"><valueString value="temp/qa"/></extension></extension><extension url="http://hl7.org/fhir/tools/StructureDefinition/ig-parameter"><extension url="code"><valueCode value="path-temp"/></extension><extension url="value"><valueString value="temp/pages"/></extension></extension><extension url="http://hl7.org/fhir/tools/StructureDefinition/ig-parameter"><extension url="code"><valueCode value="path-output"/></extension><extension url="value"><valueString value="output"/></extension></extension><extension url="http://hl7.org/fhir/tools/StructureDefinition/ig-parameter"><extension url="code"><valueCode value="path-suppressed-warnings"/></extension><extension url="value"><valueString value="input/ignoreWarnings.txt"/></extension></extension><extension url="http://hl7.org/fhir/tools/StructureDefinition/ig-parameter"><extension url="code"><valueCode value="path-history"/></extension><extension url="value"><valueString value="http://ltc-ig.fhir.tw/history.html"/></extension></extension><extension url="http://hl7.org/fhir/tools/StructureDefinition/ig-parameter"><extension url="code"><valueCode value="template-html"/></extension><extension url="value"><valueString value="template-page.html"/></extension></extension><extension url="http://hl7.org/fhir/tools/StructureDefinition/ig-parameter"><extension url="code"><valueCode value="template-md"/></extension><extension url="value"><valueString value="template-page-md.html"/></extension></extension><extension url="http://hl7.org/fhir/tools/StructureDefinition/ig-parameter"><extension url="code"><valueCode value="apply-contact"/></extension><extension url="value"><valueString value="true"/></extension></extension><extension url="http://hl7.org/fhir/tools/StructureDefinition/ig-parameter"><extension url="code"><valueCode value="apply-context"/></extension><extension url="value"><valueString value="true"/></extension></extension><extension url="http://hl7.org/fhir/tools/StructureDefinition/ig-parameter"><extension url="code"><valueCode value="apply-copyright"/></extension><extension url="value"><valueString value="true"/></extension></extension><extension url="http://hl7.org/fhir/tools/StructureDefinition/ig-parameter"><extension url="code"><valueCode value="apply-jurisdiction"/></extension><extension url="value"><valueString value="true"/></extension></extension><extension url="http://hl7.org/fhir/tools/StructureDefinition/ig-parameter"><extension url="code"><valueCode value="apply-license"/></extension><extension url="value"><valueString value="true"/></extension></extension><extension url="http://hl7.org/fhir/tools/StructureDefinition/ig-parameter"><extension url="code"><valueCode value="apply-publisher"/></extension><extension url="value"><valueString value="true"/></extension></extension><extension url="http://hl7.org/fhir/tools/StructureDefinition/ig-parameter"><extension url="code"><valueCode value="apply-version"/></extension><extension url="value"><valueString value="true"/></extension></extension><extension url="http://hl7.org/fhir/tools/StructureDefinition/ig-parameter"><extension url="code"><valueCode value="apply-wg"/></extension><extension url="value"><valueString value="true"/></extension></extension><extension url="http://hl7.org/fhir/tools/StructureDefinition/ig-parameter"><extension url="code"><valueCode value="active-tables"/></extension><extension url="value"><valueString value="true"/></extension></extension><extension url="http://hl7.org/fhir/tools/StructureDefinition/ig-parameter"><extension url="code"><valueCode value="fmm-definition"/></extension><extension url="value"><valueString value="http://hl7.org/fhir/versions.html#maturity"/></extension></extension><extension url="http://hl7.org/fhir/tools/StructureDefinition/ig-parameter"><extension url="code"><valueCode value="propagate-status"/></extension><extension url="value"><valueString value="true"/></extension></extension><extension url="http://hl7.org/fhir/tools/StructureDefinition/ig-parameter"><extension url="code"><valueCode value="excludelogbinaryformat"/></extension><extension url="value"><valueString value="true"/></extension></extension><extension url="http://hl7.org/fhir/tools/StructureDefinition/ig-parameter"><extension url="code"><valueCode value="tabbed-snapshots"/></extension><extension url="value"><valueString value="true"/></extension></extension><extension url="http://hl7.org/fhir/tools/StructureDefinition/ig-parameter"><extension url="code"><valueCode value="copyrightyear"/></extension><extension url="value"><valueString value="2024+"/></extension></extension><extension url="http://hl7.org/fhir/tools/StructureDefinition/ig-parameter"><extension url="code"><valueCode value="releaselabel"/></extension><extension url="value"><valueString value="ci-build"/></extension></extension><extension url="http://hl7.org/fhir/tools/StructureDefinition/ig-parameter"><extension url="code"><valueCode value="autoload-resources"/></extension><extension url="value"><valueString value="true"/></extension></extension><extension url="http://hl7.org/fhir/tools/StructureDefinition/ig-parameter"><extension url="code"><valueCode value="path-liquid"/></extension><extension url="value"><valueString value="template/liquid"/></extension></extension><extension url="http://hl7.org/fhir/tools/StructureDefinition/ig-parameter"><extension url="code"><valueCode value="path-liquid"/></extension><extension url="value"><valueString value="input/liquid"/></extension></extension><extension url="http://hl7.org/fhir/tools/StructureDefinition/ig-parameter"><extension url="code"><valueCode value="path-qa"/></extension><extension url="value"><valueString value="temp/qa"/></extension></extension><extension url="http://hl7.org/fhir/tools/StructureDefinition/ig-parameter"><extension url="code"><valueCode value="path-temp"/></extension><extension url="value"><valueString value="temp/pages"/></extension></extension><extension url="http://hl7.org/fhir/tools/StructureDefinition/ig-parameter"><extension url="code"><valueCode value="path-output"/></extension><extension url="value"><valueString value="output"/></extension></extension><extension url="http://hl7.org/fhir/tools/StructureDefinition/ig-parameter"><extension url="code"><valueCode value="path-suppressed-warnings"/></extension><extension url="value"><valueString value="input/ignoreWarnings.txt"/></extension></extension><extension url="http://hl7.org/fhir/tools/StructureDefinition/ig-parameter"><extension url="code"><valueCode value="path-history"/></extension><extension url="value"><valueString value="http://ltc-ig.fhir.tw/history.html"/></extension></extension><extension url="http://hl7.org/fhir/tools/StructureDefinition/ig-parameter"><extension url="code"><valueCode value="template-html"/></extension><extension url="value"><valueString value="template-page.html"/></extension></extension><extension url="http://hl7.org/fhir/tools/StructureDefinition/ig-parameter"><extension url="code"><valueCode value="template-md"/></extension><extension url="value"><valueString value="template-page-md.html"/></extension></extension><extension url="http://hl7.org/fhir/tools/StructureDefinition/ig-parameter"><extension url="code"><valueCode value="apply-contact"/></extension><extension url="value"><valueString value="true"/></extension></extension><extension url="http://hl7.org/fhir/tools/StructureDefinition/ig-parameter"><extension url="code"><valueCode value="apply-context"/></extension><extension url="value"><valueString value="true"/></extension></extension><extension url="http://hl7.org/fhir/tools/StructureDefinition/ig-parameter"><extension url="code"><valueCode value="apply-copyright"/></extension><extension url="value"><valueString value="true"/></extension></extension><extension url="http://hl7.org/fhir/tools/StructureDefinition/ig-parameter"><extension url="code"><valueCode value="apply-jurisdiction"/></extension><extension url="value"><valueString value="true"/></extension></extension><extension url="http://hl7.org/fhir/tools/StructureDefinition/ig-parameter"><extension url="code"><valueCode value="apply-license"/></extension><extension url="value"><valueString value="true"/></extension></extension><extension url="http://hl7.org/fhir/tools/StructureDefinition/ig-parameter"><extension url="code"><valueCode value="apply-publisher"/></extension><extension url="value"><valueString value="true"/></extension></extension><extension url="http://hl7.org/fhir/tools/StructureDefinition/ig-parameter"><extension url="code"><valueCode value="apply-version"/></extension><extension url="value"><valueString value="true"/></extension></extension><extension url="http://hl7.org/fhir/tools/StructureDefinition/ig-parameter"><extension url="code"><valueCode value="apply-wg"/></extension><extension url="value"><valueString value="true"/></extension></extension><extension url="http://hl7.org/fhir/tools/StructureDefinition/ig-parameter"><extension url="code"><valueCode value="active-tables"/></extension><extension url="value"><valueString value="true"/></extension></extension><extension url="http://hl7.org/fhir/tools/StructureDefinition/ig-parameter"><extension url="code"><valueCode value="fmm-definition"/></extension><extension url="value"><valueString value="http://hl7.org/fhir/versions.html#maturity"/></extension></extension><extension url="http://hl7.org/fhir/tools/StructureDefinition/ig-parameter"><extension url="code"><valueCode value="propagate-status"/></extension><extension url="value"><valueString value="true"/></extension></extension><extension url="http://hl7.org/fhir/tools/StructureDefinition/ig-parameter"><extension url="code"><valueCode value="excludelogbinaryformat"/></extension><extension url="value"><valueString value="true"/></extension></extension><extension url="http://hl7.org/fhir/tools/StructureDefinition/ig-parameter"><extension url="code"><valueCode value="tabbed-snapshots"/></extension><extension url="value"><valueString value="true"/></extension></extension><grouping id="-str-profile"><name value="Structures: Resource Profiles"/><description value="These define constraints on FHIR resources for systems conforming to this implementation guide."/></grouping><grouping id="-str-extension"><name value="Structures: Extension Definitions"/><description value="These define constraints on FHIR data types for systems conforming to this implementation guide."/></grouping><grouping id="-term-valueset"><name value="Terminology: Value Sets"/><description value="These define sets of codes used by systems conforming to this implementation guide."/></grouping><grouping id="-term-codesystem"><name value="Terminology: Code Systems"/><description value="These define new code systems used by systems conforming to this implementation guide."/></grouping><resource><extension url="http://hl7.org/fhir/tools/StructureDefinition/resource-sort"><valueInteger value="999999999"/></extension><extension url="http://hl7.org/fhir/StructureDefinition/implementationguide-page"><valueUri value="StructureDefinition-LTCBundleCMS.html"/></extension><reference><reference value="StructureDefinition/LTCBundleCMS"/></reference><name value="TWLTC Bundle CMS"/><description value="照顧管理評估量表&#xA;&#xA;本 Bundle 以衛生福利部長期照顧管理中心照顧管理評估量表為基礎，用以表述照顧管理評估量表的文件結構。"/><exampleBoolean value="false"/><groupingId value="-str-profile"/></resource><resource><extension url="http://hl7.org/fhir/tools/StructureDefinition/resource-sort"><valueInteger value="999999999"/></extension><extension url="http://hl7.org/fhir/StructureDefinition/implementationguide-page"><valueUri value="StructureDefinition-LTCBundleReferral.html"/></extension><reference><reference value="StructureDefinition/LTCBundleReferral"/></reference><name value="TWLTC Bundle Referral"/><description value="長期照顧管理中心個案服務初篩表/轉介單&#xA;&#xA;本轉介單以臺北市長期照顧管理中心個案服務初篩表/轉介單為基礎，用以表述長期照顧管理中心個案服務初篩表/轉介單內容。&#xA;&#xA;請注意：各縣市轉介單格式可能有所不同，此 Profile 將於後續版本逐步納入各縣市初篩表/轉介單格式並進行整合。"/><exampleBoolean value="false"/><groupingId value="-str-profile"/></resource><resource><extension url="http://hl7.org/fhir/tools/StructureDefinition/resource-sort"><valueInteger value="999999999"/></extension><extension url="http://hl7.org/fhir/StructureDefinition/implementationguide-page"><valueUri value="StructureDefinition-LTCCarePlan.html"/></extension><reference><reference value="StructureDefinition/LTCCarePlan"/></reference><name value="TWLTC CarePlan"/><description value="照顧計畫，用以表述長期照顧情境中涉及之照顧計畫內容。"/><exampleBoolean value="false"/><groupingId value="-str-profile"/></resource><resource><extension url="http://hl7.org/fhir/tools/StructureDefinition/resource-sort"><valueInteger value="999999999"/></extension><extension url="http://hl7.org/fhir/StructureDefinition/implementationguide-page"><valueUri value="StructureDefinition-LTCCarePlanReferral.html"/></extension><reference><reference value="StructureDefinition/LTCCarePlanReferral"/></reference><name value="TWLTC CarePlan Referral"/><description value="轉診單中欲申請之服務種類。"/><exampleBoolean value="false"/><groupingId value="-str-profile"/></resource><resource><extension url="http://hl7.org/fhir/tools/StructureDefinition/resource-sort"><valueInteger value="999999999"/></extension><extension url="http://hl7.org/fhir/StructureDefinition/implementationguide-page"><valueUri value="StructureDefinition-LTCCareTeam.html"/></extension><reference><reference value="StructureDefinition/LTCCareTeam"/></reference><name value="TWLTC CareTeam"/><description value="照顧團隊，用以表述長期照護情境中涉及之照顧團隊資訊。"/><exampleBoolean value="false"/><groupingId value="-str-profile"/></resource><resource><extension url="http://hl7.org/fhir/tools/StructureDefinition/resource-sort"><valueInteger value="999999999"/></extension><extension url="http://hl7.org/fhir/StructureDefinition/implementationguide-page"><valueUri value="StructureDefinition-LTCCompositionCMS.html"/></extension><reference><reference value="StructureDefinition/LTCCompositionCMS"/></reference><name value="TWLTC Composition CMS"/><description value="照顧管理評估量表文件架構，用以表述照顧管理評估量表的文件結構。"/><exampleBoolean value="false"/><groupingId value="-str-profile"/></resource><resource><extension url="http://hl7.org/fhir/tools/StructureDefinition/resource-sort"><valueInteger value="999999999"/></extension><extension url="http://hl7.org/fhir/StructureDefinition/implementationguide-page"><valueUri value="StructureDefinition-LTCCompositionReferral.html"/></extension><reference><reference value="StructureDefinition/LTCCompositionReferral"/></reference><name value="TWLTC Composition Referral"/><description value="長期照護管理中心個案服務初篩表/轉介單文件架構，用以表述長期照護管理中心個案服務初篩表/轉介單的文件結構。"/><exampleBoolean value="false"/><groupingId value="-str-profile"/></resource><resource><extension url="http://hl7.org/fhir/tools/StructureDefinition/resource-sort"><valueInteger value="999999999"/></extension><extension url="http://hl7.org/fhir/StructureDefinition/implementationguide-page"><valueUri value="StructureDefinition-LTCCondition.html"/></extension><reference><reference value="StructureDefinition/LTCCondition"/></reference><name value="TWLTC Condition"/><description value="長照機構住民的病情、問題或診斷資料，用以表述發生在長照機構住民的診斷，或需要特別注意或處理的健康問題與病情。"/><exampleBoolean value="false"/><groupingId value="-str-profile"/></resource><resource><extension url="http://hl7.org/fhir/tools/StructureDefinition/resource-sort"><valueInteger value="999999999"/></extension><extension url="http://hl7.org/fhir/StructureDefinition/implementationguide-page"><valueUri value="StructureDefinition-LTCConditionCaregiver.html"/></extension><reference><reference value="StructureDefinition/LTCConditionCaregiver"/></reference><name value="TWLTC Condition Caregiver"/><description value="長照機構住民的看護狀況資料"/><exampleBoolean value="false"/><groupingId value="-str-profile"/></resource><resource><extension url="http://hl7.org/fhir/tools/StructureDefinition/resource-sort"><valueInteger value="999999999"/></extension><extension url="http://hl7.org/fhir/StructureDefinition/implementationguide-page"><valueUri value="StructureDefinition-LTCConditionCrush.html"/></extension><reference><reference value="StructureDefinition/LTCConditionCrush"/></reference><name value="TWLTC Condition Crush"/><description value="長照機構住民的壓傷資料"/><exampleBoolean value="false"/><groupingId value="-str-profile"/></resource><resource><extension url="http://hl7.org/fhir/tools/StructureDefinition/resource-sort"><valueInteger value="999999999"/></extension><extension url="http://hl7.org/fhir/StructureDefinition/implementationguide-page"><valueUri value="StructureDefinition-LTCConditionDisability.html"/></extension><reference><reference value="StructureDefinition/LTCConditionDisability"/></reference><name value="TWLTC Condition Disability"/><description value="長照機構住民的身心障礙手冊資料"/><exampleBoolean value="false"/><groupingId value="-str-profile"/></resource><resource><extension url="http://hl7.org/fhir/tools/StructureDefinition/resource-sort"><valueInteger value="999999999"/></extension><extension url="http://hl7.org/fhir/StructureDefinition/implementationguide-page"><valueUri value="StructureDefinition-LTCConditionDisabilityType.html"/></extension><reference><reference value="StructureDefinition/LTCConditionDisabilityType"/></reference><name value="TWLTC Condition Disability Type"/><description value="長照機構住民的身心障礙類型資料"/><exampleBoolean value="false"/><groupingId value="-str-profile"/></resource><resource><extension url="http://hl7.org/fhir/tools/StructureDefinition/resource-sort"><valueInteger value="999999999"/></extension><extension url="http://hl7.org/fhir/StructureDefinition/implementationguide-page"><valueUri value="StructureDefinition-LTCConditionResidence.html"/></extension><reference><reference value="StructureDefinition/LTCConditionResidence"/></reference><name value="TWLTC Condition Residence"/><description value="長照機構住民的居住狀況資料"/><exampleBoolean value="false"/><groupingId value="-str-profile"/></resource><resource><extension url="http://hl7.org/fhir/tools/StructureDefinition/resource-sort"><valueInteger value="999999999"/></extension><extension url="http://hl7.org/fhir/StructureDefinition/implementationguide-page"><valueUri value="StructureDefinition-LTCConditionTube.html"/></extension><reference><reference value="StructureDefinition/LTCConditionTube"/></reference><name value="TWLTC Condition Tube"/><description value="長照機構住民的管路資料"/><exampleBoolean value="false"/><groupingId value="-str-profile"/></resource><resource><extension url="http://hl7.org/fhir/tools/StructureDefinition/resource-sort"><valueInteger value="999999999"/></extension><extension url="http://hl7.org/fhir/StructureDefinition/implementationguide-page"><valueUri value="StructureDefinition-LTCGoal.html"/></extension><reference><reference value="StructureDefinition/LTCGoal"/></reference><name value="TWLTC Goal"/><description value="照顧目標，用以表述長期照顧情境中涉及之照顧目標內容。"/><exampleBoolean value="false"/><groupingId value="-str-profile"/></resource><resource><extension url="http://hl7.org/fhir/tools/StructureDefinition/resource-sort"><valueInteger value="999999999"/></extension><extension url="http://hl7.org/fhir/StructureDefinition/implementationguide-page"><valueUri value="StructureDefinition-LTCMedicationAdministration.html"/></extension><reference><reference value="StructureDefinition/LTCMedicationAdministration"/></reference><name value="TWLTC Medication Administration"/><description value="長照機構住民的用藥資料"/><exampleBoolean value="false"/><groupingId value="-str-profile"/></resource><resource><extension url="http://hl7.org/fhir/tools/StructureDefinition/resource-sort"><valueInteger value="999999999"/></extension><extension url="http://hl7.org/fhir/StructureDefinition/implementationguide-page"><valueUri value="StructureDefinition-LTCObservationVitalSigns.html"/></extension><reference><reference value="StructureDefinition/LTCObservationVitalSigns"/></reference><name value="TWLTC Observation Vital Signs"/><description value="長照機構住民的生命徵象資料"/><exampleBoolean value="false"/><groupingId value="-str-profile"/></resource><resource><extension url="http://hl7.org/fhir/tools/StructureDefinition/resource-sort"><valueInteger value="999999999"/></extension><extension url="http://hl7.org/fhir/StructureDefinition/implementationguide-page"><valueUri value="StructureDefinition-Organization-twltc.html"/></extension><reference><reference value="StructureDefinition/Organization-twltc"/></reference><name value="TWLTC Organization"/><description value="長期照顧機構資料，包含長照機構的名稱、地址、聯絡方式等資訊。"/><exampleBoolean value="false"/><groupingId value="-str-profile"/></resource><resource><extension url="http://hl7.org/fhir/tools/StructureDefinition/resource-sort"><valueInteger value="999999999"/></extension><extension url="http://hl7.org/fhir/StructureDefinition/implementationguide-page"><valueUri value="StructureDefinition-LTCPatient.html"/></extension><reference><reference value="StructureDefinition/LTCPatient"/></reference><name value="TWLTC Patient"/><description value="長照機構住民基本資料，用以表述長照機構住民的基本資料。"/><exampleBoolean value="false"/><groupingId value="-str-profile"/></resource><resource><extension url="http://hl7.org/fhir/tools/StructureDefinition/resource-sort"><valueInteger value="999999999"/></extension><extension url="http://hl7.org/fhir/StructureDefinition/implementationguide-page"><valueUri value="StructureDefinition-LTCPatientCMS.html"/></extension><reference><reference value="StructureDefinition/LTCPatientCMS"/></reference><name value="TWLTC Patient for CMS Form"/><description value="適用於照顧管理功能量表的長照機構住民基本資料，本 Profile 繼承自 TWLTC Patient，並增加照顧管理評估量表所需的欄位。"/><exampleBoolean value="false"/><groupingId value="-str-profile"/></resource><resource><extension url="http://hl7.org/fhir/tools/StructureDefinition/resource-sort"><valueInteger value="999999999"/></extension><extension url="http://hl7.org/fhir/StructureDefinition/implementationguide-page"><valueUri value="StructureDefinition-LTCPatientReferral.html"/></extension><reference><reference value="StructureDefinition/LTCPatientReferral"/></reference><name value="TWLTC Patient for Referral Form"/><description value="適用於長期照護管理中心個案服務初篩表/轉介單的長照機構住民基本資料，本 Profile 繼承自 TWLTC Patient，並增加轉介單所需的欄位。"/><exampleBoolean value="false"/><groupingId value="-str-profile"/></resource><resource><extension url="http://hl7.org/fhir/tools/StructureDefinition/resource-sort"><valueInteger value="999999999"/></extension><extension url="http://hl7.org/fhir/StructureDefinition/implementationguide-page"><valueUri value="StructureDefinition-LTCPractitioner.html"/></extension><reference><reference value="StructureDefinition/LTCPractitioner"/></reference><name value="TWLTC Practitioner"/><description value="長期照顧服務人員資料，包含醫師、護理師、藥師、照顧服務員等實際參與長照服務的人員資料。"/><exampleBoolean value="false"/><groupingId value="-str-profile"/></resource><resource><extension url="http://hl7.org/fhir/tools/StructureDefinition/resource-sort"><valueInteger value="999999999"/></extension><extension url="http://hl7.org/fhir/StructureDefinition/implementationguide-page"><valueUri value="StructureDefinition-LTCPractitionerRole.html"/></extension><reference><reference value="StructureDefinition/LTCPractitionerRole"/></reference><name value="TWLTC PractitionerRole"/><description value="長期照顧服務人員角色資料，包含醫師、護理師、藥師、照顧服務員等實際參與長照服務的人員角色資料。有關 PractitionerRole 與 Practitioner 的差異及相關解釋，請參照 [TW Core IG](https://build.fhir.org/ig/cctwFHIRterm/MOHW_TWCoreIG_Build/StructureDefinition-PractitionerRole-twcore.html) 中的說明。"/><exampleBoolean value="false"/><groupingId value="-str-profile"/></resource><resource><extension url="http://hl7.org/fhir/tools/StructureDefinition/resource-sort"><valueInteger value="999999999"/></extension><extension url="http://hl7.org/fhir/StructureDefinition/implementationguide-page"><valueUri value="StructureDefinition-LTCQuestionnaire.html"/></extension><reference><reference value="StructureDefinition/LTCQuestionnaire"/></reference><name value="TWLTC Questionnaire"/><description value="問卷，用以表述長期照顧情境中涉及之問卷或量表內容。"/><exampleBoolean value="false"/><groupingId value="-str-profile"/></resource><resource><extension url="http://hl7.org/fhir/tools/StructureDefinition/resource-sort"><valueInteger value="999999999"/></extension><extension url="http://hl7.org/fhir/StructureDefinition/implementationguide-page"><valueUri value="StructureDefinition-LTCQuestionnaireResponse.html"/></extension><reference><reference value="StructureDefinition/LTCQuestionnaireResponse"/></reference><name value="TWLTC QuestionnaireResponse"/><description value="問卷回覆，用以表述長期照顧情境中涉及之問卷或量表回覆內容。"/><exampleBoolean value="false"/><groupingId value="-str-profile"/></resource><resource><extension url="http://hl7.org/fhir/tools/StructureDefinition/resource-sort"><valueInteger value="999999999"/></extension><extension url="http://hl7.org/fhir/StructureDefinition/implementationguide-page"><valueUri value="StructureDefinition-LTCQuestionnaireResponseCMSADL.html"/></extension><reference><reference value="StructureDefinition/LTCQuestionnaireResponseCMSADL"/></reference><name value="TWLTC QuestionnaireResponse CMS ADL"/><description value="照顧管理評估量表－個案日常生活能力問卷回覆"/><exampleBoolean value="false"/><groupingId value="-str-profile"/></resource><resource><extension url="http://hl7.org/fhir/tools/StructureDefinition/resource-sort"><valueInteger value="999999999"/></extension><extension url="http://hl7.org/fhir/StructureDefinition/implementationguide-page"><valueUri value="StructureDefinition-LTCQuestionnaireResponseCMSCaregiverLoad.html"/></extension><reference><reference value="StructureDefinition/LTCQuestionnaireResponseCMSCaregiverLoad"/></reference><name value="TWLTC QuestionnaireResponse CMS Caregiver Load"/><description value="照顧管理評估量表－主要照顧者負荷問卷回覆"/><exampleBoolean value="false"/><groupingId value="-str-profile"/></resource><resource><extension url="http://hl7.org/fhir/tools/StructureDefinition/resource-sort"><valueInteger value="999999999"/></extension><extension url="http://hl7.org/fhir/StructureDefinition/implementationguide-page"><valueUri value="StructureDefinition-LTCQuestionnaireResponseCMSCaregiverSupport.html"/></extension><reference><reference value="StructureDefinition/LTCQuestionnaireResponseCMSCaregiverSupport"/></reference><name value="TWLTC QuestionnaireResponse CMS Caregiver Support"/><description value="照顧管理評估量表－主要照顧者工作與支持"/><exampleBoolean value="false"/><groupingId value="-str-profile"/></resource><resource><extension url="http://hl7.org/fhir/tools/StructureDefinition/resource-sort"><valueInteger value="999999999"/></extension><extension url="http://hl7.org/fhir/StructureDefinition/implementationguide-page"><valueUri value="StructureDefinition-LTCQuestionnaireResponseCMSCommunication.html"/></extension><reference><reference value="StructureDefinition/LTCQuestionnaireResponseCMSCommunication"/></reference><name value="TWLTC QuestionnaireResponse CMS Communication"/><description value="照顧管理評估量表－個案溝通能力問卷回覆"/><exampleBoolean value="false"/><groupingId value="-str-profile"/></resource><resource><extension url="http://hl7.org/fhir/tools/StructureDefinition/resource-sort"><valueInteger value="999999999"/></extension><extension url="http://hl7.org/fhir/StructureDefinition/implementationguide-page"><valueUri value="StructureDefinition-LTCQuestionnaireResponseCMSIADL.html"/></extension><reference><reference value="StructureDefinition/LTCQuestionnaireResponseCMSIADL"/></reference><name value="TWLTC QuestionnaireResponse CMS IADL"/><description value="照顧管理評估量表－個案獨立生活能力問卷回覆"/><exampleBoolean value="false"/><groupingId value="-str-profile"/></resource><resource><extension url="http://hl7.org/fhir/tools/StructureDefinition/resource-sort"><valueInteger value="999999999"/></extension><extension url="http://hl7.org/fhir/StructureDefinition/implementationguide-page"><valueUri value="StructureDefinition-LTCQuestionnaireResponseCMSMemory.html"/></extension><reference><reference value="StructureDefinition/LTCQuestionnaireResponseCMSMemory"/></reference><name value="TWLTC QuestionnaireResponse CMS Memory"/><description value="照顧管理評估量表－個案短期記憶力問卷回覆"/><exampleBoolean value="false"/><groupingId value="-str-profile"/></resource><resource><extension url="http://hl7.org/fhir/tools/StructureDefinition/resource-sort"><valueInteger value="999999999"/></extension><extension url="http://hl7.org/fhir/StructureDefinition/implementationguide-page"><valueUri value="StructureDefinition-LTCQuestionnaireResponseCMSMental.html"/></extension><reference><reference value="StructureDefinition/LTCQuestionnaireResponseCMSMental"/></reference><name value="TWLTC QuestionnaireResponse CMS Mental"/><description value="照顧管理評估量表－情緒及行為型態問卷回覆"/><exampleBoolean value="false"/><groupingId value="-str-profile"/></resource><resource><extension url="http://hl7.org/fhir/tools/StructureDefinition/resource-sort"><valueInteger value="999999999"/></extension><extension url="http://hl7.org/fhir/StructureDefinition/implementationguide-page"><valueUri value="StructureDefinition-LTCQuestionnaireResponseCMSSociety.html"/></extension><reference><reference value="StructureDefinition/LTCQuestionnaireResponseCMSSociety"/></reference><name value="TWLTC QuestionnaireResponse CMS Society"/><description value="照顧管理評估量表－居家環境與社會參與"/><exampleBoolean value="false"/><groupingId value="-str-profile"/></resource><resource><extension url="http://hl7.org/fhir/tools/StructureDefinition/resource-sort"><valueInteger value="999999999"/></extension><extension url="http://hl7.org/fhir/StructureDefinition/implementationguide-page"><valueUri value="StructureDefinition-LTCQuestionnaireResponseCMSSpecialCare.html"/></extension><reference><reference value="StructureDefinition/LTCQuestionnaireResponseCMSSpecialCare"/></reference><name value="TWLTC QuestionnaireResponse CMS Special Care"/><description value="照顧管理評估量表－個案特殊照護問卷回覆"/><exampleBoolean value="false"/><groupingId value="-str-profile"/></resource><resource><extension url="http://hl7.org/fhir/tools/StructureDefinition/resource-sort"><valueInteger value="999999999"/></extension><extension url="http://hl7.org/fhir/StructureDefinition/implementationguide-page"><valueUri value="StructureDefinition-LTCQuestionnaireResponseReferralADL.html"/></extension><reference><reference value="StructureDefinition/LTCQuestionnaireResponseReferralADL"/></reference><name value="TWLTC QuestionnaireResponse Referral ADL"/><description value="轉介單的 ADL 失能項目評估問卷回覆"/><exampleBoolean value="false"/><groupingId value="-str-profile"/></resource><resource><extension url="http://hl7.org/fhir/tools/StructureDefinition/resource-sort"><valueInteger value="999999999"/></extension><extension url="http://hl7.org/fhir/StructureDefinition/implementationguide-page"><valueUri value="StructureDefinition-LTCQuestionnaireResponseReferralCaregiver.html"/></extension><reference><reference value="StructureDefinition/LTCQuestionnaireResponseReferralCaregiver"/></reference><name value="TWLTC QuestionnaireResponse Referral Caregiver"/><description value="轉介單的照顧者問卷回覆"/><exampleBoolean value="false"/><groupingId value="-str-profile"/></resource><resource><extension url="http://hl7.org/fhir/tools/StructureDefinition/resource-sort"><valueInteger value="999999999"/></extension><extension url="http://hl7.org/fhir/StructureDefinition/implementationguide-page"><valueUri value="StructureDefinition-LTCQuestionnaireResponseReferralIADL.html"/></extension><reference><reference value="StructureDefinition/LTCQuestionnaireResponseReferralIADL"/></reference><name value="TWLTC QuestionnaireResponse Referral IADL"/><description value="轉介單的 IADL 失能項目評估問卷回覆"/><exampleBoolean value="false"/><groupingId value="-str-profile"/></resource><resource><extension url="http://hl7.org/fhir/tools/StructureDefinition/resource-sort"><valueInteger value="999999999"/></extension><extension url="http://hl7.org/fhir/StructureDefinition/implementationguide-page"><valueUri value="StructureDefinition-LTCQuestionnaireResponseReferralSOF.html"/></extension><reference><reference value="StructureDefinition/LTCQuestionnaireResponseReferralSOF"/></reference><name value="TWLTC QuestionnaireResponse Referral SOF"/><description value="轉介單的長者衰弱評估問卷回覆"/><exampleBoolean value="false"/><groupingId value="-str-profile"/></resource><resource><extension url="http://hl7.org/fhir/tools/StructureDefinition/resource-sort"><valueInteger value="999999999"/></extension><extension url="http://hl7.org/fhir/StructureDefinition/implementationguide-page"><valueUri value="StructureDefinition-LTCRelatedPerson.html"/></extension><reference><reference value="StructureDefinition/LTCRelatedPerson"/></reference><name value="TWLTC RelatedPerson"/><description value="住民的關係人，包含家屬、照顧者、法定代理人等與住民有關的人員資料。"/><exampleBoolean value="false"/><groupingId value="-str-profile"/></resource><resource><extension url="http://hl7.org/fhir/tools/StructureDefinition/resource-sort"><valueInteger value="999999999"/></extension><extension url="http://hl7.org/fhir/StructureDefinition/implementationguide-page"><valueUri value="StructureDefinition-ExtPatientIdentity-TWLTC.html"/></extension><reference><reference value="StructureDefinition/ExtPatientIdentity-TWLTC"/></reference><name value="個案身分別"/><description value="此 Extension 用以表述個案的身分別。"/><exampleBoolean value="false"/><groupingId value="-str-extension"/></resource><resource><extension url="http://hl7.org/fhir/tools/StructureDefinition/resource-sort"><valueInteger value="999999999"/></extension><extension url="http://hl7.org/fhir/StructureDefinition/implementationguide-page"><valueUri value="StructureDefinition-ExtRelatedPersonIsPrimary-TWLTC.html"/></extension><reference><reference value="StructureDefinition/ExtRelatedPersonIsPrimary-TWLTC"/></reference><name value="是否為主要照顧者"/><description value="此 Extension 用以表述關係人是否為主要照顧者。"/><exampleBoolean value="false"/><groupingId value="-str-extension"/></resource><resource><extension url="http://hl7.org/fhir/tools/StructureDefinition/resource-sort"><valueInteger value="999999999"/></extension><extension url="http://hl7.org/fhir/StructureDefinition/implementationguide-page"><valueUri value="StructureDefinition-ExtPatientEducationStatus-TWLTC.html"/></extension><reference><reference value="StructureDefinition/ExtPatientEducationStatus-TWLTC"/></reference><name value="長照機構住民教育程度"/><description value="此 Extension 用以表述長照機構住民的教育程度。"/><exampleBoolean value="false"/><groupingId value="-str-extension"/></resource><resource><extension url="http://hl7.org/fhir/tools/StructureDefinition/resource-sort"><valueInteger value="999999999"/></extension><extension url="http://hl7.org/fhir/StructureDefinition/implementationguide-page"><valueUri value="StructureDefinition-ExtPatientEconomyStatus-TWLTC.html"/></extension><reference><reference value="StructureDefinition/ExtPatientEconomyStatus-TWLTC"/></reference><name value="長照機構住民經濟狀況"/><description value="此 Extension 用以表述長照機構住民的經濟狀況。"/><exampleBoolean value="false"/><groupingId value="-str-extension"/></resource><resource><extension url="http://hl7.org/fhir/tools/StructureDefinition/resource-sort"><valueInteger value="999999999"/></extension><extension url="http://hl7.org/fhir/StructureDefinition/implementationguide-page"><valueUri value="ValueSet-EconomyStatusVS-TWLTC.html"/></extension><reference><reference value="ValueSet/EconomyStatusVS-TWLTC"/></reference><name value="個案經濟狀況值集"/><description value="用以表述個案經濟狀況之值集，包含個案經濟狀況之描述內容。"/><exampleBoolean value="false"/><groupingId value="-term-valueset"/></resource><resource><extension url="http://hl7.org/fhir/tools/StructureDefinition/resource-sort"><valueInteger value="999999999"/></extension><extension url="http://hl7.org/fhir/StructureDefinition/implementationguide-page"><valueUri value="ValueSet-PatientIdentityVS-TWLTC.html"/></extension><reference><reference value="ValueSet/PatientIdentityVS-TWLTC"/></reference><name value="個案身分別值集"/><description value="個案身分別的值集"/><exampleBoolean value="false"/><groupingId value="-term-valueset"/></resource><resource><extension url="http://hl7.org/fhir/tools/StructureDefinition/resource-sort"><valueInteger value="999999999"/></extension><extension url="http://hl7.org/fhir/StructureDefinition/implementationguide-page"><valueUri value="ValueSet-AddressUseVS-TWLTC.html"/></extension><reference><reference value="ValueSet/AddressUseVS-TWLTC"/></reference><name value="地址用途擴展值集"/><description value="地址的用途，新增戶籍地與現居地等代碼"/><exampleBoolean value="false"/><groupingId value="-term-valueset"/></resource><resource><extension url="http://hl7.org/fhir/tools/StructureDefinition/resource-sort"><valueInteger value="999999999"/></extension><extension url="http://hl7.org/fhir/StructureDefinition/implementationguide-page"><valueUri value="ValueSet-ReferralConditionCrushVS-TWLTC.html"/></extension><reference><reference value="ValueSet/ReferralConditionCrushVS-TWLTC"/></reference><name value="壓傷狀況值集"/><description value="個案壓傷的狀況"/><exampleBoolean value="false"/><groupingId value="-term-valueset"/></resource><resource><extension url="http://hl7.org/fhir/tools/StructureDefinition/resource-sort"><valueInteger value="999999999"/></extension><extension url="http://hl7.org/fhir/StructureDefinition/implementationguide-page"><valueUri value="ValueSet-ReferralConditionResidenceVS-TWLTC.html"/></extension><reference><reference value="ValueSet/ReferralConditionResidenceVS-TWLTC"/></reference><name value="居住狀況值集"/><description value="個案的居住狀況"/><exampleBoolean value="false"/><groupingId value="-term-valueset"/></resource><resource><extension url="http://hl7.org/fhir/tools/StructureDefinition/resource-sort"><valueInteger value="999999999"/></extension><extension url="http://hl7.org/fhir/StructureDefinition/implementationguide-page"><valueUri value="ValueSet-EducationStatusVS-TWLTC.html"/></extension><reference><reference value="ValueSet/EducationStatusVS-TWLTC"/></reference><name value="教育程度值集"/><description value="用以表述教育程度之值集，包含教育程度之描述內容。"/><exampleBoolean value="false"/><groupingId value="-term-valueset"/></resource><resource><extension url="http://hl7.org/fhir/tools/StructureDefinition/resource-sort"><valueInteger value="999999999"/></extension><extension url="http://hl7.org/fhir/StructureDefinition/implementationguide-page"><valueUri value="ValueSet-GoalDescriptionVS-TWLTC.html"/></extension><reference><reference value="ValueSet/GoalDescriptionVS-TWLTC"/></reference><name value="照顧目標描述值集"/><description value="照顧目標的描述值集，用以表述長期照顧情境中涉及之照顧目標描述內容。本值集比照 US Core Goal Profile 中的 description 元素定義，引用 SNOMED CT 與 LOINC 等術語系統。"/><exampleBoolean value="false"/><groupingId value="-term-valueset"/></resource><resource><extension url="http://hl7.org/fhir/tools/StructureDefinition/resource-sort"><valueInteger value="999999999"/></extension><extension url="http://hl7.org/fhir/StructureDefinition/implementationguide-page"><valueUri value="ValueSet-ConditionSeverityVS-TWLTC.html"/></extension><reference><reference value="ValueSet/ConditionSeverityVS-TWLTC"/></reference><name value="疾病嚴重度擴展值集"/><description value="用以表述疾病嚴重度之擴展值集，包含疾病嚴重度之描述內容。配合身心障礙手冊障礙程度分級，包含輕度、中度、重度、極重度等代碼。"/><exampleBoolean value="false"/><groupingId value="-term-valueset"/></resource><resource><extension url="http://hl7.org/fhir/tools/StructureDefinition/resource-sort"><valueInteger value="999999999"/></extension><extension url="http://hl7.org/fhir/StructureDefinition/implementationguide-page"><valueUri value="ValueSet-ReferralConditionCaregiverVS-TWLTC.html"/></extension><reference><reference value="ValueSet/ReferralConditionCaregiverVS-TWLTC"/></reference><name value="看護狀況值集"/><description value="個案雇用看護的狀況"/><exampleBoolean value="false"/><groupingId value="-term-valueset"/></resource><resource><extension url="http://hl7.org/fhir/tools/StructureDefinition/resource-sort"><valueInteger value="999999999"/></extension><extension url="http://hl7.org/fhir/StructureDefinition/implementationguide-page"><valueUri value="ValueSet-ReferralConditionTubeVS-TWLTC.html"/></extension><reference><reference value="ValueSet/ReferralConditionTubeVS-TWLTC"/></reference><name value="管路狀況值集"/><description value="個案持有管路的狀況"/><exampleBoolean value="false"/><groupingId value="-term-valueset"/></resource><resource><extension url="http://hl7.org/fhir/tools/StructureDefinition/resource-sort"><valueInteger value="999999999"/></extension><extension url="http://hl7.org/fhir/StructureDefinition/implementationguide-page"><valueUri value="ValueSet-ConditionDisabilityVS-TWLTC.html"/></extension><reference><reference value="ValueSet/ConditionDisabilityVS-TWLTC"/></reference><name value="身心障礙手冊持有狀況值集"/><description value="個案持有身心障礙手冊的狀況"/><exampleBoolean value="false"/><groupingId value="-term-valueset"/></resource><resource><extension url="http://hl7.org/fhir/tools/StructureDefinition/resource-sort"><valueInteger value="999999999"/></extension><extension url="http://hl7.org/fhir/StructureDefinition/implementationguide-page"><valueUri value="ValueSet-ConditionDisabilityTypeVS-TWLTC.html"/></extension><reference><reference value="ValueSet/ConditionDisabilityTypeVS-TWLTC"/></reference><name value="身心障礙類型值集"/><description value="個案身心障礙類型"/><exampleBoolean value="false"/><groupingId value="-term-valueset"/></resource><resource><extension url="http://hl7.org/fhir/tools/StructureDefinition/resource-sort"><valueInteger value="999999999"/></extension><extension url="http://hl7.org/fhir/StructureDefinition/implementationguide-page"><valueUri value="ValueSet-ReferralCarePlanVS-TWLTC.html"/></extension><reference><reference value="ValueSet/ReferralCarePlanVS-TWLTC"/></reference><name value="轉介單申請服務種類值集"/><description value="轉介單申請服務種類的值集"/><exampleBoolean value="false"/><groupingId value="-term-valueset"/></resource><resource><extension url="http://hl7.org/fhir/tools/StructureDefinition/resource-sort"><valueInteger value="999999999"/></extension><extension url="http://hl7.org/fhir/StructureDefinition/implementationguide-page"><valueUri value="ValueSet-RelationshipTypeVS-TWLTC.html"/></extension><reference><reference value="ValueSet/RelationshipTypeVS-TWLTC"/></reference><name value="關係類型擴展值集"/><description value="關係人與個案的關係類型擴展代碼值集，新增孫媳婦、孫女婿、聘用看護-本國籍、聘用看護-外國籍等代碼"/><exampleBoolean value="false"/><groupingId value="-term-valueset"/></resource><resource><extension url="http://hl7.org/fhir/tools/StructureDefinition/resource-sort"><valueInteger value="999999999"/></extension><extension url="http://hl7.org/fhir/StructureDefinition/implementationguide-page"><valueUri value="CodeSystem-PatientIdentityCS-TWLTC.html"/></extension><reference><reference value="CodeSystem/PatientIdentityCS-TWLTC"/></reference><name value="個案身分別代碼"/><description value="個案身分別代碼"/><exampleBoolean value="false"/><groupingId value="-term-codesystem"/></resource><resource><extension url="http://hl7.org/fhir/tools/StructureDefinition/resource-sort"><valueInteger value="999999999"/></extension><extension url="http://hl7.org/fhir/StructureDefinition/implementationguide-page"><valueUri value="CodeSystem-ConditionDisabilityCS-TWLTC.html"/></extension><reference><reference value="CodeSystem/ConditionDisabilityCS-TWLTC"/></reference><name value="個案身心障礙手冊持有狀態代碼"/><description value="用於表述個案的身心障礙手冊持有狀態代碼。"/><exampleBoolean value="false"/><groupingId value="-term-codesystem"/></resource><resource><extension url="http://hl7.org/fhir/tools/StructureDefinition/resource-sort"><valueInteger value="999999999"/></extension><extension url="http://hl7.org/fhir/StructureDefinition/implementationguide-page"><valueUri value="CodeSystem-ConditionDisabilityTypeCS-TWLTC.html"/></extension><reference><reference value="CodeSystem/ConditionDisabilityTypeCS-TWLTC"/></reference><name value="個案身心障礙類型代碼（新制）"/><description value="用於表述個案的身心障礙類型代碼（新制）。"/><exampleBoolean value="false"/><groupingId value="-term-codesystem"/></resource><resource><extension url="http://hl7.org/fhir/tools/StructureDefinition/resource-sort"><valueInteger value="999999999"/></extension><extension url="http://hl7.org/fhir/StructureDefinition/implementationguide-page"><valueUri value="CodeSystem-ConditionDisabilityLegacyTypeCS-TWLTC.html"/></extension><reference><reference value="CodeSystem/ConditionDisabilityLegacyTypeCS-TWLTC"/></reference><name value="個案身心障礙類型代碼（舊制）"/><description value="用於表述個案的身心障礙類型代碼（舊制）。"/><exampleBoolean value="false"/><groupingId value="-term-codesystem"/></resource><resource><extension url="http://hl7.org/fhir/tools/StructureDefinition/resource-sort"><valueInteger value="999999999"/></extension><extension url="http://hl7.org/fhir/StructureDefinition/implementationguide-page"><valueUri value="CodeSystem-AddressUseCS-TWLTC.html"/></extension><reference><reference value="CodeSystem/AddressUseCS-TWLTC"/></reference><name value="地址用途擴展識別碼"/><description value="地址用途的擴展識別碼，新增戶籍地與現居地等代碼"/><exampleBoolean value="false"/><groupingId value="-term-codesystem"/></resource><resource><extension url="http://hl7.org/fhir/tools/StructureDefinition/resource-sort"><valueInteger value="999999999"/></extension><extension url="http://hl7.org/fhir/StructureDefinition/implementationguide-page"><valueUri value="CodeSystem-EducationStatusCS-TWLTC.html"/></extension><reference><reference value="CodeSystem/EducationStatusCS-TWLTC"/></reference><name value="教育程度代碼"/><description value="用於表述個案的教育程度，在長照機構住民教育程度 Extension 中使用。"/><exampleBoolean value="false"/><groupingId value="-term-codesystem"/></resource><resource><extension url="http://hl7.org/fhir/tools/StructureDefinition/resource-sort"><valueInteger value="999999999"/></extension><extension url="http://hl7.org/fhir/StructureDefinition/implementationguide-page"><valueUri value="CodeSystem-EconomyStatusCS-TWLTC.html"/></extension><reference><reference value="CodeSystem/EconomyStatusCS-TWLTC"/></reference><name value="經濟狀況代碼"/><description value="用於表述個案的經濟狀況，在長照機構住民經濟狀況 Extension 中使用。&#xA;此代碼比照警政署偵查筆錄制式格式之選項進行設計。"/><exampleBoolean value="false"/><groupingId value="-term-codesystem"/></resource><resource><extension url="http://hl7.org/fhir/tools/StructureDefinition/resource-sort"><valueInteger value="999999999"/></extension><extension url="http://hl7.org/fhir/StructureDefinition/implementationguide-page"><valueUri value="CodeSystem-ReferralConditionCrushCS-TWLTC.html"/></extension><reference><reference value="CodeSystem/ReferralConditionCrushCS-TWLTC"/></reference><name value="轉介單壓傷狀況代碼"/><description value="用於表述個案的壓傷狀況。"/><exampleBoolean value="false"/><groupingId value="-term-codesystem"/></resource><resource><extension url="http://hl7.org/fhir/tools/StructureDefinition/resource-sort"><valueInteger value="999999999"/></extension><extension url="http://hl7.org/fhir/StructureDefinition/implementationguide-page"><valueUri value="CodeSystem-ReferralConditionResidenceCS-TWLTC.html"/></extension><reference><reference value="CodeSystem/ReferralConditionResidenceCS-TWLTC"/></reference><name value="轉介單居住狀況代碼"/><description value="用於表述個案的居住狀況"/><exampleBoolean value="false"/><groupingId value="-term-codesystem"/></resource><resource><extension url="http://hl7.org/fhir/tools/StructureDefinition/resource-sort"><valueInteger value="999999999"/></extension><extension url="http://hl7.org/fhir/StructureDefinition/implementationguide-page"><valueUri value="CodeSystem-ReferralCarePlanCS-TWLTC.html"/></extension><reference><reference value="CodeSystem/ReferralCarePlanCS-TWLTC"/></reference><name value="轉介單申請服務種類代碼"/><description value="用於表述個案欲申請的服務項目。"/><exampleBoolean value="false"/><groupingId value="-term-codesystem"/></resource><resource><extension url="http://hl7.org/fhir/tools/StructureDefinition/resource-sort"><valueInteger value="999999999"/></extension><extension url="http://hl7.org/fhir/StructureDefinition/implementationguide-page"><valueUri value="CodeSystem-ReferralConditionCaregiverCS-TWLTC.html"/></extension><reference><reference value="CodeSystem/ReferralConditionCaregiverCS-TWLTC"/></reference><name value="轉介單看護狀況代碼"/><description value="用於表述個案雇用看護的狀況。"/><exampleBoolean value="false"/><groupingId value="-term-codesystem"/></resource><resource><extension url="http://hl7.org/fhir/tools/StructureDefinition/resource-sort"><valueInteger value="999999999"/></extension><extension url="http://hl7.org/fhir/StructureDefinition/implementationguide-page"><valueUri value="CodeSystem-ReferralConditionTubeCS-TWLTC.html"/></extension><reference><reference value="CodeSystem/ReferralConditionTubeCS-TWLTC"/></reference><name value="轉介單管路狀況代碼"/><description value="用於表述轉介單的狀況代碼，包含身心障礙手冊、管路、壓傷、居住狀況、看護、主要問題及需求等。"/><exampleBoolean value="false"/><groupingId value="-term-codesystem"/></resource><resource><extension url="http://hl7.org/fhir/tools/StructureDefinition/resource-sort"><valueInteger value="999999999"/></extension><extension url="http://hl7.org/fhir/StructureDefinition/implementationguide-page"><valueUri value="CodeSystem-RelationshipTypeCS-TWLTC.html"/></extension><reference><reference value="CodeSystem/RelationshipTypeCS-TWLTC"/></reference><name value="關係類型擴展代碼"/><description value="關係人與個案的關係類型擴展代碼，新增孫媳婦、孫女婿、聘用看護-本國籍、聘用看護-外國籍等代碼"/><exampleBoolean value="false"/><groupingId value="-term-codesystem"/></resource><page><extension url="http://hl7.org/fhir/tools/StructureDefinition/ig-page-name"><valueUrl value="toc.html"/></extension><nameUrl value="toc.html"/><title value="Table of Contents"/><generation value="html"/><page><extension url="http://hl7.org/fhir/tools/StructureDefinition/ig-page-name"><valueUrl value="index.html"/></extension><nameUrl value="index.html"/><title value="Home"/><generation value="markdown"/></page><page><extension url="http://hl7.org/fhir/tools/StructureDefinition/ig-page-name"><valueUrl value="connectathon.html"/></extension><nameUrl value="connectathon.html"/><title value="Connectathon"/><generation value="markdown"/></page><page><extension url="http://hl7.org/fhir/tools/StructureDefinition/ig-page-name"><valueUrl value="downloads.html"/></extension><nameUrl value="downloads.html"/><title value="Downloads"/><generation value="markdown"/></page><page><extension url="http://hl7.org/fhir/tools/StructureDefinition/ig-page-name"><valueUrl value="ImplementationGuide-fhir.twltc.html"/></extension><nameUrl value="ImplementationGuide-fhir.twltc.html"/><title value="Implementation Guide Fhir Twltc"/><generation value="markdown"/></page><page><extension url="http://hl7.org/fhir/tools/StructureDefinition/ig-page-name"><valueUrl value="profiles-and-extensions.html"/></extension><nameUrl value="profiles-and-extensions.html"/><title value="Profiles and Extensions"/><generation value="markdown"/></page><page><extension url="http://hl7.org/fhir/tools/StructureDefinition/ig-page-name"><valueUrl value="security.html"/></extension><nameUrl value="security.html"/><title value="Security"/><generation value="markdown"/></page><page><extension url="http://hl7.org/fhir/tools/StructureDefinition/ig-page-name"><valueUrl value="terminologies.html"/></extension><nameUrl value="terminologies.html"/><title value="Terminologies"/><generation value="markdown"/></page><page><extension url="http://hl7.org/fhir/tools/StructureDefinition/ig-page-name"><valueUrl value="validates.html"/></extension><nameUrl value="validates.html"/><title value="Validates"/><generation value="markdown"/></page><page><extension url="http://hl7.org/fhir/tools/StructureDefinition/ig-page-name"><valueUrl value="artifacts.html"/></extension><nameUrl value="artifacts.html"/><title value="Artifacts Summary"/><generation value="html"/><page><extension url="http://hl7.org/fhir/tools/StructureDefinition/ig-page-name"><valueUrl value="StructureDefinition-LTCBundleCMS.html"/></extension><nameUrl value="StructureDefinition-LTCBundleCMS.html"/><title value="TWLTC Bundle CMS"/><generation value="generated"/></page><page><extension url="http://hl7.org/fhir/tools/StructureDefinition/ig-page-name"><valueUrl value="StructureDefinition-LTCBundleReferral.html"/></extension><nameUrl value="StructureDefinition-LTCBundleReferral.html"/><title value="TWLTC Bundle Referral"/><generation value="generated"/></page><page><extension url="http://hl7.org/fhir/tools/StructureDefinition/ig-page-name"><valueUrl value="StructureDefinition-LTCCarePlan.html"/></extension><nameUrl value="StructureDefinition-LTCCarePlan.html"/><title value="TWLTC CarePlan"/><generation value="generated"/></page><page><extension url="http://hl7.org/fhir/tools/StructureDefinition/ig-page-name"><valueUrl value="StructureDefinition-LTCCarePlanReferral.html"/></extension><nameUrl value="StructureDefinition-LTCCarePlanReferral.html"/><title value="TWLTC CarePlan Referral"/><generation value="generated"/></page><page><extension url="http://hl7.org/fhir/tools/StructureDefinition/ig-page-name"><valueUrl value="StructureDefinition-LTCCareTeam.html"/></extension><nameUrl value="StructureDefinition-LTCCareTeam.html"/><title value="TWLTC CareTeam"/><generation value="generated"/></page><page><extension url="http://hl7.org/fhir/tools/StructureDefinition/ig-page-name"><valueUrl value="StructureDefinition-LTCCompositionCMS.html"/></extension><nameUrl value="StructureDefinition-LTCCompositionCMS.html"/><title value="TWLTC Composition CMS"/><generation value="generated"/></page><page><extension url="http://hl7.org/fhir/tools/StructureDefinition/ig-page-name"><valueUrl value="StructureDefinition-LTCCompositionReferral.html"/></extension><nameUrl value="StructureDefinition-LTCCompositionReferral.html"/><title value="TWLTC Composition Referral"/><generation value="generated"/></page><page><extension url="http://hl7.org/fhir/tools/StructureDefinition/ig-page-name"><valueUrl value="StructureDefinition-LTCCondition.html"/></extension><nameUrl value="StructureDefinition-LTCCondition.html"/><title value="TWLTC Condition"/><generation value="generated"/></page><page><extension url="http://hl7.org/fhir/tools/StructureDefinition/ig-page-name"><valueUrl value="StructureDefinition-LTCConditionCaregiver.html"/></extension><nameUrl value="StructureDefinition-LTCConditionCaregiver.html"/><title value="TWLTC Condition Caregiver"/><generation value="generated"/></page><page><extension url="http://hl7.org/fhir/tools/StructureDefinition/ig-page-name"><valueUrl value="StructureDefinition-LTCConditionCrush.html"/></extension><nameUrl value="StructureDefinition-LTCConditionCrush.html"/><title value="TWLTC Condition Crush"/><generation value="generated"/></page><page><extension url="http://hl7.org/fhir/tools/StructureDefinition/ig-page-name"><valueUrl value="StructureDefinition-LTCConditionDisability.html"/></extension><nameUrl value="StructureDefinition-LTCConditionDisability.html"/><title value="TWLTC Condition Disability"/><generation value="generated"/></page><page><extension url="http://hl7.org/fhir/tools/StructureDefinition/ig-page-name"><valueUrl value="StructureDefinition-LTCConditionDisabilityType.html"/></extension><nameUrl value="StructureDefinition-LTCConditionDisabilityType.html"/><title value="TWLTC Condition Disability Type"/><generation value="generated"/></page><page><extension url="http://hl7.org/fhir/tools/StructureDefinition/ig-page-name"><valueUrl value="StructureDefinition-LTCConditionResidence.html"/></extension><nameUrl value="StructureDefinition-LTCConditionResidence.html"/><title value="TWLTC Condition Residence"/><generation value="generated"/></page><page><extension url="http://hl7.org/fhir/tools/StructureDefinition/ig-page-name"><valueUrl value="StructureDefinition-LTCConditionTube.html"/></extension><nameUrl value="StructureDefinition-LTCConditionTube.html"/><title value="TWLTC Condition Tube"/><generation value="generated"/></page><page><extension url="http://hl7.org/fhir/tools/StructureDefinition/ig-page-name"><valueUrl value="StructureDefinition-LTCGoal.html"/></extension><nameUrl value="StructureDefinition-LTCGoal.html"/><title value="TWLTC Goal"/><generation value="generated"/></page><page><extension url="http://hl7.org/fhir/tools/StructureDefinition/ig-page-name"><valueUrl value="StructureDefinition-LTCMedicationAdministration.html"/></extension><nameUrl value="StructureDefinition-LTCMedicationAdministration.html"/><title value="TWLTC Medication Administration"/><generation value="generated"/></page><page><extension url="http://hl7.org/fhir/tools/StructureDefinition/ig-page-name"><valueUrl value="StructureDefinition-LTCObservationVitalSigns.html"/></extension><nameUrl value="StructureDefinition-LTCObservationVitalSigns.html"/><title value="TWLTC Observation Vital Signs"/><generation value="generated"/></page><page><extension url="http://hl7.org/fhir/tools/StructureDefinition/ig-page-name"><valueUrl value="StructureDefinition-Organization-twltc.html"/></extension><nameUrl value="StructureDefinition-Organization-twltc.html"/><title value="TWLTC Organization"/><generation value="generated"/></page><page><extension url="http://hl7.org/fhir/tools/StructureDefinition/ig-page-name"><valueUrl value="StructureDefinition-LTCPatient.html"/></extension><nameUrl value="StructureDefinition-LTCPatient.html"/><title value="TWLTC Patient"/><generation value="generated"/></page><page><extension url="http://hl7.org/fhir/tools/StructureDefinition/ig-page-name"><valueUrl value="StructureDefinition-LTCPatientCMS.html"/></extension><nameUrl value="StructureDefinition-LTCPatientCMS.html"/><title value="TWLTC Patient for CMS Form"/><generation value="generated"/></page><page><extension url="http://hl7.org/fhir/tools/StructureDefinition/ig-page-name"><valueUrl value="StructureDefinition-LTCPatientReferral.html"/></extension><nameUrl value="StructureDefinition-LTCPatientReferral.html"/><title value="TWLTC Patient for Referral Form"/><generation value="generated"/></page><page><extension url="http://hl7.org/fhir/tools/StructureDefinition/ig-page-name"><valueUrl value="StructureDefinition-LTCPractitioner.html"/></extension><nameUrl value="StructureDefinition-LTCPractitioner.html"/><title value="TWLTC Practitioner"/><generation value="generated"/></page><page><extension url="http://hl7.org/fhir/tools/StructureDefinition/ig-page-name"><valueUrl value="StructureDefinition-LTCPractitionerRole.html"/></extension><nameUrl value="StructureDefinition-LTCPractitionerRole.html"/><title value="TWLTC PractitionerRole"/><generation value="generated"/></page><page><extension url="http://hl7.org/fhir/tools/StructureDefinition/ig-page-name"><valueUrl value="StructureDefinition-LTCQuestionnaire.html"/></extension><nameUrl value="StructureDefinition-LTCQuestionnaire.html"/><title value="TWLTC Questionnaire"/><generation value="generated"/></page><page><extension url="http://hl7.org/fhir/tools/StructureDefinition/ig-page-name"><valueUrl value="StructureDefinition-LTCQuestionnaireResponse.html"/></extension><nameUrl value="StructureDefinition-LTCQuestionnaireResponse.html"/><title value="TWLTC QuestionnaireResponse"/><generation value="generated"/></page><page><extension url="http://hl7.org/fhir/tools/StructureDefinition/ig-page-name"><valueUrl value="StructureDefinition-LTCQuestionnaireResponseCMSADL.html"/></extension><nameUrl value="StructureDefinition-LTCQuestionnaireResponseCMSADL.html"/><title value="TWLTC QuestionnaireResponse CMS ADL"/><generation value="generated"/></page><page><extension url="http://hl7.org/fhir/tools/StructureDefinition/ig-page-name"><valueUrl value="StructureDefinition-LTCQuestionnaireResponseCMSCaregiverLoad.html"/></extension><nameUrl value="StructureDefinition-LTCQuestionnaireResponseCMSCaregiverLoad.html"/><title value="TWLTC QuestionnaireResponse CMS Caregiver Load"/><generation value="generated"/></page><page><extension url="http://hl7.org/fhir/tools/StructureDefinition/ig-page-name"><valueUrl value="StructureDefinition-LTCQuestionnaireResponseCMSCaregiverSupport.html"/></extension><nameUrl value="StructureDefinition-LTCQuestionnaireResponseCMSCaregiverSupport.html"/><title value="TWLTC QuestionnaireResponse CMS Caregiver Support"/><generation value="generated"/></page><page><extension url="http://hl7.org/fhir/tools/StructureDefinition/ig-page-name"><valueUrl value="StructureDefinition-LTCQuestionnaireResponseCMSCommunication.html"/></extension><nameUrl value="StructureDefinition-LTCQuestionnaireResponseCMSCommunication.html"/><title value="TWLTC QuestionnaireResponse CMS Communication"/><generation value="generated"/></page><page><extension url="http://hl7.org/fhir/tools/StructureDefinition/ig-page-name"><valueUrl value="StructureDefinition-LTCQuestionnaireResponseCMSIADL.html"/></extension><nameUrl value="StructureDefinition-LTCQuestionnaireResponseCMSIADL.html"/><title value="TWLTC QuestionnaireResponse CMS IADL"/><generation value="generated"/></page><page><extension url="http://hl7.org/fhir/tools/StructureDefinition/ig-page-name"><valueUrl value="StructureDefinition-LTCQuestionnaireResponseCMSMemory.html"/></extension><nameUrl value="StructureDefinition-LTCQuestionnaireResponseCMSMemory.html"/><title value="TWLTC QuestionnaireResponse CMS Memory"/><generation value="generated"/></page><page><extension url="http://hl7.org/fhir/tools/StructureDefinition/ig-page-name"><valueUrl value="StructureDefinition-LTCQuestionnaireResponseCMSMental.html"/></extension><nameUrl value="StructureDefinition-LTCQuestionnaireResponseCMSMental.html"/><title value="TWLTC QuestionnaireResponse CMS Mental"/><generation value="generated"/></page><page><extension url="http://hl7.org/fhir/tools/StructureDefinition/ig-page-name"><valueUrl value="StructureDefinition-LTCQuestionnaireResponseCMSSociety.html"/></extension><nameUrl value="StructureDefinition-LTCQuestionnaireResponseCMSSociety.html"/><title value="TWLTC QuestionnaireResponse CMS Society"/><generation value="generated"/></page><page><extension url="http://hl7.org/fhir/tools/StructureDefinition/ig-page-name"><valueUrl value="StructureDefinition-LTCQuestionnaireResponseCMSSpecialCare.html"/></extension><nameUrl value="StructureDefinition-LTCQuestionnaireResponseCMSSpecialCare.html"/><title value="TWLTC QuestionnaireResponse CMS Special Care"/><generation value="generated"/></page><page><extension url="http://hl7.org/fhir/tools/StructureDefinition/ig-page-name"><valueUrl value="StructureDefinition-LTCQuestionnaireResponseReferralADL.html"/></extension><nameUrl value="StructureDefinition-LTCQuestionnaireResponseReferralADL.html"/><title value="TWLTC QuestionnaireResponse Referral ADL"/><generation value="generated"/></page><page><extension url="http://hl7.org/fhir/tools/StructureDefinition/ig-page-name"><valueUrl value="StructureDefinition-LTCQuestionnaireResponseReferralCaregiver.html"/></extension><nameUrl value="StructureDefinition-LTCQuestionnaireResponseReferralCaregiver.html"/><title value="TWLTC QuestionnaireResponse Referral Caregiver"/><generation value="generated"/></page><page><extension url="http://hl7.org/fhir/tools/StructureDefinition/ig-page-name"><valueUrl value="StructureDefinition-LTCQuestionnaireResponseReferralIADL.html"/></extension><nameUrl value="StructureDefinition-LTCQuestionnaireResponseReferralIADL.html"/><title value="TWLTC QuestionnaireResponse Referral IADL"/><generation value="generated"/></page><page><extension url="http://hl7.org/fhir/tools/StructureDefinition/ig-page-name"><valueUrl value="StructureDefinition-LTCQuestionnaireResponseReferralSOF.html"/></extension><nameUrl value="StructureDefinition-LTCQuestionnaireResponseReferralSOF.html"/><title value="TWLTC QuestionnaireResponse Referral SOF"/><generation value="generated"/></page><page><extension url="http://hl7.org/fhir/tools/StructureDefinition/ig-page-name"><valueUrl value="StructureDefinition-LTCRelatedPerson.html"/></extension><nameUrl value="StructureDefinition-LTCRelatedPerson.html"/><title value="TWLTC RelatedPerson"/><generation value="generated"/></page><page><extension url="http://hl7.org/fhir/tools/StructureDefinition/ig-page-name"><valueUrl value="StructureDefinition-ExtPatientIdentity-TWLTC.html"/></extension><nameUrl value="StructureDefinition-ExtPatientIdentity-TWLTC.html"/><title value="個案身分別"/><generation value="generated"/></page><page><extension url="http://hl7.org/fhir/tools/StructureDefinition/ig-page-name"><valueUrl value="StructureDefinition-ExtRelatedPersonIsPrimary-TWLTC.html"/></extension><nameUrl value="StructureDefinition-ExtRelatedPersonIsPrimary-TWLTC.html"/><title value="是否為主要照顧者"/><generation value="generated"/></page><page><extension url="http://hl7.org/fhir/tools/StructureDefinition/ig-page-name"><valueUrl value="StructureDefinition-ExtPatientEducationStatus-TWLTC.html"/></extension><nameUrl value="StructureDefinition-ExtPatientEducationStatus-TWLTC.html"/><title value="長照機構住民教育程度"/><generation value="generated"/></page><page><extension url="http://hl7.org/fhir/tools/StructureDefinition/ig-page-name"><valueUrl value="StructureDefinition-ExtPatientEconomyStatus-TWLTC.html"/></extension><nameUrl value="StructureDefinition-ExtPatientEconomyStatus-TWLTC.html"/><title value="長照機構住民經濟狀況"/><generation value="generated"/></page><page><extension url="http://hl7.org/fhir/tools/StructureDefinition/ig-page-name"><valueUrl value="ValueSet-EconomyStatusVS-TWLTC.html"/></extension><nameUrl value="ValueSet-EconomyStatusVS-TWLTC.html"/><title value="個案經濟狀況值集"/><generation value="generated"/></page><page><extension url="http://hl7.org/fhir/tools/StructureDefinition/ig-page-name"><valueUrl value="ValueSet-PatientIdentityVS-TWLTC.html"/></extension><nameUrl value="ValueSet-PatientIdentityVS-TWLTC.html"/><title value="個案身分別值集"/><generation value="generated"/></page><page><extension url="http://hl7.org/fhir/tools/StructureDefinition/ig-page-name"><valueUrl value="ValueSet-AddressUseVS-TWLTC.html"/></extension><nameUrl value="ValueSet-AddressUseVS-TWLTC.html"/><title value="地址用途擴展值集"/><generation value="generated"/></page><page><extension url="http://hl7.org/fhir/tools/StructureDefinition/ig-page-name"><valueUrl value="ValueSet-ReferralConditionCrushVS-TWLTC.html"/></extension><nameUrl value="ValueSet-ReferralConditionCrushVS-TWLTC.html"/><title value="壓傷狀況值集"/><generation value="generated"/></page><page><extension url="http://hl7.org/fhir/tools/StructureDefinition/ig-page-name"><valueUrl value="ValueSet-ReferralConditionResidenceVS-TWLTC.html"/></extension><nameUrl value="ValueSet-ReferralConditionResidenceVS-TWLTC.html"/><title value="居住狀況值集"/><generation value="generated"/></page><page><extension url="http://hl7.org/fhir/tools/StructureDefinition/ig-page-name"><valueUrl value="ValueSet-EducationStatusVS-TWLTC.html"/></extension><nameUrl value="ValueSet-EducationStatusVS-TWLTC.html"/><title value="教育程度值集"/><generation value="generated"/></page><page><extension url="http://hl7.org/fhir/tools/StructureDefinition/ig-page-name"><valueUrl value="ValueSet-GoalDescriptionVS-TWLTC.html"/></extension><nameUrl value="ValueSet-GoalDescriptionVS-TWLTC.html"/><title value="照顧目標描述值集"/><generation value="generated"/></page><page><extension url="http://hl7.org/fhir/tools/StructureDefinition/ig-page-name"><valueUrl value="ValueSet-ConditionSeverityVS-TWLTC.html"/></extension><nameUrl value="ValueSet-ConditionSeverityVS-TWLTC.html"/><title value="疾病嚴重度擴展值集"/><generation value="generated"/></page><page><extension url="http://hl7.org/fhir/tools/StructureDefinition/ig-page-name"><valueUrl value="ValueSet-ReferralConditionCaregiverVS-TWLTC.html"/></extension><nameUrl value="ValueSet-ReferralConditionCaregiverVS-TWLTC.html"/><title value="看護狀況值集"/><generation value="generated"/></page><page><extension url="http://hl7.org/fhir/tools/StructureDefinition/ig-page-name"><valueUrl value="ValueSet-ReferralConditionTubeVS-TWLTC.html"/></extension><nameUrl value="ValueSet-ReferralConditionTubeVS-TWLTC.html"/><title value="管路狀況值集"/><generation value="generated"/></page><page><extension url="http://hl7.org/fhir/tools/StructureDefinition/ig-page-name"><valueUrl value="ValueSet-ConditionDisabilityVS-TWLTC.html"/></extension><nameUrl value="ValueSet-ConditionDisabilityVS-TWLTC.html"/><title value="身心障礙手冊持有狀況值集"/><generation value="generated"/></page><page><extension url="http://hl7.org/fhir/tools/StructureDefinition/ig-page-name"><valueUrl value="ValueSet-ConditionDisabilityTypeVS-TWLTC.html"/></extension><nameUrl value="ValueSet-ConditionDisabilityTypeVS-TWLTC.html"/><title value="身心障礙類型值集"/><generation value="generated"/></page><page><extension url="http://hl7.org/fhir/tools/StructureDefinition/ig-page-name"><valueUrl value="ValueSet-ReferralCarePlanVS-TWLTC.html"/></extension><nameUrl value="ValueSet-ReferralCarePlanVS-TWLTC.html"/><title value="轉介單申請服務種類值集"/><generation value="generated"/></page><page><extension url="http://hl7.org/fhir/tools/StructureDefinition/ig-page-name"><valueUrl value="ValueSet-RelationshipTypeVS-TWLTC.html"/></extension><nameUrl value="ValueSet-RelationshipTypeVS-TWLTC.html"/><title value="關係類型擴展值集"/><generation value="generated"/></page><page><extension url="http://hl7.org/fhir/tools/StructureDefinition/ig-page-name"><valueUrl value="CodeSystem-PatientIdentityCS-TWLTC.html"/></extension><nameUrl value="CodeSystem-PatientIdentityCS-TWLTC.html"/><title value="個案身分別代碼"/><generation value="generated"/></page><page><extension url="http://hl7.org/fhir/tools/StructureDefinition/ig-page-name"><valueUrl value="CodeSystem-ConditionDisabilityCS-TWLTC.html"/></extension><nameUrl value="CodeSystem-ConditionDisabilityCS-TWLTC.html"/><title value="個案身心障礙手冊持有狀態代碼"/><generation value="generated"/></page><page><extension url="http://hl7.org/fhir/tools/StructureDefinition/ig-page-name"><valueUrl value="CodeSystem-ConditionDisabilityTypeCS-TWLTC.html"/></extension><nameUrl value="CodeSystem-ConditionDisabilityTypeCS-TWLTC.html"/><title value="個案身心障礙類型代碼（新制）"/><generation value="generated"/></page><page><extension url="http://hl7.org/fhir/tools/StructureDefinition/ig-page-name"><valueUrl value="CodeSystem-ConditionDisabilityLegacyTypeCS-TWLTC.html"/></extension><nameUrl value="CodeSystem-ConditionDisabilityLegacyTypeCS-TWLTC.html"/><title value="個案身心障礙類型代碼（舊制）"/><generation value="generated"/></page><page><extension url="http://hl7.org/fhir/tools/StructureDefinition/ig-page-name"><valueUrl value="CodeSystem-AddressUseCS-TWLTC.html"/></extension><nameUrl value="CodeSystem-AddressUseCS-TWLTC.html"/><title value="地址用途擴展識別碼"/><generation value="generated"/></page><page><extension url="http://hl7.org/fhir/tools/StructureDefinition/ig-page-name"><valueUrl value="CodeSystem-EducationStatusCS-TWLTC.html"/></extension><nameUrl value="CodeSystem-EducationStatusCS-TWLTC.html"/><title value="教育程度代碼"/><generation value="generated"/></page><page><extension url="http://hl7.org/fhir/tools/StructureDefinition/ig-page-name"><valueUrl value="CodeSystem-EconomyStatusCS-TWLTC.html"/></extension><nameUrl value="CodeSystem-EconomyStatusCS-TWLTC.html"/><title value="經濟狀況代碼"/><generation value="generated"/></page><page><extension url="http://hl7.org/fhir/tools/StructureDefinition/ig-page-name"><valueUrl value="CodeSystem-ReferralConditionCrushCS-TWLTC.html"/></extension><nameUrl value="CodeSystem-ReferralConditionCrushCS-TWLTC.html"/><title value="轉介單壓傷狀況代碼"/><generation value="generated"/></page><page><extension url="http://hl7.org/fhir/tools/StructureDefinition/ig-page-name"><valueUrl value="CodeSystem-ReferralConditionResidenceCS-TWLTC.html"/></extension><nameUrl value="CodeSystem-ReferralConditionResidenceCS-TWLTC.html"/><title value="轉介單居住狀況代碼"/><generation value="generated"/></page><page><extension url="http://hl7.org/fhir/tools/StructureDefinition/ig-page-name"><valueUrl value="CodeSystem-ReferralCarePlanCS-TWLTC.html"/></extension><nameUrl value="CodeSystem-ReferralCarePlanCS-TWLTC.html"/><title value="轉介單申請服務種類代碼"/><generation value="generated"/></page><page><extension url="http://hl7.org/fhir/tools/StructureDefinition/ig-page-name"><valueUrl value="CodeSystem-ReferralConditionCaregiverCS-TWLTC.html"/></extension><nameUrl value="CodeSystem-ReferralConditionCaregiverCS-TWLTC.html"/><title value="轉介單看護狀況代碼"/><generation value="generated"/></page><page><extension url="http://hl7.org/fhir/tools/StructureDefinition/ig-page-name"><valueUrl value="CodeSystem-ReferralConditionTubeCS-TWLTC.html"/></extension><nameUrl value="CodeSystem-ReferralConditionTubeCS-TWLTC.html"/><title value="轉介單管路狀況代碼"/><generation value="generated"/></page><page><extension url="http://hl7.org/fhir/tools/StructureDefinition/ig-page-name"><valueUrl value="CodeSystem-RelationshipTypeCS-TWLTC.html"/></extension><nameUrl value="CodeSystem-RelationshipTypeCS-TWLTC.html"/><title value="關係類型擴展代碼"/><generation value="generated"/></page></page></page><parameter><code value="path-resource"/><value value="input/capabilities"/></parameter><parameter><code value="path-resource"/><value value="input/examples"/></parameter><parameter><code value="path-resource"/><value value="input/extensions"/></parameter><parameter><code value="path-resource"/><value value="input/models"/></parameter><parameter><code value="path-resource"/><value value="input/operations"/></parameter><parameter><code value="path-resource"/><value value="input/profiles"/></parameter><parameter><code value="path-resource"/><value value="input/resources"/></parameter><parameter><code value="path-resource"/><value value="input/vocabulary"/></parameter><parameter><code value="path-resource"/><value value="input/maps"/></parameter><parameter><code value="path-resource"/><value value="input/testing"/></parameter><parameter><code value="path-resource"/><value value="input/history"/></parameter><parameter><code value="path-resource"/><value value="fsh-generated/resources"/></parameter><parameter><code value="path-pages"/><value value="template/config"/></parameter><parameter><code value="path-pages"/><value value="input/images"/></parameter><parameter><code value="path-tx-cache"/><value value="input-cache/txcache"/></parameter></definition></ImplementationGuide>