<?xml version="1.0" encoding="UTF-8"?><ValueSet xmlns="http://hl7.org/fhir"><id value="ServiceRequestPAVS-Sport"/><text><status value="generated"/><div xmlns="http://www.w3.org/1999/xhtml"><p class="res-header-id"><b>Generated Narrative: ValueSet ServiceRequestPAVS-Sport</b></p><a name="ServiceRequestPAVS-Sport"> </a><a name="hcServiceRequestPAVS-Sport"> </a><ul><li>Include these codes as defined in <a href="http://www.snomed.org/"><code>http://snomed.info/sct</code></a><table class="none"><tr><td style="white-space:nowrap"><b>Code</b></td><td><b>Display</b></td></tr><tr><td><a href="http://snomed.info/id/819961005">819961005</a></td><td>PA guidance</td></tr><tr><td><a href="http://snomed.info/id/398636004">398636004</a></td><td>PA assessment</td></tr><tr><td><a href="http://snomed.info/id/435551000124105">435551000124105</a></td><td>Counseling about physical activity</td></tr><tr><td><a href="http://snomed.info/id/390893007">390893007</a></td><td>Referral to physical activity program</td></tr><tr><td><a href="http://snomed.info/id/426866005">426866005</a></td><td>Determination of phyisical activity tolerance</td></tr><tr><td><a href="http://snomed.info/id/229095001">229095001</a></td><td>Exercise class</td></tr><tr><td><a href="http://snomed.info/id/229065009">229065009</a></td><td>Exercise therapy</td></tr></table></li></ul></div></text><url value="http://ltc-ig.fhir.tw/ValueSet/ServiceRequestPAVS-Sport"/><version value="0.3.0"/><name value="ServiceRequestPAVSSport"/><title value="身體活動量測-適用運動處方之服務請求代碼值集"/><status value="active"/><experimental value="false"/><date value="2024-06-04"/><publisher value="經濟部產業發展署"/><contact><name value="經濟部產業發展署"/><telecom><system value="url"/><value value="https://www.ida.gov.tw/"/></telecom></contact><description value="適用運動處方之服務請求代碼。本 ValueSet 繼承自身體活動量測 IG，後續將配合原始 IG 進行更新。"/><compose><include><system value="http://snomed.info/sct"/><concept><code value="819961005"/><display value="PA guidance"/></concept><concept><code value="398636004"/><display value="PA assessment"/></concept><concept><code value="435551000124105"/><display value="Counseling about physical activity"/></concept><concept><code value="390893007"/><display value="Referral to physical activity program"/></concept><concept><code value="426866005"/><display value="Determination of phyisical activity tolerance"/></concept><concept><code value="229095001"/><display value="Exercise class"/></concept><concept><code value="229065009"/><display value="Exercise therapy"/></concept></include></compose></ValueSet>