<?xml version="1.0" encoding="UTF-8"?><ValueSet xmlns="http://hl7.org/fhir"><id value="AddressUseVS-TWLTC"/><text><status value="generated"/><div xmlns="http://www.w3.org/1999/xhtml"><p class="res-header-id"><b>Generated Narrative: ValueSet AddressUseVS-TWLTC</b></p><a name="AddressUseVS-TWLTC"> </a><a name="hcAddressUseVS-TWLTC"> </a><a name="AddressUseVS-TWLTC-en-US"> </a><ul><li>Include all codes defined in <a href="CodeSystem-AddressUseCS-TWLTC.html"><code>http://ltc-ig.fhir.tw/CodeSystem/AddressUseCS-TWLTC</code></a></li></ul></div></text><url value="http://ltc-ig.fhir.tw/ValueSet/AddressUseVS-TWLTC"/><version value="0.1.1"/><name value="AddressUseVSTWLTC"/><title value="地址用途擴展值集"/><status value="active"/><experimental value="false"/><date value="2024-08-22"/><publisher value="MI-TW"/><contact><name value="MI-TW"/><telecom><system value="url"/><value value="https://mitw.dicom.org.tw/"/></telecom></contact><description value="地址的用途，新增戶籍地與現居地等代碼"/><compose><include><system value="http://ltc-ig.fhir.tw/CodeSystem/AddressUseCS-TWLTC"/></include></compose></ValueSet>