<?xml version="1.0" encoding="UTF-8"?><ValueSet xmlns="http://hl7.org/fhir"><id value="ReferralConditionCrushVS-TWLTC"/><text><status value="generated"/><div xmlns="http://www.w3.org/1999/xhtml"><p class="res-header-id"><b>Generated Narrative: ValueSet ReferralConditionCrushVS-TWLTC</b></p><a name="ReferralConditionCrushVS-TWLTC"> </a><a name="hcReferralConditionCrushVS-TWLTC"> </a><a name="ReferralConditionCrushVS-TWLTC-en-US"> </a><ul><li>Include all codes defined in <a href="CodeSystem-ReferralConditionCrushCS-TWLTC.html"><code>http://ltc-ig.fhir.tw/CodeSystem/ReferralConditionCrushCS-TWLTC</code></a></li></ul></div></text><url value="http://ltc-ig.fhir.tw/ValueSet/ReferralConditionCrushVS-TWLTC"/><version value="0.2.0"/><name value="ReferralConditionCrushVSTWLTC"/><title value="壓傷狀況值集"/><status value="active"/><experimental value="false"/><date value="2024-08-25"/><publisher value="MI-TW"/><contact><name value="MI-TW"/><telecom><system value="url"/><value value="https://mitw.dicom.org.tw/"/></telecom></contact><description value="個案壓傷的狀況"/><compose><include><system value="http://ltc-ig.fhir.tw/CodeSystem/ReferralConditionCrushCS-TWLTC"/></include></compose></ValueSet>