<?xml version="1.0" encoding="UTF-8"?><ValueSet xmlns="http://hl7.org/fhir"><id value="GaitCycleVS-Sport"/><text><status value="generated"/><div xmlns="http://www.w3.org/1999/xhtml"><p class="res-header-id"><b>Generated Narrative: ValueSet GaitCycleVS-Sport</b></p><a name="GaitCycleVS-Sport"> </a><a name="hcGaitCycleVS-Sport"> </a><ul><li>Include all codes defined in <a href="CodeSystem-GaitCycleCS-Sport.html"><code>http://ltc-ig.fhir.tw/CodeSystem/GaitCycleCS-Sport</code></a></li></ul></div></text><url value="http://ltc-ig.fhir.tw/ValueSet/GaitCycleVS-Sport"/><version value="0.3.0"/><name value="GaitCycleVSSport"/><title value="身體活動量測-步態週期值集"/><status value="active"/><experimental value="false"/><date value="2024-06-04"/><publisher value="經濟部產業發展署"/><contact><name value="經濟部產業發展署"/><telecom><system value="url"/><value value="https://www.ida.gov.tw/"/></telecom></contact><description value="一個步伐的完整過程，從一隻腳接觸地面開始到同一隻腳再次接觸地面結束。這個過程可以分為兩個主要階段：支撐期（stance phase）和擺動期（swing phase）。本 ValueSet 繼承自身體活動量測 IG，後續將配合原始 IG 進行更新。"/><compose><include><system value="http://ltc-ig.fhir.tw/CodeSystem/GaitCycleCS-Sport"/></include></compose></ValueSet>