<?xml version="1.0" encoding="UTF-8"?><ValueSet xmlns="http://hl7.org/fhir"><id value="ConditionDisabilityTypeVS-TWLTC"/><text><status value="generated"/><div xmlns="http://www.w3.org/1999/xhtml"><p class="res-header-id"><b>Generated Narrative: ValueSet ConditionDisabilityTypeVS-TWLTC</b></p><a name="ConditionDisabilityTypeVS-TWLTC"> </a><a name="hcConditionDisabilityTypeVS-TWLTC"> </a><a name="ConditionDisabilityTypeVS-TWLTC-en-US"> </a><p>This value set includes codes based on the following rules:</p><ul><li>Include all codes defined in <a href="CodeSystem-ConditionDisabilityTypeCS-TWLTC.html"><code>http://ltc-ig.fhir.tw/CodeSystem/ConditionDisabilityTypeCS-TWLTC</code></a></li><li>Include all codes defined in <a href="CodeSystem-ConditionDisabilityLegacyTypeCS-TWLTC.html"><code>http://ltc-ig.fhir.tw/CodeSystem/ConditionDisabilityLegacyTypeCS-TWLTC</code></a></li></ul></div></text><url value="http://ltc-ig.fhir.tw/ValueSet/ConditionDisabilityTypeVS-TWLTC"/><version value="0.1.1"/><name value="ConditionDisabilityTypeVSTWLTC"/><title value="身心障礙類型值集"/><status value="active"/><experimental value="false"/><date value="2024-08-25"/><publisher value="MI-TW"/><contact><name value="MI-TW"/><telecom><system value="url"/><value value="https://mitw.dicom.org.tw/"/></telecom></contact><description value="個案身心障礙類型"/><compose><include><system value="http://ltc-ig.fhir.tw/CodeSystem/ConditionDisabilityTypeCS-TWLTC"/></include><include><system value="http://ltc-ig.fhir.tw/CodeSystem/ConditionDisabilityLegacyTypeCS-TWLTC"/></include></compose></ValueSet>