<?xml version="1.0" encoding="UTF-8"?><ValueSet xmlns="http://hl7.org/fhir"><id value="ExerciseHistoryVS-Sport"/><text><status value="generated"/><div xmlns="http://www.w3.org/1999/xhtml"><p class="res-header-id"><b>Generated Narrative: ValueSet ExerciseHistoryVS-Sport</b></p><a name="ExerciseHistoryVS-Sport"> </a><a name="hcExerciseHistoryVS-Sport"> </a><ul><li>Include these codes as defined in <a href="http://www.snomed.org/"><code>http://snomed.info/sct</code></a><table class="none"><tr><td style="white-space:nowrap"><b>Code</b></td><td><b>Display</b></td></tr><tr><td><a href="http://snomed.info/id/229072005">229072005</a></td><td>Aerobic exercises</td></tr><tr><td><a href="http://snomed.info/id/266741004">266741004</a></td><td>Muscle strength exercise</td></tr><tr><td><a href="http://snomed.info/id/229070002">229070002</a></td><td>Stretching exercises</td></tr><tr><td><a href="http://snomed.info/id/386293009">386293009</a></td><td>Balance exercises</td></tr></table></li></ul></div></text><url value="http://ltc-ig.fhir.tw/ValueSet/ExerciseHistoryVS-Sport"/><version value="0.3.0"/><name value="ExerciseHistoryVSSport"/><title value="身體活動量測-最近(目前)運動史值集"/><status value="active"/><experimental value="false"/><date value="2024-06-04"/><publisher value="經濟部產業發展署"/><contact><name value="經濟部產業發展署"/><telecom><system value="url"/><value value="https://www.ida.gov.tw/"/></telecom></contact><description value="最近(目前)運動史。本 ValueSet 繼承自身體活動量測 IG，後續將配合原始 IG 進行更新。"/><compose><include><system value="http://snomed.info/sct"/><concept><code value="229072005"/><display value="Aerobic exercises"/></concept><concept><code value="266741004"/><display value="Muscle strength exercise"/></concept><concept><code value="229070002"/><display value="Stretching exercises"/></concept><concept><code value="386293009"/><display value="Balance exercises"/></concept></include></compose></ValueSet>