<?xml version="1.0" encoding="UTF-8"?><ValueSet xmlns="http://hl7.org/fhir"><id value="TreadmillTypeVS-Sport"/><text><status value="generated"/><div xmlns="http://www.w3.org/1999/xhtml"><p class="res-header-id"><b>Generated Narrative: ValueSet TreadmillTypeVS-Sport</b></p><a name="TreadmillTypeVS-Sport"> </a><a name="hcTreadmillTypeVS-Sport"> </a><ul><li>Include these codes as defined in <a href="http://www.snomed.org/"><code>http://snomed.info/sct</code></a><table class="none"><tr><td style="white-space:nowrap"><b>Code</b></td><td><b>Display</b></td></tr><tr><td><a href="http://snomed.info/id/465335000">465335000</a></td><td>Treadmill, mechanical</td></tr><tr><td><a href="http://snomed.info/id/466021001">466021001</a></td><td>Treadmill, powered</td></tr></table></li></ul></div></text><url value="http://ltc-ig.fhir.tw/ValueSet/TreadmillTypeVS-Sport"/><version value="0.3.0"/><name value="TreadmillTypeVSSport"/><title value="身體活動量測-跑步機類型值集"/><status value="active"/><experimental value="false"/><date value="2024-06-04"/><publisher value="經濟部產業發展署"/><contact><name value="經濟部產業發展署"/><telecom><system value="url"/><value value="https://www.ida.gov.tw/"/></telecom></contact><description value="用於描述跑步機的類型。本 ValueSet 繼承自身體活動量測 IG，後續將配合原始 IG 進行更新。"/><compose><include><system value="http://snomed.info/sct"/><concept><code value="465335000"/><display value="Treadmill, mechanical"/></concept><concept><code value="466021001"/><display value="Treadmill, powered"/></concept></include></compose></ValueSet>