<?xml version="1.0" encoding="UTF-8"?><ValueSet xmlns="http://hl7.org/fhir"><id value="EconomyStatusVS-TWLTC"/><text><status value="generated"/><div xmlns="http://www.w3.org/1999/xhtml"><p class="res-header-id"><b>Generated Narrative: ValueSet EconomyStatusVS-TWLTC</b></p><a name="EconomyStatusVS-TWLTC"> </a><a name="hcEconomyStatusVS-TWLTC"> </a><ul><li>Include all codes defined in <a href="CodeSystem-EconomyStatusCS-TWLTC.html"><code>http://ltc-ig.fhir.tw/CodeSystem/EconomyStatusCS-TWLTC</code></a></li></ul></div></text><url value="http://ltc-ig.fhir.tw/ValueSet/EconomyStatusVS-TWLTC"/><version value="0.3.0"/><name value="EconomyStatusVSTWLTC"/><title value="個案經濟狀況值集"/><status value="active"/><experimental value="false"/><date value="2024-08-25"/><publisher value="經濟部產業發展署"/><contact><name value="經濟部產業發展署"/><telecom><system value="url"/><value value="https://www.ida.gov.tw/"/></telecom></contact><description value="用以表述個案經濟狀況之值集，包含個案經濟狀況之描述內容。"/><compose><include><system value="http://ltc-ig.fhir.tw/CodeSystem/EconomyStatusCS-TWLTC"/></include></compose></ValueSet>