<?xml version="1.0" encoding="UTF-8"?><ValueSet xmlns="http://hl7.org/fhir"><id value="ServiceRequestPAVS-Sports"/><text><status value="generated"/><div xmlns="http://www.w3.org/1999/xhtml"><p class="res-header-id"><b>Generated Narrative: ValueSet ServiceRequestPAVS-Sports</b></p><a name="ServiceRequestPAVS-Sports"> </a><a name="hcServiceRequestPAVS-Sports"> </a><a name="ServiceRequestPAVS-Sports-en-US"> </a><ul><li>Include these codes as defined in <code>http://snomed.info/sct/901000000000207008/version/20240901</code><table class="none"><tr><td style="white-space:nowrap"><b>Code</b></td><td><b>Display</b></td></tr><tr><td>819961005</td><td>PA guidance</td></tr><tr><td>398636004</td><td>PA assessment</td></tr><tr><td>435551000124105</td><td>Counseling about physical activity</td></tr><tr><td>390893007</td><td>Referral to physical activity program</td></tr><tr><td>426866005</td><td>Determination of phyisical activity tolerance</td></tr><tr><td>229095001</td><td>Exercise class</td></tr><tr><td>229065009</td><td>Exercise therapy</td></tr></table></li></ul></div></text><url value="http://ltc-ig.fhir.tw/ValueSet/ServiceRequestPAVS-Sports"/><version value="0.2.0"/><name value="ServiceRequestPAVSSports"/><title value="身體活動量測-適用運動處方之服務請求代碼值集"/><status value="active"/><experimental value="false"/><date value="2024-06-04"/><publisher value="MI-TW"/><contact><name value="MI-TW"/><telecom><system value="url"/><value value="https://mitw.dicom.org.tw/"/></telecom></contact><description value="適用運動處方之服務請求代碼。本 ValueSet 繼承自身體活動量測 IG，後續將配合原始 IG 進行更新。"/><compose><include><system value="http://snomed.info/sct/901000000000207008/version/20240901"/><concept><code value="819961005"/><display value="PA guidance"/></concept><concept><code value="398636004"/><display value="PA assessment"/></concept><concept><code value="435551000124105"/><display value="Counseling about physical activity"/></concept><concept><code value="390893007"/><display value="Referral to physical activity program"/></concept><concept><code value="426866005"/><display value="Determination of phyisical activity tolerance"/></concept><concept><code value="229095001"/><display value="Exercise class"/></concept><concept><code value="229065009"/><display value="Exercise therapy"/></concept></include></compose></ValueSet>