<?xml version="1.0" encoding="UTF-8"?><ValueSet xmlns="http://hl7.org/fhir"><id value="ICD-10-PCS-2023-TW-F-VS"/><text><status value="generated"/><div xmlns="http://www.w3.org/1999/xhtml"><p class="res-header-id"><b>Generated Narrative: ValueSet ICD-10-PCS-2023-TW-F-VS</b></p><a name="ICD-10-PCS-2023-TW-F-VS"> </a><a name="hcICD-10-PCS-2023-TW-F-VS"> </a><ul><li>Include all codes defined in <a href="CodeSystem-ICD-10-PCS-2023-TW-F-CS.html"><code>http://ltc-ig.fhir.tw/CodeSystem/ICD-10-PCS-2023-TW-F-CS</code></a></li></ul></div></text><url value="http://ltc-ig.fhir.tw/ValueSet/ICD-10-PCS-2023-TW-F-VS"/><version value="0.3.0"/><name value="ICD10PCS2023TWFVS"/><title value="臺灣 2023 年中文版 ICD-10-PCS-F 值集"/><status value="active"/><experimental value="false"/><date value="2024-06-04"/><publisher value="經濟部產業發展署"/><contact><name value="經濟部產業發展署"/><telecom><system value="url"/><value value="https://www.ida.gov.tw/"/></telecom></contact><description value="臺灣 2023 年中文版 ICD-10-PCS 復健及診斷性聽力學(Physical Rehabilitation and Diagnostic Audiology)，章節數值為「F」。 包括：復健、診斷性聽力學。 代碼出版日期：2023-11-10；資料所屬單位：衛生福利部中央健康保險署。 因原始資料無代碼版本資訊，故使用其法規「公布日期」作為版本資訊。本 ValueSet 繼承自身體活動量測 IG，後續將配合原始 IG 進行更新。"/><compose><include><system value="http://ltc-ig.fhir.tw/CodeSystem/ICD-10-PCS-2023-TW-F-CS"/></include></compose></ValueSet>