<?xml version="1.0" encoding="UTF-8"?><ValueSet xmlns="http://hl7.org/fhir"><id value="GaitTypeVS-Sport"/><text><status value="generated"/><div xmlns="http://www.w3.org/1999/xhtml"><p class="res-header-id"><b>Generated Narrative: ValueSet GaitTypeVS-Sport</b></p><a name="GaitTypeVS-Sport"> </a><a name="hcGaitTypeVS-Sport"> </a><ul><li>Include these codes as defined in <a href="http://www.snomed.org/"><code>http://snomed.info/sct</code></a><table class="none"><tr><td style="white-space:nowrap"><b>Code</b></td><td><b>Display</b></td></tr><tr><td><a href="http://snomed.info/id/8117002">8117002</a></td><td>Gait normal</td></tr><tr><td><a href="http://snomed.info/id/264739002">264739002</a></td><td>Medial rotation - action</td></tr><tr><td><a href="http://snomed.info/id/264730003">264730003</a></td><td>Lateral rotation - action</td></tr></table></li></ul></div></text><url value="http://ltc-ig.fhir.tw/ValueSet/GaitTypeVS-Sport"/><version value="0.3.0"/><name value="GaitTypeVSSport"/><title value="身體活動量測-步態分析值集"/><status value="active"/><experimental value="false"/><date value="2024-06-04"/><publisher value="經濟部產業發展署"/><contact><name value="經濟部產業發展署"/><telecom><system value="url"/><value value="https://www.ida.gov.tw/"/></telecom></contact><description value="用於描述步態（walking gait）時腳的着地位置和運動模式。本 ValueSet 繼承自身體活動量測 IG，後續將配合原始 IG 進行更新。"/><compose><include><system value="http://snomed.info/sct"/><concept><code value="8117002"/><display value="Gait normal"/></concept><concept><code value="264739002"/><display value="Medial rotation - action"/></concept><concept><code value="264730003"/><display value="Lateral rotation - action"/></concept></include></compose></ValueSet>