<?xml version="1.0" encoding="UTF-8"?><ValueSet xmlns="http://hl7.org/fhir"><id value="TreadmillTypeVS-Sports"/><text><status value="generated"/><div xmlns="http://www.w3.org/1999/xhtml"><p class="res-header-id"><b>Generated Narrative: ValueSet TreadmillTypeVS-Sports</b></p><a name="TreadmillTypeVS-Sports"> </a><a name="hcTreadmillTypeVS-Sports"> </a><a name="TreadmillTypeVS-Sports-en-US"> </a><ul><li>Include these codes as defined in <code>http://snomed.info/sct/901000000000207008/version/20240901</code><table class="none"><tr><td style="white-space:nowrap"><b>Code</b></td><td><b>Display</b></td></tr><tr><td>465335000</td><td>Treadmill, mechanical</td></tr><tr><td>466021001</td><td>Treadmill, powered</td></tr></table></li></ul></div></text><url value="http://ltc-ig.fhir.tw/ValueSet/TreadmillTypeVS-Sports"/><version value="0.2.0"/><name value="TreadmillTypeVSSports"/><title value="身體活動量測-跑步機類型值集"/><status value="active"/><experimental value="false"/><date value="2024-06-04"/><publisher value="MI-TW"/><contact><name value="MI-TW"/><telecom><system value="url"/><value value="https://mitw.dicom.org.tw/"/></telecom></contact><description value="用於描述跑步機的類型。本 ValueSet 繼承自身體活動量測 IG，後續將配合原始 IG 進行更新。"/><compose><include><system value="http://snomed.info/sct/901000000000207008/version/20240901"/><concept><code value="465335000"/><display value="Treadmill, mechanical"/></concept><concept><code value="466021001"/><display value="Treadmill, powered"/></concept></include></compose></ValueSet>