<?xml version="1.0" encoding="UTF-8"?><ValueSet xmlns="http://hl7.org/fhir"><id value="ConditionDisabilityVS-TWLTC"/><text><status value="generated"/><div xmlns="http://www.w3.org/1999/xhtml"><p class="res-header-id"><b>Generated Narrative: ValueSet ConditionDisabilityVS-TWLTC</b></p><a name="ConditionDisabilityVS-TWLTC"> </a><a name="hcConditionDisabilityVS-TWLTC"> </a><a name="ConditionDisabilityVS-TWLTC-en-US"> </a><ul><li>Include all codes defined in <a href="CodeSystem-ConditionDisabilityCS-TWLTC.html"><code>http://ltc-ig.fhir.tw/CodeSystem/ConditionDisabilityCS-TWLTC</code></a></li></ul></div></text><url value="http://ltc-ig.fhir.tw/ValueSet/ConditionDisabilityVS-TWLTC"/><version value="0.1.1"/><name value="ConditionDisabilityVSTWLTC"/><title value="身心障礙手冊持有狀況值集"/><status value="active"/><experimental value="false"/><date value="2024-08-25"/><publisher value="MI-TW"/><contact><name value="MI-TW"/><telecom><system value="url"/><value value="https://mitw.dicom.org.tw/"/></telecom></contact><description value="個案持有身心障礙手冊的狀況"/><compose><include><system value="http://ltc-ig.fhir.tw/CodeSystem/ConditionDisabilityCS-TWLTC"/></include></compose></ValueSet>