<?xml version="1.0" encoding="UTF-8"?><ValueSet xmlns="http://hl7.org/fhir"><id value="ReferralConditionCaregiverVS-TWLTC"/><text><status value="generated"/><div xmlns="http://www.w3.org/1999/xhtml"><p class="res-header-id"><b>Generated Narrative: ValueSet ReferralConditionCaregiverVS-TWLTC</b></p><a name="ReferralConditionCaregiverVS-TWLTC"> </a><a name="hcReferralConditionCaregiverVS-TWLTC"> </a><a name="ReferralConditionCaregiverVS-TWLTC-en-US"> </a><ul><li>Include all codes defined in <a href="CodeSystem-ReferralConditionCaregiverCS-TWLTC.html"><code>http://ltc-ig.fhir.tw/CodeSystem/ReferralConditionCaregiverCS-TWLTC</code></a></li></ul></div></text><url value="http://ltc-ig.fhir.tw/ValueSet/ReferralConditionCaregiverVS-TWLTC"/><version value="0.1.1"/><name value="ReferralConditionCaregiverVSTWLTC"/><title value="看護狀況值集"/><status value="active"/><experimental value="false"/><date value="2024-08-25"/><publisher value="MI-TW"/><contact><name value="MI-TW"/><telecom><system value="url"/><value value="https://mitw.dicom.org.tw/"/></telecom></contact><description value="個案雇用看護的狀況"/><compose><include><system value="http://ltc-ig.fhir.tw/CodeSystem/ReferralConditionCaregiverCS-TWLTC"/></include></compose></ValueSet>