<?xml version="1.0" encoding="UTF-8"?><ValueSet xmlns="http://hl7.org/fhir"><id value="FallHistoryResultVS-TWLTC"/><text><status value="generated"/><div xmlns="http://www.w3.org/1999/xhtml"><p class="res-header-id"><b>Generated Narrative: ValueSet FallHistoryResultVS-TWLTC</b></p><a name="FallHistoryResultVS-TWLTC"> </a><a name="hcFallHistoryResultVS-TWLTC"> </a><a name="FallHistoryResultVS-TWLTC-en-US"> </a><ul><li>Include these codes as defined in <a href="http://loinc.org"><code>http://loinc.org</code></a><table class="none"><tr><td style="white-space:nowrap"><b>Code</b></td><td><b>Display</b></td></tr><tr><td><a href="https://loinc.org/LA19655-2/">LA19655-2</a></td><td>Not observed</td></tr><tr><td><a href="https://loinc.org/LA33635-6/">LA33635-6</a></td><td>Observed</td></tr></table></li></ul></div></text><url value="http://ltc-ig.fhir.tw/ValueSet/FallHistoryResultVS-TWLTC"/><version value="0.2.0"/><name value="FallHistoryResultVSTWLTC"/><title value="跌倒紀錄結果值集"/><status value="active"/><experimental value="false"/><date value="2024-10-20"/><publisher value="MI-TW"/><contact><name value="MI-TW"/><telecom><system value="url"/><value value="https://mitw.dicom.org.tw/"/></telecom></contact><description value="紀錄住民跌倒的偵測結果。"/><compose><include><system value="http://loinc.org"/><concept><code value="LA19655-2"/><display value="Not observed"/></concept><concept><code value="LA33635-6"/><display value="Observed"/></concept></include></compose></ValueSet>