<?xml version="1.0" encoding="UTF-8"?><ValueSet xmlns="http://hl7.org/fhir"><id value="PatientIdentityVS-TWLTC"/><text><status value="generated"/><div xmlns="http://www.w3.org/1999/xhtml"><p class="res-header-id"><b>Generated Narrative: ValueSet PatientIdentityVS-TWLTC</b></p><a name="PatientIdentityVS-TWLTC"> </a><a name="hcPatientIdentityVS-TWLTC"> </a><ul><li>Include all codes defined in <a href="CodeSystem-PatientIdentityCS-TWLTC.html"><code>http://ltc-ig.fhir.tw/CodeSystem/PatientIdentityCS-TWLTC</code></a></li></ul></div></text><url value="http://ltc-ig.fhir.tw/ValueSet/PatientIdentityVS-TWLTC"/><version value="0.3.0"/><name value="PatientIdentityVSTWLTC"/><title value="個案身分別值集"/><status value="active"/><experimental value="false"/><date value="2024-09-02"/><publisher value="經濟部產業發展署"/><contact><name value="經濟部產業發展署"/><telecom><system value="url"/><value value="https://www.ida.gov.tw/"/></telecom></contact><description value="個案身分別的值集"/><compose><include><system value="http://ltc-ig.fhir.tw/CodeSystem/PatientIdentityCS-TWLTC"/></include></compose></ValueSet>