<?xml version="1.0" encoding="UTF-8"?><ValueSet xmlns="http://hl7.org/fhir"><id value="ReferralConditionTubeVS-TWLTC"/><text><status value="generated"/><div xmlns="http://www.w3.org/1999/xhtml"><p class="res-header-id"><b>Generated Narrative: ValueSet ReferralConditionTubeVS-TWLTC</b></p><a name="ReferralConditionTubeVS-TWLTC"> </a><a name="hcReferralConditionTubeVS-TWLTC"> </a><a name="ReferralConditionTubeVS-TWLTC-en-US"> </a><ul><li>Include all codes defined in <a href="CodeSystem-ReferralConditionTubeCS-TWLTC.html"><code>http://ltc-ig.fhir.tw/CodeSystem/ReferralConditionTubeCS-TWLTC</code></a></li></ul></div></text><url value="http://ltc-ig.fhir.tw/ValueSet/ReferralConditionTubeVS-TWLTC"/><version value="0.2.0"/><name value="ReferralConditionTubeVSTWLTC"/><title value="管路狀況值集"/><status value="active"/><experimental value="false"/><date value="2024-08-25"/><publisher value="MI-TW"/><contact><name value="MI-TW"/><telecom><system value="url"/><value value="https://mitw.dicom.org.tw/"/></telecom></contact><description value="個案持有管路的狀況"/><compose><include><system value="http://ltc-ig.fhir.tw/CodeSystem/ReferralConditionTubeCS-TWLTC"/></include></compose></ValueSet>