"Id","Path","Slice Name","Alias(s)","Label","Min","Max","Must Support?","Is Modifier?","Is Summary?","Type(s)","Short","Definition","Comments","Requirements","Default Value","Meaning When Missing","Fixed Value","Pattern","Example","Minimum Value","Maximum Value","Maximum Length","Binding Strength","Binding Description","Binding Value Set","Code","Slicing Discriminator","Slicing Description","Slicing Ordered","Slicing Rules","Base Path","Base Min","Base Max","Condition(s)","Constraint(s)","Mapping: 長照支付審查－分案審核狀態與交易處理結果邏輯模型對應"
"LTCFeeAuditStatusModel","LTCFeeAuditStatusModel","","","",0,*,"","","","null {[]} {[]}
","長照支付審查－分案審核狀態與交易處理結果邏輯模型","此邏輯模型以衛生福利部支付審核系統（照管平台）API 規格說明書為基礎，用以描述服務單位各分案審核狀態查詢（查詢A）、服務紀錄刪除（ObjDel）、申報確認通知（appCompletionNotice）、撤回服務記錄（appCancel）及取消交易單處理結果回報（CancelResultResponse）之資料結構與欄位準備指引。","","","","","","","","","",,,,,"",,,,"Base",0,*,"",""
"LTCFeeAuditStatusModel.queryInfo","LTCFeeAuditStatusModel.queryInfo","","","",1,1,"","","","BackboneElement {[]} {[]}
","查詢輸入資訊","服務單位各分案審核狀態查詢（app_result_query_info）的查詢輸入資訊，每次查詢間隔至少為 20 分鐘","","","","","","","","","",,,,,"",,,,"LTCFeeAuditStatusModel.queryInfo",1,1,"","ele-1:All FHIR elements must have a @value or children {hasValue() or (children().count() > id.count())}
","Task"
"LTCFeeAuditStatusModel.queryInfo.id","LTCFeeAuditStatusModel.queryInfo.id","","","",0,1,"","","","string {[]} {[]}
","Unique id for inter-element referencing","Unique id for the element within a resource (for internal references). This may be any string value that does not contain spaces.","","","","","","","","","",,,,,"",,,,"Element.id",0,1,"",""
"LTCFeeAuditStatusModel.queryInfo.extension","LTCFeeAuditStatusModel.queryInfo.extension","","extensions
user content","",0,*,"","","","Extension {[]} {[]}
","Additional content defined by implementations","May be used to represent additional information that is not part of the basic definition of the element. To make the use of extensions safe and manageable, there is a strict set of governance  applied to the definition and use of extensions. Though any implementer can define an extension, there is a set of requirements that SHALL be met as part of the definition of the extension.","There can be no stigma associated with the use of extensions by any application, project, or standard - regardless of the institution or jurisdiction that uses or defines the extensions.  The use of extensions is what allows the FHIR specification to retain a core level of simplicity for everyone.","","","","","","","","",,,,,"","value:url}
","Extensions are always sliced by (at least) url",,"open","Element.extension",0,*,"","ele-1:All FHIR elements must have a @value or children {hasValue() or (children().count() > id.count())}
ext-1:Must have either extensions or value[x], not both {extension.exists() != value.exists()}"
"LTCFeeAuditStatusModel.queryInfo.modifierExtension","LTCFeeAuditStatusModel.queryInfo.modifierExtension","","extensions
user contentmodifiers","",0,*,"","Y","Y","Extension {[]} {[]}
","Extensions that cannot be ignored even if unrecognized","May be used to represent additional information that is not part of the basic definition of the element and that modifies the understanding of the element in which it is contained and/or the understanding of the containing element's descendants. Usually modifier elements provide negation or qualification. To make the use of extensions safe and manageable, there is a strict set of governance applied to the definition and use of extensions. Though any implementer can define an extension, there is a set of requirements that SHALL be met as part of the definition of the extension. Applications processing a resource are required to check for modifier extensions.

Modifier extensions SHALL NOT change the meaning of any elements on Resource or DomainResource (including cannot change the meaning of modifierExtension itself).","There can be no stigma associated with the use of extensions by any application, project, or standard - regardless of the institution or jurisdiction that uses or defines the extensions.  The use of extensions is what allows the FHIR specification to retain a core level of simplicity for everyone.","Modifier extensions allow for extensions that *cannot* be safely ignored to be clearly distinguished from the vast majority of extensions which can be safely ignored.  This promotes interoperability by eliminating the need for implementers to prohibit the presence of extensions. For further information, see the [definition of modifier extensions](http://hl7.org/fhir/R4/extensibility.html#modifierExtension).","","","","","","","",,,,,"",,,,"BackboneElement.modifierExtension",0,*,"","ele-1:All FHIR elements must have a @value or children {hasValue() or (children().count() > id.count())}
ext-1:Must have either extensions or value[x], not both {extension.exists() != value.exists()}"
"LTCFeeAuditStatusModel.queryInfo.writeoffYyyymm","LTCFeeAuditStatusModel.queryInfo.writeoffYyyymm","","","",1,1,"","","","string {[]} {[]}
","支審年月","支付審核年月，格式為 yyyyMM，長度 6","","","","","","","","","",,,,,"",,,,"LTCFeeAuditStatusModel.queryInfo.writeoffYyyymm",1,1,"","","Task.identifier.where(system='http://ltc-ig.fhir.tw/identifier/feeaudit/yyyymm').value"
"LTCFeeAuditStatusModel.queryInfo.transNo","LTCFeeAuditStatusModel.queryInfo.transNo","","","",1,1,"","","","string {[]} {[]}
","交易序號","本次查詢的交易序號，長度上限 10","","","","","","","","","",,,,,"",,,,"LTCFeeAuditStatusModel.queryInfo.transNo",1,1,"","","Task.groupIdentifier.value"
"LTCFeeAuditStatusModel.queryInfo.queryType","LTCFeeAuditStatusModel.queryInfo.queryType","","","",1,1,"","","","code {[]} {[]}
","查詢類別","查詢類別，長度 1，固定值：A（服務單位各分案審核狀態查詢）","","","","","","","","","",,,,,"",,,,"LTCFeeAuditStatusModel.queryInfo.queryType",1,1,"","","Task"
"LTCFeeAuditStatusModel.cityInfo","LTCFeeAuditStatusModel.cityInfo","","","",0,*,"","","","BackboneElement {[]} {[]}
","縣市案件資訊","查詢回覆之縣市案件資訊（city_info），依縣市別列出該支審年月各分案的審核狀態","","","","","","","","","",,,,,"",,,,"LTCFeeAuditStatusModel.cityInfo",0,*,"","ele-1:All FHIR elements must have a @value or children {hasValue() or (children().count() > id.count())}
","Task"
"LTCFeeAuditStatusModel.cityInfo.id","LTCFeeAuditStatusModel.cityInfo.id","","","",0,1,"","","","string {[]} {[]}
","Unique id for inter-element referencing","Unique id for the element within a resource (for internal references). This may be any string value that does not contain spaces.","","","","","","","","","",,,,,"",,,,"Element.id",0,1,"",""
"LTCFeeAuditStatusModel.cityInfo.extension","LTCFeeAuditStatusModel.cityInfo.extension","","extensions
user content","",0,*,"","","","Extension {[]} {[]}
","Additional content defined by implementations","May be used to represent additional information that is not part of the basic definition of the element. To make the use of extensions safe and manageable, there is a strict set of governance  applied to the definition and use of extensions. Though any implementer can define an extension, there is a set of requirements that SHALL be met as part of the definition of the extension.","There can be no stigma associated with the use of extensions by any application, project, or standard - regardless of the institution or jurisdiction that uses or defines the extensions.  The use of extensions is what allows the FHIR specification to retain a core level of simplicity for everyone.","","","","","","","","",,,,,"","value:url}
","Extensions are always sliced by (at least) url",,"open","Element.extension",0,*,"","ele-1:All FHIR elements must have a @value or children {hasValue() or (children().count() > id.count())}
ext-1:Must have either extensions or value[x], not both {extension.exists() != value.exists()}"
"LTCFeeAuditStatusModel.cityInfo.modifierExtension","LTCFeeAuditStatusModel.cityInfo.modifierExtension","","extensions
user contentmodifiers","",0,*,"","Y","Y","Extension {[]} {[]}
","Extensions that cannot be ignored even if unrecognized","May be used to represent additional information that is not part of the basic definition of the element and that modifies the understanding of the element in which it is contained and/or the understanding of the containing element's descendants. Usually modifier elements provide negation or qualification. To make the use of extensions safe and manageable, there is a strict set of governance applied to the definition and use of extensions. Though any implementer can define an extension, there is a set of requirements that SHALL be met as part of the definition of the extension. Applications processing a resource are required to check for modifier extensions.

Modifier extensions SHALL NOT change the meaning of any elements on Resource or DomainResource (including cannot change the meaning of modifierExtension itself).","There can be no stigma associated with the use of extensions by any application, project, or standard - regardless of the institution or jurisdiction that uses or defines the extensions.  The use of extensions is what allows the FHIR specification to retain a core level of simplicity for everyone.","Modifier extensions allow for extensions that *cannot* be safely ignored to be clearly distinguished from the vast majority of extensions which can be safely ignored.  This promotes interoperability by eliminating the need for implementers to prohibit the presence of extensions. For further information, see the [definition of modifier extensions](http://hl7.org/fhir/R4/extensibility.html#modifierExtension).","","","","","","","",,,,,"",,,,"BackboneElement.modifierExtension",0,*,"","ele-1:All FHIR elements must have a @value or children {hasValue() or (children().count() > id.count())}
ext-1:Must have either extensions or value[x], not both {extension.exists() != value.exists()}"
"LTCFeeAuditStatusModel.cityInfo.cityCd","LTCFeeAuditStatusModel.cityInfo.cityCd","","","",1,1,"","","","string {[]} {[]}
","縣市代碼","案件所屬縣市的代碼，例如 65000、10020","","","","","","","","","",,,,,"",,,,"LTCFeeAuditStatusModel.cityInfo.cityCd",1,1,"","","Task.input.where(type.text='縣市代碼').valueString"
"LTCFeeAuditStatusModel.cityInfo.caseInfos","LTCFeeAuditStatusModel.cityInfo.caseInfos","","","",0,*,"","","","BackboneElement {[]} {[]}
","案件資訊","該縣市之各分案案件資訊（case_infos）","","","","","","","","","",,,,,"",,,,"LTCFeeAuditStatusModel.cityInfo.caseInfos",0,*,"","ele-1:All FHIR elements must have a @value or children {hasValue() or (children().count() > id.count())}
"
"LTCFeeAuditStatusModel.cityInfo.caseInfos.id","LTCFeeAuditStatusModel.cityInfo.caseInfos.id","","","",0,1,"","","","string {[]} {[]}
","Unique id for inter-element referencing","Unique id for the element within a resource (for internal references). This may be any string value that does not contain spaces.","","","","","","","","","",,,,,"",,,,"Element.id",0,1,"",""
"LTCFeeAuditStatusModel.cityInfo.caseInfos.extension","LTCFeeAuditStatusModel.cityInfo.caseInfos.extension","","extensions
user content","",0,*,"","","","Extension {[]} {[]}
","Additional content defined by implementations","May be used to represent additional information that is not part of the basic definition of the element. To make the use of extensions safe and manageable, there is a strict set of governance  applied to the definition and use of extensions. Though any implementer can define an extension, there is a set of requirements that SHALL be met as part of the definition of the extension.","There can be no stigma associated with the use of extensions by any application, project, or standard - regardless of the institution or jurisdiction that uses or defines the extensions.  The use of extensions is what allows the FHIR specification to retain a core level of simplicity for everyone.","","","","","","","","",,,,,"","value:url}
","Extensions are always sliced by (at least) url",,"open","Element.extension",0,*,"","ele-1:All FHIR elements must have a @value or children {hasValue() or (children().count() > id.count())}
ext-1:Must have either extensions or value[x], not both {extension.exists() != value.exists()}"
"LTCFeeAuditStatusModel.cityInfo.caseInfos.modifierExtension","LTCFeeAuditStatusModel.cityInfo.caseInfos.modifierExtension","","extensions
user contentmodifiers","",0,*,"","Y","Y","Extension {[]} {[]}
","Extensions that cannot be ignored even if unrecognized","May be used to represent additional information that is not part of the basic definition of the element and that modifies the understanding of the element in which it is contained and/or the understanding of the containing element's descendants. Usually modifier elements provide negation or qualification. To make the use of extensions safe and manageable, there is a strict set of governance applied to the definition and use of extensions. Though any implementer can define an extension, there is a set of requirements that SHALL be met as part of the definition of the extension. Applications processing a resource are required to check for modifier extensions.

Modifier extensions SHALL NOT change the meaning of any elements on Resource or DomainResource (including cannot change the meaning of modifierExtension itself).","There can be no stigma associated with the use of extensions by any application, project, or standard - regardless of the institution or jurisdiction that uses or defines the extensions.  The use of extensions is what allows the FHIR specification to retain a core level of simplicity for everyone.","Modifier extensions allow for extensions that *cannot* be safely ignored to be clearly distinguished from the vast majority of extensions which can be safely ignored.  This promotes interoperability by eliminating the need for implementers to prohibit the presence of extensions. For further information, see the [definition of modifier extensions](http://hl7.org/fhir/R4/extensibility.html#modifierExtension).","","","","","","","",,,,,"",,,,"BackboneElement.modifierExtension",0,*,"","ele-1:All FHIR elements must have a @value or children {hasValue() or (children().count() > id.count())}
ext-1:Must have either extensions or value[x], not both {extension.exists() != value.exists()}"
"LTCFeeAuditStatusModel.cityInfo.caseInfos.caseNo","LTCFeeAuditStatusModel.cityInfo.caseInfos.caseNo","","","",1,1,"","","","string {[]} {[]}
","核銷案號","核銷案件編號，長度上限 30","","","","","","","","","",,,,,"",,,,"LTCFeeAuditStatusModel.cityInfo.caseInfos.caseNo",1,1,"","","Task.input.where(type.text='核銷案號').valueString"
"LTCFeeAuditStatusModel.cityInfo.caseInfos.status","LTCFeeAuditStatusModel.cityInfo.caseInfos.status","","","",0,1,"","","","string {[]} {[]}
","核銷狀況","核銷狀況，格式為「代碼:說明」，長度上限 200。代碼：0 已分案待電腦審核處理、1 待通知收件、2 已通知待收件、3 審核中、4 等待總表、5 審計待審、6 結案","","","","","","","","","",,,,,"",,,,"LTCFeeAuditStatusModel.cityInfo.caseInfos.status",0,1,"","","Task.businessStatus"
"LTCFeeAuditStatusModel.cityInfo.caseInfos.docVer","LTCFeeAuditStatusModel.cityInfo.caseInfos.docVer","","","",0,1,"","","","string {[]} {[]}
","總表版次","該案件目前之總表版次，長度上限 15","","","","","","","","","",,,,,"",,,,"LTCFeeAuditStatusModel.cityInfo.caseInfos.docVer",0,1,"","","Task"
"LTCFeeAuditStatusModel.cityInfo.caseInfos.accNum","LTCFeeAuditStatusModel.cityInfo.caseInfos.accNum","","","",0,1,"","","","string {[]} {[]}
","簽證編號","該案件之簽證編號，長度上限 20","","","","","","","","","",,,,,"",,,,"LTCFeeAuditStatusModel.cityInfo.caseInfos.accNum",0,1,"","","Task"
"LTCFeeAuditStatusModel.webapiProcessInfo","LTCFeeAuditStatusModel.webapiProcessInfo","","","",0,*,"","","","BackboneElement {[]} {[]}
","API 執行結果資料","查詢回覆之 API 執行結果資料（webapi_process_info），目前僅顯示已處理完成（狀態為 3:錯誤 或 4:處理完成）之交易單資料","","","","","","","","","",,,,,"",,,,"LTCFeeAuditStatusModel.webapiProcessInfo",0,*,"","ele-1:All FHIR elements must have a @value or children {hasValue() or (children().count() > id.count())}
","Task"
"LTCFeeAuditStatusModel.webapiProcessInfo.id","LTCFeeAuditStatusModel.webapiProcessInfo.id","","","",0,1,"","","","string {[]} {[]}
","Unique id for inter-element referencing","Unique id for the element within a resource (for internal references). This may be any string value that does not contain spaces.","","","","","","","","","",,,,,"",,,,"Element.id",0,1,"",""
"LTCFeeAuditStatusModel.webapiProcessInfo.extension","LTCFeeAuditStatusModel.webapiProcessInfo.extension","","extensions
user content","",0,*,"","","","Extension {[]} {[]}
","Additional content defined by implementations","May be used to represent additional information that is not part of the basic definition of the element. To make the use of extensions safe and manageable, there is a strict set of governance  applied to the definition and use of extensions. Though any implementer can define an extension, there is a set of requirements that SHALL be met as part of the definition of the extension.","There can be no stigma associated with the use of extensions by any application, project, or standard - regardless of the institution or jurisdiction that uses or defines the extensions.  The use of extensions is what allows the FHIR specification to retain a core level of simplicity for everyone.","","","","","","","","",,,,,"","value:url}
","Extensions are always sliced by (at least) url",,"open","Element.extension",0,*,"","ele-1:All FHIR elements must have a @value or children {hasValue() or (children().count() > id.count())}
ext-1:Must have either extensions or value[x], not both {extension.exists() != value.exists()}"
"LTCFeeAuditStatusModel.webapiProcessInfo.modifierExtension","LTCFeeAuditStatusModel.webapiProcessInfo.modifierExtension","","extensions
user contentmodifiers","",0,*,"","Y","Y","Extension {[]} {[]}
","Extensions that cannot be ignored even if unrecognized","May be used to represent additional information that is not part of the basic definition of the element and that modifies the understanding of the element in which it is contained and/or the understanding of the containing element's descendants. Usually modifier elements provide negation or qualification. To make the use of extensions safe and manageable, there is a strict set of governance applied to the definition and use of extensions. Though any implementer can define an extension, there is a set of requirements that SHALL be met as part of the definition of the extension. Applications processing a resource are required to check for modifier extensions.

Modifier extensions SHALL NOT change the meaning of any elements on Resource or DomainResource (including cannot change the meaning of modifierExtension itself).","There can be no stigma associated with the use of extensions by any application, project, or standard - regardless of the institution or jurisdiction that uses or defines the extensions.  The use of extensions is what allows the FHIR specification to retain a core level of simplicity for everyone.","Modifier extensions allow for extensions that *cannot* be safely ignored to be clearly distinguished from the vast majority of extensions which can be safely ignored.  This promotes interoperability by eliminating the need for implementers to prohibit the presence of extensions. For further information, see the [definition of modifier extensions](http://hl7.org/fhir/R4/extensibility.html#modifierExtension).","","","","","","","",,,,,"",,,,"BackboneElement.modifierExtension",0,*,"","ele-1:All FHIR elements must have a @value or children {hasValue() or (children().count() > id.count())}
ext-1:Must have either extensions or value[x], not both {extension.exists() != value.exists()}"
"LTCFeeAuditStatusModel.webapiProcessInfo.function","LTCFeeAuditStatusModel.webapiProcessInfo.function","","","",1,1,"","","","code {[]} {[]}
","API Function","API Function 名稱，長度上限 40。代碼：FeeApply 服務記錄申報、ObjDel 服務紀錄刪除、appCompletionNotice 申報確認通知、appCancel 服務單位撤回、CancelResultResponse 取消交易單處理結果回報","","","","","","","","","",,,,,"",,,,"LTCFeeAuditStatusModel.webapiProcessInfo.function",1,1,"","","Task.code"
"LTCFeeAuditStatusModel.webapiProcessInfo.sourceSystem","LTCFeeAuditStatusModel.webapiProcessInfo.sourceSystem","","","",0,1,"","","","string {[]} {[]}
","來源系統別","申報來源系統別，長度上限 20，例如 TranCareCenter","","","","","","","","","",,,,,"",,,,"LTCFeeAuditStatusModel.webapiProcessInfo.sourceSystem",0,1,"","","Task.note.text"
"LTCFeeAuditStatusModel.webapiProcessInfo.transNo","LTCFeeAuditStatusModel.webapiProcessInfo.transNo","","","",1,1,"","","","string {[]} {[]}
","交易序號","該筆 API 執行結果所屬之交易序號，長度上限 10","","","","","","","","","",,,,,"",,,,"LTCFeeAuditStatusModel.webapiProcessInfo.transNo",1,1,"","","Task.groupIdentifier.value"
"LTCFeeAuditStatusModel.webapiProcessInfo.status","LTCFeeAuditStatusModel.webapiProcessInfo.status","","","",1,1,"","","","string {[]} {[]}
","API 執行狀態","API 執行狀況，格式為「代碼:說明」，長度上限 30。代碼：0 待處理、1 處理中、3 錯誤、4 處理完成","","","","","","","","","",,,,,"",,,,"LTCFeeAuditStatusModel.webapiProcessInfo.status",1,1,"","","Task.status"
"LTCFeeAuditStatusModel.webapiProcessInfo.batchProcResult","LTCFeeAuditStatusModel.webapiProcessInfo.batchProcResult","","","",0,1,"","","","string {[]} {[]}
","批次處理結果","批次處理結果說明，長度上限 200，例如「分案處理完成!」","","","","","","","","","",,,,,"",,,,"LTCFeeAuditStatusModel.webapiProcessInfo.batchProcResult",0,1,"","","Task.output.where(type.text='批次處理結果').valueString"
"LTCFeeAuditStatusModel.webapiProcessInfo.batchProcNum","LTCFeeAuditStatusModel.webapiProcessInfo.batchProcNum","","","",0,1,"","","","integer {[]} {[]}
","批次處理筆數","本次批次處理的總筆數","","","","","","","","","",,,,,"",,,,"LTCFeeAuditStatusModel.webapiProcessInfo.batchProcNum",0,1,"","","Task.output.where(type.text='批次處理筆數').valueInteger"
"LTCFeeAuditStatusModel.webapiProcessInfo.batchSuccNum","LTCFeeAuditStatusModel.webapiProcessInfo.batchSuccNum","","","",0,1,"","","","integer {[]} {[]}
","批次處理成功筆數","本次批次處理成功的筆數","","","","","","","","","",,,,,"",,,,"LTCFeeAuditStatusModel.webapiProcessInfo.batchSuccNum",0,1,"","","Task.output.where(type.text='批次處理成功筆數').valueInteger"
"LTCFeeAuditStatusModel.webapiProcessInfo.batchErrNum","LTCFeeAuditStatusModel.webapiProcessInfo.batchErrNum","","","",0,1,"","","","integer {[]} {[]}
","批次處理失敗筆數","本次批次處理失敗的筆數","","","","","","","","","",,,,,"",,,,"LTCFeeAuditStatusModel.webapiProcessInfo.batchErrNum",0,1,"","","Task.output.where(type.text='批次處理失敗筆數').valueInteger"
"LTCFeeAuditStatusModel.webapiProcessInfo.exceptionRecords","LTCFeeAuditStatusModel.webapiProcessInfo.exceptionRecords","","","",0,*,"","","","BackboneElement {[]} {[]}
","分案異常資料","分案處理異常之服務紀錄（exception_records），可修改後重新上傳至支審系統","","","","","","","","","",,,,,"",,,,"LTCFeeAuditStatusModel.webapiProcessInfo.exceptionRecords",0,*,"","ele-1:All FHIR elements must have a @value or children {hasValue() or (children().count() > id.count())}
","Task.output.where(type.text='分案異常資料').valueReference"
"LTCFeeAuditStatusModel.webapiProcessInfo.exceptionRecords.id","LTCFeeAuditStatusModel.webapiProcessInfo.exceptionRecords.id","","","",0,1,"","","","string {[]} {[]}
","Unique id for inter-element referencing","Unique id for the element within a resource (for internal references). This may be any string value that does not contain spaces.","","","","","","","","","",,,,,"",,,,"Element.id",0,1,"",""
"LTCFeeAuditStatusModel.webapiProcessInfo.exceptionRecords.extension","LTCFeeAuditStatusModel.webapiProcessInfo.exceptionRecords.extension","","extensions
user content","",0,*,"","","","Extension {[]} {[]}
","Additional content defined by implementations","May be used to represent additional information that is not part of the basic definition of the element. To make the use of extensions safe and manageable, there is a strict set of governance  applied to the definition and use of extensions. Though any implementer can define an extension, there is a set of requirements that SHALL be met as part of the definition of the extension.","There can be no stigma associated with the use of extensions by any application, project, or standard - regardless of the institution or jurisdiction that uses or defines the extensions.  The use of extensions is what allows the FHIR specification to retain a core level of simplicity for everyone.","","","","","","","","",,,,,"","value:url}
","Extensions are always sliced by (at least) url",,"open","Element.extension",0,*,"","ele-1:All FHIR elements must have a @value or children {hasValue() or (children().count() > id.count())}
ext-1:Must have either extensions or value[x], not both {extension.exists() != value.exists()}"
"LTCFeeAuditStatusModel.webapiProcessInfo.exceptionRecords.modifierExtension","LTCFeeAuditStatusModel.webapiProcessInfo.exceptionRecords.modifierExtension","","extensions
user contentmodifiers","",0,*,"","Y","Y","Extension {[]} {[]}
","Extensions that cannot be ignored even if unrecognized","May be used to represent additional information that is not part of the basic definition of the element and that modifies the understanding of the element in which it is contained and/or the understanding of the containing element's descendants. Usually modifier elements provide negation or qualification. To make the use of extensions safe and manageable, there is a strict set of governance applied to the definition and use of extensions. Though any implementer can define an extension, there is a set of requirements that SHALL be met as part of the definition of the extension. Applications processing a resource are required to check for modifier extensions.

Modifier extensions SHALL NOT change the meaning of any elements on Resource or DomainResource (including cannot change the meaning of modifierExtension itself).","There can be no stigma associated with the use of extensions by any application, project, or standard - regardless of the institution or jurisdiction that uses or defines the extensions.  The use of extensions is what allows the FHIR specification to retain a core level of simplicity for everyone.","Modifier extensions allow for extensions that *cannot* be safely ignored to be clearly distinguished from the vast majority of extensions which can be safely ignored.  This promotes interoperability by eliminating the need for implementers to prohibit the presence of extensions. For further information, see the [definition of modifier extensions](http://hl7.org/fhir/R4/extensibility.html#modifierExtension).","","","","","","","",,,,,"",,,,"BackboneElement.modifierExtension",0,*,"","ele-1:All FHIR elements must have a @value or children {hasValue() or (children().count() > id.count())}
ext-1:Must have either extensions or value[x], not both {extension.exists() != value.exists()}"
"LTCFeeAuditStatusModel.webapiProcessInfo.exceptionRecords.objid","LTCFeeAuditStatusModel.webapiProcessInfo.exceptionRecords.objid","","","",1,1,"","","","string {[]} {[]}
","識別碼","系統商之服務紀錄識別碼（objid），長度上限 20","","","","","","","","","",,,,,"",,,,"LTCFeeAuditStatusModel.webapiProcessInfo.exceptionRecords.objid",1,1,"","","Task.output.where(type.text='分案異常資料').valueReference"
"LTCFeeAuditStatusModel.webapiProcessInfo.exceptionRecords.errCode","LTCFeeAuditStatusModel.webapiProcessInfo.exceptionRecords.errCode","","","",0,1,"","","","string {[]} {[]}
","錯誤碼","分案異常之錯誤碼，長度上限 5，例如 E4015","","","","","","","","","",,,,,"",,,,"LTCFeeAuditStatusModel.webapiProcessInfo.exceptionRecords.errCode",0,1,"","","Task.output.where(type.text='分案異常資料').valueReference"
"LTCFeeAuditStatusModel.webapiProcessInfo.exceptionRecords.errMessage","LTCFeeAuditStatusModel.webapiProcessInfo.exceptionRecords.errMessage","","","",0,1,"","","","string {[]} {[]}
","錯誤原因","分案異常之錯誤原因說明，長度上限 200","","","","","","","","","",,,,,"",,,,"LTCFeeAuditStatusModel.webapiProcessInfo.exceptionRecords.errMessage",0,1,"","","Task.output.where(type.text='分案異常資料').valueReference"
"LTCFeeAuditStatusModel.webapiProcessInfo.deleteRecords","LTCFeeAuditStatusModel.webapiProcessInfo.deleteRecords","","","",0,*,"","","","BackboneElement {[]} {[]}
","服務紀錄刪除成功資料","服務紀錄刪除成功之資料（delete_records），於 JSON 中以服務紀錄識別碼字串陣列表示","","","","","","","","","",,,,,"",,,,"LTCFeeAuditStatusModel.webapiProcessInfo.deleteRecords",0,*,"","ele-1:All FHIR elements must have a @value or children {hasValue() or (children().count() > id.count())}
","Task.output.where(type.text='服務紀錄刪除成功資料').valueString"
"LTCFeeAuditStatusModel.webapiProcessInfo.deleteRecords.id","LTCFeeAuditStatusModel.webapiProcessInfo.deleteRecords.id","","","",0,1,"","","","string {[]} {[]}
","Unique id for inter-element referencing","Unique id for the element within a resource (for internal references). This may be any string value that does not contain spaces.","","","","","","","","","",,,,,"",,,,"Element.id",0,1,"",""
"LTCFeeAuditStatusModel.webapiProcessInfo.deleteRecords.extension","LTCFeeAuditStatusModel.webapiProcessInfo.deleteRecords.extension","","extensions
user content","",0,*,"","","","Extension {[]} {[]}
","Additional content defined by implementations","May be used to represent additional information that is not part of the basic definition of the element. To make the use of extensions safe and manageable, there is a strict set of governance  applied to the definition and use of extensions. Though any implementer can define an extension, there is a set of requirements that SHALL be met as part of the definition of the extension.","There can be no stigma associated with the use of extensions by any application, project, or standard - regardless of the institution or jurisdiction that uses or defines the extensions.  The use of extensions is what allows the FHIR specification to retain a core level of simplicity for everyone.","","","","","","","","",,,,,"","value:url}
","Extensions are always sliced by (at least) url",,"open","Element.extension",0,*,"","ele-1:All FHIR elements must have a @value or children {hasValue() or (children().count() > id.count())}
ext-1:Must have either extensions or value[x], not both {extension.exists() != value.exists()}"
"LTCFeeAuditStatusModel.webapiProcessInfo.deleteRecords.modifierExtension","LTCFeeAuditStatusModel.webapiProcessInfo.deleteRecords.modifierExtension","","extensions
user contentmodifiers","",0,*,"","Y","Y","Extension {[]} {[]}
","Extensions that cannot be ignored even if unrecognized","May be used to represent additional information that is not part of the basic definition of the element and that modifies the understanding of the element in which it is contained and/or the understanding of the containing element's descendants. Usually modifier elements provide negation or qualification. To make the use of extensions safe and manageable, there is a strict set of governance applied to the definition and use of extensions. Though any implementer can define an extension, there is a set of requirements that SHALL be met as part of the definition of the extension. Applications processing a resource are required to check for modifier extensions.

Modifier extensions SHALL NOT change the meaning of any elements on Resource or DomainResource (including cannot change the meaning of modifierExtension itself).","There can be no stigma associated with the use of extensions by any application, project, or standard - regardless of the institution or jurisdiction that uses or defines the extensions.  The use of extensions is what allows the FHIR specification to retain a core level of simplicity for everyone.","Modifier extensions allow for extensions that *cannot* be safely ignored to be clearly distinguished from the vast majority of extensions which can be safely ignored.  This promotes interoperability by eliminating the need for implementers to prohibit the presence of extensions. For further information, see the [definition of modifier extensions](http://hl7.org/fhir/R4/extensibility.html#modifierExtension).","","","","","","","",,,,,"",,,,"BackboneElement.modifierExtension",0,*,"","ele-1:All FHIR elements must have a @value or children {hasValue() or (children().count() > id.count())}
ext-1:Must have either extensions or value[x], not both {extension.exists() != value.exists()}"
"LTCFeeAuditStatusModel.webapiProcessInfo.deleteRecords.objid","LTCFeeAuditStatusModel.webapiProcessInfo.deleteRecords.objid","","","",1,1,"","","","string {[]} {[]}
","識別碼","刪除成功之服務紀錄識別碼（objid），長度上限 20","","","","","","","","","",,,,,"",,,,"LTCFeeAuditStatusModel.webapiProcessInfo.deleteRecords.objid",1,1,"","","Task.output.where(type.text='服務紀錄刪除成功資料').valueString"
"LTCFeeAuditStatusModel.webapiProcessInfo.deleteExceptionRecords","LTCFeeAuditStatusModel.webapiProcessInfo.deleteExceptionRecords","","","",0,*,"","","","BackboneElement {[]} {[]}
","服務紀錄刪除失敗資料","服務紀錄刪除失敗之資料（delete_exception_records）","","","","","","","","","",,,,,"",,,,"LTCFeeAuditStatusModel.webapiProcessInfo.deleteExceptionRecords",0,*,"","ele-1:All FHIR elements must have a @value or children {hasValue() or (children().count() > id.count())}
","Task.output.where(type.text='服務紀錄刪除失敗資料').valueReference"
"LTCFeeAuditStatusModel.webapiProcessInfo.deleteExceptionRecords.id","LTCFeeAuditStatusModel.webapiProcessInfo.deleteExceptionRecords.id","","","",0,1,"","","","string {[]} {[]}
","Unique id for inter-element referencing","Unique id for the element within a resource (for internal references). This may be any string value that does not contain spaces.","","","","","","","","","",,,,,"",,,,"Element.id",0,1,"",""
"LTCFeeAuditStatusModel.webapiProcessInfo.deleteExceptionRecords.extension","LTCFeeAuditStatusModel.webapiProcessInfo.deleteExceptionRecords.extension","","extensions
user content","",0,*,"","","","Extension {[]} {[]}
","Additional content defined by implementations","May be used to represent additional information that is not part of the basic definition of the element. To make the use of extensions safe and manageable, there is a strict set of governance  applied to the definition and use of extensions. Though any implementer can define an extension, there is a set of requirements that SHALL be met as part of the definition of the extension.","There can be no stigma associated with the use of extensions by any application, project, or standard - regardless of the institution or jurisdiction that uses or defines the extensions.  The use of extensions is what allows the FHIR specification to retain a core level of simplicity for everyone.","","","","","","","","",,,,,"","value:url}
","Extensions are always sliced by (at least) url",,"open","Element.extension",0,*,"","ele-1:All FHIR elements must have a @value or children {hasValue() or (children().count() > id.count())}
ext-1:Must have either extensions or value[x], not both {extension.exists() != value.exists()}"
"LTCFeeAuditStatusModel.webapiProcessInfo.deleteExceptionRecords.modifierExtension","LTCFeeAuditStatusModel.webapiProcessInfo.deleteExceptionRecords.modifierExtension","","extensions
user contentmodifiers","",0,*,"","Y","Y","Extension {[]} {[]}
","Extensions that cannot be ignored even if unrecognized","May be used to represent additional information that is not part of the basic definition of the element and that modifies the understanding of the element in which it is contained and/or the understanding of the containing element's descendants. Usually modifier elements provide negation or qualification. To make the use of extensions safe and manageable, there is a strict set of governance applied to the definition and use of extensions. Though any implementer can define an extension, there is a set of requirements that SHALL be met as part of the definition of the extension. Applications processing a resource are required to check for modifier extensions.

Modifier extensions SHALL NOT change the meaning of any elements on Resource or DomainResource (including cannot change the meaning of modifierExtension itself).","There can be no stigma associated with the use of extensions by any application, project, or standard - regardless of the institution or jurisdiction that uses or defines the extensions.  The use of extensions is what allows the FHIR specification to retain a core level of simplicity for everyone.","Modifier extensions allow for extensions that *cannot* be safely ignored to be clearly distinguished from the vast majority of extensions which can be safely ignored.  This promotes interoperability by eliminating the need for implementers to prohibit the presence of extensions. For further information, see the [definition of modifier extensions](http://hl7.org/fhir/R4/extensibility.html#modifierExtension).","","","","","","","",,,,,"",,,,"BackboneElement.modifierExtension",0,*,"","ele-1:All FHIR elements must have a @value or children {hasValue() or (children().count() > id.count())}
ext-1:Must have either extensions or value[x], not both {extension.exists() != value.exists()}"
"LTCFeeAuditStatusModel.webapiProcessInfo.deleteExceptionRecords.objid","LTCFeeAuditStatusModel.webapiProcessInfo.deleteExceptionRecords.objid","","","",1,1,"","","","string {[]} {[]}
","識別碼","刪除失敗之服務紀錄識別碼（objid），長度上限 20","","","","","","","","","",,,,,"",,,,"LTCFeeAuditStatusModel.webapiProcessInfo.deleteExceptionRecords.objid",1,1,"","","Task.output.where(type.text='服務紀錄刪除失敗資料').valueReference"
"LTCFeeAuditStatusModel.webapiProcessInfo.deleteExceptionRecords.errCode","LTCFeeAuditStatusModel.webapiProcessInfo.deleteExceptionRecords.errCode","","","",0,1,"","","","string {[]} {[]}
","錯誤碼","刪除失敗之錯誤碼，長度上限 5，例如 E4032","","","","","","","","","",,,,,"",,,,"LTCFeeAuditStatusModel.webapiProcessInfo.deleteExceptionRecords.errCode",0,1,"","","Task.output.where(type.text='服務紀錄刪除失敗資料').valueReference"
"LTCFeeAuditStatusModel.webapiProcessInfo.deleteExceptionRecords.errMessage","LTCFeeAuditStatusModel.webapiProcessInfo.deleteExceptionRecords.errMessage","","","",0,1,"","","","string {[]} {[]}
","錯誤原因","刪除失敗之錯誤原因說明，長度上限 200","","","","","","","","","",,,,,"",,,,"LTCFeeAuditStatusModel.webapiProcessInfo.deleteExceptionRecords.errMessage",0,1,"","","Task.output.where(type.text='服務紀錄刪除失敗資料').valueReference"
"LTCFeeAuditStatusModel.svcDelInfo","LTCFeeAuditStatusModel.svcDelInfo","","","",0,1,"","","","BackboneElement {[]} {[]}
","服務紀錄刪除資料（ObjDel）","刪除系統商識別碼（objid）之服務紀錄的傳送資料（svcdel_info）；若該服務紀錄之案件已執行申報確認通知，則不允許執行服務紀錄刪除","","","","","","","","","",,,,,"",,,,"LTCFeeAuditStatusModel.svcDelInfo",0,1,"","ele-1:All FHIR elements must have a @value or children {hasValue() or (children().count() > id.count())}
","Task"
"LTCFeeAuditStatusModel.svcDelInfo.id","LTCFeeAuditStatusModel.svcDelInfo.id","","","",0,1,"","","","string {[]} {[]}
","Unique id for inter-element referencing","Unique id for the element within a resource (for internal references). This may be any string value that does not contain spaces.","","","","","","","","","",,,,,"",,,,"Element.id",0,1,"",""
"LTCFeeAuditStatusModel.svcDelInfo.extension","LTCFeeAuditStatusModel.svcDelInfo.extension","","extensions
user content","",0,*,"","","","Extension {[]} {[]}
","Additional content defined by implementations","May be used to represent additional information that is not part of the basic definition of the element. To make the use of extensions safe and manageable, there is a strict set of governance  applied to the definition and use of extensions. Though any implementer can define an extension, there is a set of requirements that SHALL be met as part of the definition of the extension.","There can be no stigma associated with the use of extensions by any application, project, or standard - regardless of the institution or jurisdiction that uses or defines the extensions.  The use of extensions is what allows the FHIR specification to retain a core level of simplicity for everyone.","","","","","","","","",,,,,"","value:url}
","Extensions are always sliced by (at least) url",,"open","Element.extension",0,*,"","ele-1:All FHIR elements must have a @value or children {hasValue() or (children().count() > id.count())}
ext-1:Must have either extensions or value[x], not both {extension.exists() != value.exists()}"
"LTCFeeAuditStatusModel.svcDelInfo.modifierExtension","LTCFeeAuditStatusModel.svcDelInfo.modifierExtension","","extensions
user contentmodifiers","",0,*,"","Y","Y","Extension {[]} {[]}
","Extensions that cannot be ignored even if unrecognized","May be used to represent additional information that is not part of the basic definition of the element and that modifies the understanding of the element in which it is contained and/or the understanding of the containing element's descendants. Usually modifier elements provide negation or qualification. To make the use of extensions safe and manageable, there is a strict set of governance applied to the definition and use of extensions. Though any implementer can define an extension, there is a set of requirements that SHALL be met as part of the definition of the extension. Applications processing a resource are required to check for modifier extensions.

Modifier extensions SHALL NOT change the meaning of any elements on Resource or DomainResource (including cannot change the meaning of modifierExtension itself).","There can be no stigma associated with the use of extensions by any application, project, or standard - regardless of the institution or jurisdiction that uses or defines the extensions.  The use of extensions is what allows the FHIR specification to retain a core level of simplicity for everyone.","Modifier extensions allow for extensions that *cannot* be safely ignored to be clearly distinguished from the vast majority of extensions which can be safely ignored.  This promotes interoperability by eliminating the need for implementers to prohibit the presence of extensions. For further information, see the [definition of modifier extensions](http://hl7.org/fhir/R4/extensibility.html#modifierExtension).","","","","","","","",,,,,"",,,,"BackboneElement.modifierExtension",0,*,"","ele-1:All FHIR elements must have a @value or children {hasValue() or (children().count() > id.count())}
ext-1:Must have either extensions or value[x], not both {extension.exists() != value.exists()}"
"LTCFeeAuditStatusModel.svcDelInfo.writeoffYyyymm","LTCFeeAuditStatusModel.svcDelInfo.writeoffYyyymm","","","",1,1,"","","","string {[]} {[]}
","支審年月","支付審核年月，格式為 yyyyMM，長度 6","","","","","","","","","",,,,,"",,,,"LTCFeeAuditStatusModel.svcDelInfo.writeoffYyyymm",1,1,"","","Task.identifier.where(system='http://ltc-ig.fhir.tw/identifier/feeaudit/yyyymm').value"
"LTCFeeAuditStatusModel.svcDelInfo.transNo","LTCFeeAuditStatusModel.svcDelInfo.transNo","","","",1,1,"","","","string {[]} {[]}
","交易序號","本次刪除作業之交易序號，長度上限 10","","","","","","","","","",,,,,"",,,,"LTCFeeAuditStatusModel.svcDelInfo.transNo",1,1,"","","Task.groupIdentifier.value"
"LTCFeeAuditStatusModel.svcDelInfo.records","LTCFeeAuditStatusModel.svcDelInfo.records","","","",1,1,"","","","integer {[]} {[]}
","服務記錄筆數","本次要刪除之服務紀錄筆數","","","","","","","","","",,,,,"",,,,"LTCFeeAuditStatusModel.svcDelInfo.records",1,1,"","","Task.input.where(type.text='服務紀錄識別碼').count()"
"LTCFeeAuditStatusModel.svcDelInfo.caseSvcRecords","LTCFeeAuditStatusModel.svcDelInfo.caseSvcRecords","","","",0,*,"","","","BackboneElement {[]} {[]}
","個案服務紀錄","本次要刪除之個案服務紀錄清單（case_svc_records）","","","","","","","","","",,,,,"",,,,"LTCFeeAuditStatusModel.svcDelInfo.caseSvcRecords",0,*,"","ele-1:All FHIR elements must have a @value or children {hasValue() or (children().count() > id.count())}
"
"LTCFeeAuditStatusModel.svcDelInfo.caseSvcRecords.id","LTCFeeAuditStatusModel.svcDelInfo.caseSvcRecords.id","","","",0,1,"","","","string {[]} {[]}
","Unique id for inter-element referencing","Unique id for the element within a resource (for internal references). This may be any string value that does not contain spaces.","","","","","","","","","",,,,,"",,,,"Element.id",0,1,"",""
"LTCFeeAuditStatusModel.svcDelInfo.caseSvcRecords.extension","LTCFeeAuditStatusModel.svcDelInfo.caseSvcRecords.extension","","extensions
user content","",0,*,"","","","Extension {[]} {[]}
","Additional content defined by implementations","May be used to represent additional information that is not part of the basic definition of the element. To make the use of extensions safe and manageable, there is a strict set of governance  applied to the definition and use of extensions. Though any implementer can define an extension, there is a set of requirements that SHALL be met as part of the definition of the extension.","There can be no stigma associated with the use of extensions by any application, project, or standard - regardless of the institution or jurisdiction that uses or defines the extensions.  The use of extensions is what allows the FHIR specification to retain a core level of simplicity for everyone.","","","","","","","","",,,,,"","value:url}
","Extensions are always sliced by (at least) url",,"open","Element.extension",0,*,"","ele-1:All FHIR elements must have a @value or children {hasValue() or (children().count() > id.count())}
ext-1:Must have either extensions or value[x], not both {extension.exists() != value.exists()}"
"LTCFeeAuditStatusModel.svcDelInfo.caseSvcRecords.modifierExtension","LTCFeeAuditStatusModel.svcDelInfo.caseSvcRecords.modifierExtension","","extensions
user contentmodifiers","",0,*,"","Y","Y","Extension {[]} {[]}
","Extensions that cannot be ignored even if unrecognized","May be used to represent additional information that is not part of the basic definition of the element and that modifies the understanding of the element in which it is contained and/or the understanding of the containing element's descendants. Usually modifier elements provide negation or qualification. To make the use of extensions safe and manageable, there is a strict set of governance applied to the definition and use of extensions. Though any implementer can define an extension, there is a set of requirements that SHALL be met as part of the definition of the extension. Applications processing a resource are required to check for modifier extensions.

Modifier extensions SHALL NOT change the meaning of any elements on Resource or DomainResource (including cannot change the meaning of modifierExtension itself).","There can be no stigma associated with the use of extensions by any application, project, or standard - regardless of the institution or jurisdiction that uses or defines the extensions.  The use of extensions is what allows the FHIR specification to retain a core level of simplicity for everyone.","Modifier extensions allow for extensions that *cannot* be safely ignored to be clearly distinguished from the vast majority of extensions which can be safely ignored.  This promotes interoperability by eliminating the need for implementers to prohibit the presence of extensions. For further information, see the [definition of modifier extensions](http://hl7.org/fhir/R4/extensibility.html#modifierExtension).","","","","","","","",,,,,"",,,,"BackboneElement.modifierExtension",0,*,"","ele-1:All FHIR elements must have a @value or children {hasValue() or (children().count() > id.count())}
ext-1:Must have either extensions or value[x], not both {extension.exists() != value.exists()}"
"LTCFeeAuditStatusModel.svcDelInfo.caseSvcRecords.objid","LTCFeeAuditStatusModel.svcDelInfo.caseSvcRecords.objid","","","",1,1,"","","","string {[]} {[]}
","識別碼","要刪除之服務紀錄識別碼（objid），長度上限 20","","","","","","","","","",,,,,"",,,,"LTCFeeAuditStatusModel.svcDelInfo.caseSvcRecords.objid",1,1,"","","Task.input.where(type.text='服務紀錄識別碼').valueString"
"LTCFeeAuditStatusModel.finishInfo","LTCFeeAuditStatusModel.finishInfo","","","",0,1,"","","","BackboneElement {[]} {[]}
","申報確認資料（appCompletionNotice）","服務單位確認服務紀錄無誤後之申報確認通知傳送資料（finish_info）；執行後支審系統不再受理服務紀錄申報及異動","","","","","","","","","",,,,,"",,,,"LTCFeeAuditStatusModel.finishInfo",0,1,"","ele-1:All FHIR elements must have a @value or children {hasValue() or (children().count() > id.count())}
","Task"
"LTCFeeAuditStatusModel.finishInfo.id","LTCFeeAuditStatusModel.finishInfo.id","","","",0,1,"","","","string {[]} {[]}
","Unique id for inter-element referencing","Unique id for the element within a resource (for internal references). This may be any string value that does not contain spaces.","","","","","","","","","",,,,,"",,,,"Element.id",0,1,"",""
"LTCFeeAuditStatusModel.finishInfo.extension","LTCFeeAuditStatusModel.finishInfo.extension","","extensions
user content","",0,*,"","","","Extension {[]} {[]}
","Additional content defined by implementations","May be used to represent additional information that is not part of the basic definition of the element. To make the use of extensions safe and manageable, there is a strict set of governance  applied to the definition and use of extensions. Though any implementer can define an extension, there is a set of requirements that SHALL be met as part of the definition of the extension.","There can be no stigma associated with the use of extensions by any application, project, or standard - regardless of the institution or jurisdiction that uses or defines the extensions.  The use of extensions is what allows the FHIR specification to retain a core level of simplicity for everyone.","","","","","","","","",,,,,"","value:url}
","Extensions are always sliced by (at least) url",,"open","Element.extension",0,*,"","ele-1:All FHIR elements must have a @value or children {hasValue() or (children().count() > id.count())}
ext-1:Must have either extensions or value[x], not both {extension.exists() != value.exists()}"
"LTCFeeAuditStatusModel.finishInfo.modifierExtension","LTCFeeAuditStatusModel.finishInfo.modifierExtension","","extensions
user contentmodifiers","",0,*,"","Y","Y","Extension {[]} {[]}
","Extensions that cannot be ignored even if unrecognized","May be used to represent additional information that is not part of the basic definition of the element and that modifies the understanding of the element in which it is contained and/or the understanding of the containing element's descendants. Usually modifier elements provide negation or qualification. To make the use of extensions safe and manageable, there is a strict set of governance applied to the definition and use of extensions. Though any implementer can define an extension, there is a set of requirements that SHALL be met as part of the definition of the extension. Applications processing a resource are required to check for modifier extensions.

Modifier extensions SHALL NOT change the meaning of any elements on Resource or DomainResource (including cannot change the meaning of modifierExtension itself).","There can be no stigma associated with the use of extensions by any application, project, or standard - regardless of the institution or jurisdiction that uses or defines the extensions.  The use of extensions is what allows the FHIR specification to retain a core level of simplicity for everyone.","Modifier extensions allow for extensions that *cannot* be safely ignored to be clearly distinguished from the vast majority of extensions which can be safely ignored.  This promotes interoperability by eliminating the need for implementers to prohibit the presence of extensions. For further information, see the [definition of modifier extensions](http://hl7.org/fhir/R4/extensibility.html#modifierExtension).","","","","","","","",,,,,"",,,,"BackboneElement.modifierExtension",0,*,"","ele-1:All FHIR elements must have a @value or children {hasValue() or (children().count() > id.count())}
ext-1:Must have either extensions or value[x], not both {extension.exists() != value.exists()}"
"LTCFeeAuditStatusModel.finishInfo.writeoffYyyymm","LTCFeeAuditStatusModel.finishInfo.writeoffYyyymm","","","",1,1,"","","","string {[]} {[]}
","支審年月","支付審核年月，格式為 yyyyMM，長度 6","","","","","","","","","",,,,,"",,,,"LTCFeeAuditStatusModel.finishInfo.writeoffYyyymm",1,1,"","","Task.identifier.where(system='http://ltc-ig.fhir.tw/identifier/feeaudit/yyyymm').value"
"LTCFeeAuditStatusModel.finishInfo.transNo","LTCFeeAuditStatusModel.finishInfo.transNo","","","",1,1,"","","","string {[]} {[]}
","交易序號","本次申報確認通知之交易序號，長度上限 10","","","","","","","","","",,,,,"",,,,"LTCFeeAuditStatusModel.finishInfo.transNo",1,1,"","","Task.groupIdentifier.value"
"LTCFeeAuditStatusModel.finishInfo.cityInfo","LTCFeeAuditStatusModel.finishInfo.cityInfo","","","",0,*,"","","","BackboneElement {[]} {[]}
","縣市案號資訊","本次申報確認通知之縣市案號資訊（city_info）","","","","","","","","","",,,,,"",,,,"LTCFeeAuditStatusModel.finishInfo.cityInfo",0,*,"","ele-1:All FHIR elements must have a @value or children {hasValue() or (children().count() > id.count())}
"
"LTCFeeAuditStatusModel.finishInfo.cityInfo.id","LTCFeeAuditStatusModel.finishInfo.cityInfo.id","","","",0,1,"","","","string {[]} {[]}
","Unique id for inter-element referencing","Unique id for the element within a resource (for internal references). This may be any string value that does not contain spaces.","","","","","","","","","",,,,,"",,,,"Element.id",0,1,"",""
"LTCFeeAuditStatusModel.finishInfo.cityInfo.extension","LTCFeeAuditStatusModel.finishInfo.cityInfo.extension","","extensions
user content","",0,*,"","","","Extension {[]} {[]}
","Additional content defined by implementations","May be used to represent additional information that is not part of the basic definition of the element. To make the use of extensions safe and manageable, there is a strict set of governance  applied to the definition and use of extensions. Though any implementer can define an extension, there is a set of requirements that SHALL be met as part of the definition of the extension.","There can be no stigma associated with the use of extensions by any application, project, or standard - regardless of the institution or jurisdiction that uses or defines the extensions.  The use of extensions is what allows the FHIR specification to retain a core level of simplicity for everyone.","","","","","","","","",,,,,"","value:url}
","Extensions are always sliced by (at least) url",,"open","Element.extension",0,*,"","ele-1:All FHIR elements must have a @value or children {hasValue() or (children().count() > id.count())}
ext-1:Must have either extensions or value[x], not both {extension.exists() != value.exists()}"
"LTCFeeAuditStatusModel.finishInfo.cityInfo.modifierExtension","LTCFeeAuditStatusModel.finishInfo.cityInfo.modifierExtension","","extensions
user contentmodifiers","",0,*,"","Y","Y","Extension {[]} {[]}
","Extensions that cannot be ignored even if unrecognized","May be used to represent additional information that is not part of the basic definition of the element and that modifies the understanding of the element in which it is contained and/or the understanding of the containing element's descendants. Usually modifier elements provide negation or qualification. To make the use of extensions safe and manageable, there is a strict set of governance applied to the definition and use of extensions. Though any implementer can define an extension, there is a set of requirements that SHALL be met as part of the definition of the extension. Applications processing a resource are required to check for modifier extensions.

Modifier extensions SHALL NOT change the meaning of any elements on Resource or DomainResource (including cannot change the meaning of modifierExtension itself).","There can be no stigma associated with the use of extensions by any application, project, or standard - regardless of the institution or jurisdiction that uses or defines the extensions.  The use of extensions is what allows the FHIR specification to retain a core level of simplicity for everyone.","Modifier extensions allow for extensions that *cannot* be safely ignored to be clearly distinguished from the vast majority of extensions which can be safely ignored.  This promotes interoperability by eliminating the need for implementers to prohibit the presence of extensions. For further information, see the [definition of modifier extensions](http://hl7.org/fhir/R4/extensibility.html#modifierExtension).","","","","","","","",,,,,"",,,,"BackboneElement.modifierExtension",0,*,"","ele-1:All FHIR elements must have a @value or children {hasValue() or (children().count() > id.count())}
ext-1:Must have either extensions or value[x], not both {extension.exists() != value.exists()}"
"LTCFeeAuditStatusModel.finishInfo.cityInfo.cityCd","LTCFeeAuditStatusModel.finishInfo.cityInfo.cityCd","","","",1,1,"","","","string {[]} {[]}
","縣市代碼","案件所屬縣市的代碼，長度上限 5","","","","","","","","","",,,,,"",,,,"LTCFeeAuditStatusModel.finishInfo.cityInfo.cityCd",1,1,"","","Task.input.where(type.text='縣市代碼').valueString"
"LTCFeeAuditStatusModel.finishInfo.cityInfo.caseNoInfo","LTCFeeAuditStatusModel.finishInfo.cityInfo.caseNoInfo","","","",0,*,"","","","BackboneElement {[]} {[]}
","案件資訊","該縣市要執行申報確認通知之案件資訊（case_no_info）","","","","","","","","","",,,,,"",,,,"LTCFeeAuditStatusModel.finishInfo.cityInfo.caseNoInfo",0,*,"","ele-1:All FHIR elements must have a @value or children {hasValue() or (children().count() > id.count())}
"
"LTCFeeAuditStatusModel.finishInfo.cityInfo.caseNoInfo.id","LTCFeeAuditStatusModel.finishInfo.cityInfo.caseNoInfo.id","","","",0,1,"","","","string {[]} {[]}
","Unique id for inter-element referencing","Unique id for the element within a resource (for internal references). This may be any string value that does not contain spaces.","","","","","","","","","",,,,,"",,,,"Element.id",0,1,"",""
"LTCFeeAuditStatusModel.finishInfo.cityInfo.caseNoInfo.extension","LTCFeeAuditStatusModel.finishInfo.cityInfo.caseNoInfo.extension","","extensions
user content","",0,*,"","","","Extension {[]} {[]}
","Additional content defined by implementations","May be used to represent additional information that is not part of the basic definition of the element. To make the use of extensions safe and manageable, there is a strict set of governance  applied to the definition and use of extensions. Though any implementer can define an extension, there is a set of requirements that SHALL be met as part of the definition of the extension.","There can be no stigma associated with the use of extensions by any application, project, or standard - regardless of the institution or jurisdiction that uses or defines the extensions.  The use of extensions is what allows the FHIR specification to retain a core level of simplicity for everyone.","","","","","","","","",,,,,"","value:url}
","Extensions are always sliced by (at least) url",,"open","Element.extension",0,*,"","ele-1:All FHIR elements must have a @value or children {hasValue() or (children().count() > id.count())}
ext-1:Must have either extensions or value[x], not both {extension.exists() != value.exists()}"
"LTCFeeAuditStatusModel.finishInfo.cityInfo.caseNoInfo.modifierExtension","LTCFeeAuditStatusModel.finishInfo.cityInfo.caseNoInfo.modifierExtension","","extensions
user contentmodifiers","",0,*,"","Y","Y","Extension {[]} {[]}
","Extensions that cannot be ignored even if unrecognized","May be used to represent additional information that is not part of the basic definition of the element and that modifies the understanding of the element in which it is contained and/or the understanding of the containing element's descendants. Usually modifier elements provide negation or qualification. To make the use of extensions safe and manageable, there is a strict set of governance applied to the definition and use of extensions. Though any implementer can define an extension, there is a set of requirements that SHALL be met as part of the definition of the extension. Applications processing a resource are required to check for modifier extensions.

Modifier extensions SHALL NOT change the meaning of any elements on Resource or DomainResource (including cannot change the meaning of modifierExtension itself).","There can be no stigma associated with the use of extensions by any application, project, or standard - regardless of the institution or jurisdiction that uses or defines the extensions.  The use of extensions is what allows the FHIR specification to retain a core level of simplicity for everyone.","Modifier extensions allow for extensions that *cannot* be safely ignored to be clearly distinguished from the vast majority of extensions which can be safely ignored.  This promotes interoperability by eliminating the need for implementers to prohibit the presence of extensions. For further information, see the [definition of modifier extensions](http://hl7.org/fhir/R4/extensibility.html#modifierExtension).","","","","","","","",,,,,"",,,,"BackboneElement.modifierExtension",0,*,"","ele-1:All FHIR elements must have a @value or children {hasValue() or (children().count() > id.count())}
ext-1:Must have either extensions or value[x], not both {extension.exists() != value.exists()}"
"LTCFeeAuditStatusModel.finishInfo.cityInfo.caseNoInfo.caseNo","LTCFeeAuditStatusModel.finishInfo.cityInfo.caseNoInfo.caseNo","","","",1,1,"","","","string {[]} {[]}
","案件編號","要執行申報確認通知之案件編號，長度上限 30","","","","","","","","","",,,,,"",,,,"LTCFeeAuditStatusModel.finishInfo.cityInfo.caseNoInfo.caseNo",1,1,"","","Task.input.where(type.text='核銷案號').valueString"
"LTCFeeAuditStatusModel.cancelInfo","LTCFeeAuditStatusModel.cancelInfo","","","",0,1,"","","","BackboneElement {[]} {[]}
","服務單位撤回資料（appCancel）","服務單位撤回服務紀錄之傳送資料（cancel_info）；若未傳入縣市代碼及核銷案號，表示撤回該服務單位本月該來源系統別所申報之全部服務紀錄；若承辦人已收件處理，則不允許執行撤回","","","","","","","","","",,,,,"",,,,"LTCFeeAuditStatusModel.cancelInfo",0,1,"","ele-1:All FHIR elements must have a @value or children {hasValue() or (children().count() > id.count())}
","Task"
"LTCFeeAuditStatusModel.cancelInfo.id","LTCFeeAuditStatusModel.cancelInfo.id","","","",0,1,"","","","string {[]} {[]}
","Unique id for inter-element referencing","Unique id for the element within a resource (for internal references). This may be any string value that does not contain spaces.","","","","","","","","","",,,,,"",,,,"Element.id",0,1,"",""
"LTCFeeAuditStatusModel.cancelInfo.extension","LTCFeeAuditStatusModel.cancelInfo.extension","","extensions
user content","",0,*,"","","","Extension {[]} {[]}
","Additional content defined by implementations","May be used to represent additional information that is not part of the basic definition of the element. To make the use of extensions safe and manageable, there is a strict set of governance  applied to the definition and use of extensions. Though any implementer can define an extension, there is a set of requirements that SHALL be met as part of the definition of the extension.","There can be no stigma associated with the use of extensions by any application, project, or standard - regardless of the institution or jurisdiction that uses or defines the extensions.  The use of extensions is what allows the FHIR specification to retain a core level of simplicity for everyone.","","","","","","","","",,,,,"","value:url}
","Extensions are always sliced by (at least) url",,"open","Element.extension",0,*,"","ele-1:All FHIR elements must have a @value or children {hasValue() or (children().count() > id.count())}
ext-1:Must have either extensions or value[x], not both {extension.exists() != value.exists()}"
"LTCFeeAuditStatusModel.cancelInfo.modifierExtension","LTCFeeAuditStatusModel.cancelInfo.modifierExtension","","extensions
user contentmodifiers","",0,*,"","Y","Y","Extension {[]} {[]}
","Extensions that cannot be ignored even if unrecognized","May be used to represent additional information that is not part of the basic definition of the element and that modifies the understanding of the element in which it is contained and/or the understanding of the containing element's descendants. Usually modifier elements provide negation or qualification. To make the use of extensions safe and manageable, there is a strict set of governance applied to the definition and use of extensions. Though any implementer can define an extension, there is a set of requirements that SHALL be met as part of the definition of the extension. Applications processing a resource are required to check for modifier extensions.

Modifier extensions SHALL NOT change the meaning of any elements on Resource or DomainResource (including cannot change the meaning of modifierExtension itself).","There can be no stigma associated with the use of extensions by any application, project, or standard - regardless of the institution or jurisdiction that uses or defines the extensions.  The use of extensions is what allows the FHIR specification to retain a core level of simplicity for everyone.","Modifier extensions allow for extensions that *cannot* be safely ignored to be clearly distinguished from the vast majority of extensions which can be safely ignored.  This promotes interoperability by eliminating the need for implementers to prohibit the presence of extensions. For further information, see the [definition of modifier extensions](http://hl7.org/fhir/R4/extensibility.html#modifierExtension).","","","","","","","",,,,,"",,,,"BackboneElement.modifierExtension",0,*,"","ele-1:All FHIR elements must have a @value or children {hasValue() or (children().count() > id.count())}
ext-1:Must have either extensions or value[x], not both {extension.exists() != value.exists()}"
"LTCFeeAuditStatusModel.cancelInfo.writeoffYyyymm","LTCFeeAuditStatusModel.cancelInfo.writeoffYyyymm","","","",1,1,"","","","string {[]} {[]}
","支審年月","支付審核年月，格式為 yyyyMM，長度 6","","","","","","","","","",,,,,"",,,,"LTCFeeAuditStatusModel.cancelInfo.writeoffYyyymm",1,1,"","","Task.identifier.where(system='http://ltc-ig.fhir.tw/identifier/feeaudit/yyyymm').value"
"LTCFeeAuditStatusModel.cancelInfo.cityCd","LTCFeeAuditStatusModel.cancelInfo.cityCd","","","",0,1,"","","","string {[]} {[]}
","縣市代碼","指定撤回案件所屬縣市代碼，長度上限 5；未填表示全部撤回","","","","","","","","","",,,,,"",,,,"LTCFeeAuditStatusModel.cancelInfo.cityCd",0,1,"","","Task.input.where(type.text='縣市代碼').valueString"
"LTCFeeAuditStatusModel.cancelInfo.caseNo","LTCFeeAuditStatusModel.cancelInfo.caseNo","","","",0,1,"","","","string {[]} {[]}
","核銷案號","指定撤回之核銷案號，長度上限 30；未填表示全部撤回","","","","","","","","","",,,,,"",,,,"LTCFeeAuditStatusModel.cancelInfo.caseNo",0,1,"","","Task.input.where(type.text='核銷案號').valueString"
"LTCFeeAuditStatusModel.cancelInfo.transNo","LTCFeeAuditStatusModel.cancelInfo.transNo","","","",1,1,"","","","string {[]} {[]}
","交易序號","本次撤回作業之交易序號，長度上限 10","","","","","","","","","",,,,,"",,,,"LTCFeeAuditStatusModel.cancelInfo.transNo",1,1,"","","Task.groupIdentifier.value"
"LTCFeeAuditStatusModel.cancelResultResponseInfo","LTCFeeAuditStatusModel.cancelResultResponseInfo","","","",0,1,"","","","BackboneElement {[]} {[]}
","取消交易單結果回報資料","取消（查詢A）API 執行結果資料中該交易單處理結果回報之傳送資料（CancelResultResponse_info）","","","","","","","","","",,,,,"",,,,"LTCFeeAuditStatusModel.cancelResultResponseInfo",0,1,"","ele-1:All FHIR elements must have a @value or children {hasValue() or (children().count() > id.count())}
","Task"
"LTCFeeAuditStatusModel.cancelResultResponseInfo.id","LTCFeeAuditStatusModel.cancelResultResponseInfo.id","","","",0,1,"","","","string {[]} {[]}
","Unique id for inter-element referencing","Unique id for the element within a resource (for internal references). This may be any string value that does not contain spaces.","","","","","","","","","",,,,,"",,,,"Element.id",0,1,"",""
"LTCFeeAuditStatusModel.cancelResultResponseInfo.extension","LTCFeeAuditStatusModel.cancelResultResponseInfo.extension","","extensions
user content","",0,*,"","","","Extension {[]} {[]}
","Additional content defined by implementations","May be used to represent additional information that is not part of the basic definition of the element. To make the use of extensions safe and manageable, there is a strict set of governance  applied to the definition and use of extensions. Though any implementer can define an extension, there is a set of requirements that SHALL be met as part of the definition of the extension.","There can be no stigma associated with the use of extensions by any application, project, or standard - regardless of the institution or jurisdiction that uses or defines the extensions.  The use of extensions is what allows the FHIR specification to retain a core level of simplicity for everyone.","","","","","","","","",,,,,"","value:url}
","Extensions are always sliced by (at least) url",,"open","Element.extension",0,*,"","ele-1:All FHIR elements must have a @value or children {hasValue() or (children().count() > id.count())}
ext-1:Must have either extensions or value[x], not both {extension.exists() != value.exists()}"
"LTCFeeAuditStatusModel.cancelResultResponseInfo.modifierExtension","LTCFeeAuditStatusModel.cancelResultResponseInfo.modifierExtension","","extensions
user contentmodifiers","",0,*,"","Y","Y","Extension {[]} {[]}
","Extensions that cannot be ignored even if unrecognized","May be used to represent additional information that is not part of the basic definition of the element and that modifies the understanding of the element in which it is contained and/or the understanding of the containing element's descendants. Usually modifier elements provide negation or qualification. To make the use of extensions safe and manageable, there is a strict set of governance applied to the definition and use of extensions. Though any implementer can define an extension, there is a set of requirements that SHALL be met as part of the definition of the extension. Applications processing a resource are required to check for modifier extensions.

Modifier extensions SHALL NOT change the meaning of any elements on Resource or DomainResource (including cannot change the meaning of modifierExtension itself).","There can be no stigma associated with the use of extensions by any application, project, or standard - regardless of the institution or jurisdiction that uses or defines the extensions.  The use of extensions is what allows the FHIR specification to retain a core level of simplicity for everyone.","Modifier extensions allow for extensions that *cannot* be safely ignored to be clearly distinguished from the vast majority of extensions which can be safely ignored.  This promotes interoperability by eliminating the need for implementers to prohibit the presence of extensions. For further information, see the [definition of modifier extensions](http://hl7.org/fhir/R4/extensibility.html#modifierExtension).","","","","","","","",,,,,"",,,,"BackboneElement.modifierExtension",0,*,"","ele-1:All FHIR elements must have a @value or children {hasValue() or (children().count() > id.count())}
ext-1:Must have either extensions or value[x], not both {extension.exists() != value.exists()}"
"LTCFeeAuditStatusModel.cancelResultResponseInfo.writeoffYyyymm","LTCFeeAuditStatusModel.cancelResultResponseInfo.writeoffYyyymm","","","",1,1,"","","","string {[]} {[]}
","支審年月","支付審核年月，格式為 yyyyMM，長度 6","","","","","","","","","",,,,,"",,,,"LTCFeeAuditStatusModel.cancelResultResponseInfo.writeoffYyyymm",1,1,"","","Task.identifier.where(system='http://ltc-ig.fhir.tw/identifier/feeaudit/yyyymm').value"
"LTCFeeAuditStatusModel.cancelResultResponseInfo.transNo","LTCFeeAuditStatusModel.cancelResultResponseInfo.transNo","","","",1,1,"","","","string {[]} {[]}
","交易序號","本次取消結果回報作業之交易序號，長度上限 10","","","","","","","","","",,,,,"",,,,"LTCFeeAuditStatusModel.cancelResultResponseInfo.transNo",1,1,"","","Task.groupIdentifier.value"
"LTCFeeAuditStatusModel.cancelResultResponseInfo.cancelTransNo","LTCFeeAuditStatusModel.cancelResultResponseInfo.cancelTransNo","","","",1,1,"","","","string {[]} {[]}
","所要取消結果回報之交易序號","所要取消結果回報之交易單交易序號，長度上限 10","","","","","","","","","",,,,,"",,,,"LTCFeeAuditStatusModel.cancelResultResponseInfo.cancelTransNo",1,1,"","","Task.input.where(type.text='所要取消結果回報之交易序號').valueString"
