"Id","Path","Slice Name","Alias(s)","Label","Min","Max","Must Support?","Is Modifier?","Is Summary?","Type(s)","Short","Definition","Comments","Requirements","Default Value","Meaning When Missing","Fixed Value","Pattern","Example","Minimum Value","Maximum Value","Maximum Length","Binding Strength","Binding Description","Binding Value Set","Code","Slicing Discriminator","Slicing Description","Slicing Ordered","Slicing Rules","Base Path","Base Min","Base Max","Condition(s)","Constraint(s)","Mapping: 居家護理－照護計畫評值紀錄欄位對應"
"HNEvaluationsModel","HNEvaluationsModel","","","",0,*,"","","","null {[]} {[]}
","居家護理－照護計畫評值紀錄邏輯模型","描述居家護理照護計畫評值紀錄的資料需求。依 V5.0.16 有效欄位建立，來源欄位對應另列於 Mapping。","","","","","","","","","",,,,,"",,,,"Base",0,*,"",""
"HNEvaluationsModel.caseID","HNEvaluationsModel.caseID","","","",1,1,"","","","string {[]} {[]}
","個案身分證字號","個案身分證字號","","","","","","","","","",,,,,"",,,,"HNEvaluationsModel.caseID",1,1,"","","QuestionnaireResponse.item.where(linkId='CaseID')"
"HNEvaluationsModel.endDate","HNEvaluationsModel.endDate","","","",1,1,"","","","date {[]} {[]}
","收案日期","收案日期","","","","","","","","","",,,,,"",,,,"HNEvaluationsModel.endDate",1,1,"","","QuestionnaireResponse.item.where(linkId='EndDate')"
"HNEvaluationsModel.summaryCreateDate","HNEvaluationsModel.summaryCreateDate","","","",1,1,"","","","date {[]} {[]}
","需求摘要評估日期","需求摘要評估日期","","","","","","","","","",,,,,"",,,,"HNEvaluationsModel.summaryCreateDate",1,1,"","","QuestionnaireResponse.item.where(linkId='SummaryCreateDate')"
"HNEvaluationsModel.summary","HNEvaluationsModel.summary","","","",1,1,"","","","string {[]} {[]}
","需求摘要項目","需求摘要項目","","","","","","","","","",,,,,"",,,,"HNEvaluationsModel.summary",1,1,"","","QuestionnaireResponse.item.where(linkId='Summary')"
"HNEvaluationsModel.summaryAnswer","HNEvaluationsModel.summaryAnswer","","","",1,1,"","","","string {[]} {[]}
","需求摘要備註","需求摘要備註","","","","","","","","","",,,,,"",,,,"HNEvaluationsModel.summaryAnswer",1,1,"","","QuestionnaireResponse.item.where(linkId='SummaryAnswer')"
"HNEvaluationsModel.targetStatement","HNEvaluationsModel.targetStatement","","","",1,1,"","","","string {[]} {[]}
","目標描述","目標描述","","","","","","","","","",,,,,"",,,,"HNEvaluationsModel.targetStatement",1,1,"","","QuestionnaireResponse.item.where(linkId='TargetStatement')"
"HNEvaluationsModel.evaluationDate","HNEvaluationsModel.evaluationDate","","","",1,1,"","","","date {[]} {[]}
","紀錄日期","紀錄日期","","","","","","","","","",,,,,"",,,,"HNEvaluationsModel.evaluationDate",1,1,"","","QuestionnaireResponse.item.where(linkId='EvaluationDate')"
"HNEvaluationsModel.evaluationContent","HNEvaluationsModel.evaluationContent","","","",1,1,"","","","string {[]} {[]}
","評值紀錄","評值紀錄","","","","","","","","","",,,,,"",,,,"HNEvaluationsModel.evaluationContent",1,1,"","","QuestionnaireResponse.item.where(linkId='EvaluationContent')"
"HNEvaluationsModel.nurseID","HNEvaluationsModel.nurseID","","","",1,1,"","","","string {[]} {[]}
","建立護理人員身分證字號","建立護理人員身分證字號","","","","","","","","","",,,,,"",,,,"HNEvaluationsModel.nurseID",1,1,"","","QuestionnaireResponse.item.where(linkId='NurseID')"
