"Id","Path","Slice Name","Alias(s)","Label","Min","Max","Must Support?","Is Modifier?","Is Summary?","Type(s)","Short","Definition","Comments","Requirements","Default Value","Meaning When Missing","Fixed Value","Pattern","Example","Minimum Value","Maximum Value","Maximum Length","Binding Strength","Binding Description","Binding Value Set","Code","Slicing Discriminator","Slicing Description","Slicing Ordered","Slicing Rules","Base Path","Base Min","Base Max","Condition(s)","Constraint(s)","Mapping: 居家護理－工具性日常生活活動功能評估欄位對應"
"HNIADLsModel","HNIADLsModel","","","",0,*,"","","","null {[]} {[]}
","居家護理－工具性日常生活活動功能評估邏輯模型","描述居家護理工具性日常生活活動功能評估的資料需求。依 V5.0.16 有效欄位建立，來源欄位對應另列於 Mapping。","","","","","","","","","",,,,,"",,,,"Base",0,*,"",""
"HNIADLsModel.date","HNIADLsModel.date","","","",1,1,"","","","date {[]} {[]}
","紀錄日期","紀錄日期","","","","","","","","","",,,,,"",,,,"HNIADLsModel.date",1,1,"","","QuestionnaireResponse.item.where(linkId='Date')"
"HNIADLsModel.nurseID","HNIADLsModel.nurseID","","","",1,1,"","","","string {[]} {[]}
","護理人員身分證字號","護理人員身分證字號","","","","","","","","","",,,,,"",,,,"HNIADLsModel.nurseID",1,1,"","","QuestionnaireResponse.item.where(linkId='NurseID')"
"HNIADLsModel.questions","HNIADLsModel.questions","","","",1,1,"","","","BackboneElement {[]} {[]}
","評估項目","評估項目","","","","","","","","","",,,,,"",,,,"HNIADLsModel.questions",1,1,"","ele-1:All FHIR elements must have a @value or children {hasValue() or (children().count() > id.count())}
","QuestionnaireResponse.item.where(linkId='Questions')"
"HNIADLsModel.questions.id","HNIADLsModel.questions.id","","","",0,1,"","","","string {[]} {[]}
","Unique id for inter-element referencing","Unique id for the element within a resource (for internal references). This may be any string value that does not contain spaces.","","","","","","","","","",,,,,"",,,,"Element.id",0,1,"",""
"HNIADLsModel.questions.extension","HNIADLsModel.questions.extension","","extensions
user content","",0,*,"","","","Extension {[]} {[]}
","Additional content defined by implementations","May be used to represent additional information that is not part of the basic definition of the element. To make the use of extensions safe and manageable, there is a strict set of governance  applied to the definition and use of extensions. Though any implementer can define an extension, there is a set of requirements that SHALL be met as part of the definition of the extension.","There can be no stigma associated with the use of extensions by any application, project, or standard - regardless of the institution or jurisdiction that uses or defines the extensions.  The use of extensions is what allows the FHIR specification to retain a core level of simplicity for everyone.","","","","","","","","",,,,,"","value:url}
","Extensions are always sliced by (at least) url",,"open","Element.extension",0,*,"","ele-1:All FHIR elements must have a @value or children {hasValue() or (children().count() > id.count())}
ext-1:Must have either extensions or value[x], not both {extension.exists() != value.exists()}"
"HNIADLsModel.questions.modifierExtension","HNIADLsModel.questions.modifierExtension","","extensions
user contentmodifiers","",0,*,"","Y","Y","Extension {[]} {[]}
","Extensions that cannot be ignored even if unrecognized","May be used to represent additional information that is not part of the basic definition of the element and that modifies the understanding of the element in which it is contained and/or the understanding of the containing element's descendants. Usually modifier elements provide negation or qualification. To make the use of extensions safe and manageable, there is a strict set of governance applied to the definition and use of extensions. Though any implementer can define an extension, there is a set of requirements that SHALL be met as part of the definition of the extension. Applications processing a resource are required to check for modifier extensions.

Modifier extensions SHALL NOT change the meaning of any elements on Resource or DomainResource (including cannot change the meaning of modifierExtension itself).","There can be no stigma associated with the use of extensions by any application, project, or standard - regardless of the institution or jurisdiction that uses or defines the extensions.  The use of extensions is what allows the FHIR specification to retain a core level of simplicity for everyone.","Modifier extensions allow for extensions that *cannot* be safely ignored to be clearly distinguished from the vast majority of extensions which can be safely ignored.  This promotes interoperability by eliminating the need for implementers to prohibit the presence of extensions. For further information, see the [definition of modifier extensions](http://hl7.org/fhir/R4/extensibility.html#modifierExtension).","","","","","","","",,,,,"",,,,"BackboneElement.modifierExtension",0,*,"","ele-1:All FHIR elements must have a @value or children {hasValue() or (children().count() > id.count())}
ext-1:Must have either extensions or value[x], not both {extension.exists() != value.exists()}"
"HNIADLsModel.questions.q588e1a8f","HNIADLsModel.questions.q588e1a8f","","","",1,1,"","","","BackboneElement {[]} {[]}
","購物","購物","","","","","","","","","",,,,,"",,,,"HNIADLsModel.questions.q588e1a8f",1,1,"","ele-1:All FHIR elements must have a @value or children {hasValue() or (children().count() > id.count())}
","QuestionnaireResponse.item.where(linkId='Questions').item.where(linkId='Questions.q588e1a8f')"
"HNIADLsModel.questions.q588e1a8f.id","HNIADLsModel.questions.q588e1a8f.id","","","",0,1,"","","","string {[]} {[]}
","Unique id for inter-element referencing","Unique id for the element within a resource (for internal references). This may be any string value that does not contain spaces.","","","","","","","","","",,,,,"",,,,"Element.id",0,1,"",""
"HNIADLsModel.questions.q588e1a8f.extension","HNIADLsModel.questions.q588e1a8f.extension","","extensions
user content","",0,*,"","","","Extension {[]} {[]}
","Additional content defined by implementations","May be used to represent additional information that is not part of the basic definition of the element. To make the use of extensions safe and manageable, there is a strict set of governance  applied to the definition and use of extensions. Though any implementer can define an extension, there is a set of requirements that SHALL be met as part of the definition of the extension.","There can be no stigma associated with the use of extensions by any application, project, or standard - regardless of the institution or jurisdiction that uses or defines the extensions.  The use of extensions is what allows the FHIR specification to retain a core level of simplicity for everyone.","","","","","","","","",,,,,"","value:url}
","Extensions are always sliced by (at least) url",,"open","Element.extension",0,*,"","ele-1:All FHIR elements must have a @value or children {hasValue() or (children().count() > id.count())}
ext-1:Must have either extensions or value[x], not both {extension.exists() != value.exists()}"
"HNIADLsModel.questions.q588e1a8f.modifierExtension","HNIADLsModel.questions.q588e1a8f.modifierExtension","","extensions
user contentmodifiers","",0,*,"","Y","Y","Extension {[]} {[]}
","Extensions that cannot be ignored even if unrecognized","May be used to represent additional information that is not part of the basic definition of the element and that modifies the understanding of the element in which it is contained and/or the understanding of the containing element's descendants. Usually modifier elements provide negation or qualification. To make the use of extensions safe and manageable, there is a strict set of governance applied to the definition and use of extensions. Though any implementer can define an extension, there is a set of requirements that SHALL be met as part of the definition of the extension. Applications processing a resource are required to check for modifier extensions.

Modifier extensions SHALL NOT change the meaning of any elements on Resource or DomainResource (including cannot change the meaning of modifierExtension itself).","There can be no stigma associated with the use of extensions by any application, project, or standard - regardless of the institution or jurisdiction that uses or defines the extensions.  The use of extensions is what allows the FHIR specification to retain a core level of simplicity for everyone.","Modifier extensions allow for extensions that *cannot* be safely ignored to be clearly distinguished from the vast majority of extensions which can be safely ignored.  This promotes interoperability by eliminating the need for implementers to prohibit the presence of extensions. For further information, see the [definition of modifier extensions](http://hl7.org/fhir/R4/extensibility.html#modifierExtension).","","","","","","","",,,,,"",,,,"BackboneElement.modifierExtension",0,*,"","ele-1:All FHIR elements must have a @value or children {hasValue() or (children().count() > id.count())}
ext-1:Must have either extensions or value[x], not both {extension.exists() != value.exists()}"
"HNIADLsModel.questions.q588e1a8f.answer","HNIADLsModel.questions.q588e1a8f.answer","","","",1,1,"","","","Coding {[]} {[]}
","評估答案","評估答案","","","","","","","","","",,"required","","http://ltc-ig.fhir.tw/ValueSet/hn-vs-cbfa2194bae7","",,,,"HNIADLsModel.questions.q588e1a8f.answer",1,1,"","","QuestionnaireResponse.item.where(linkId='Questions').item.where(linkId='Questions.q588e1a8f').item.where(linkId='Questions.q588e1a8f.Answer')"
"HNIADLsModel.questions.q1652b964","HNIADLsModel.questions.q1652b964","","","",1,1,"","","","BackboneElement {[]} {[]}
","家務","家務","","","","","","","","","",,,,,"",,,,"HNIADLsModel.questions.q1652b964",1,1,"","ele-1:All FHIR elements must have a @value or children {hasValue() or (children().count() > id.count())}
","QuestionnaireResponse.item.where(linkId='Questions').item.where(linkId='Questions.q1652b964')"
"HNIADLsModel.questions.q1652b964.id","HNIADLsModel.questions.q1652b964.id","","","",0,1,"","","","string {[]} {[]}
","Unique id for inter-element referencing","Unique id for the element within a resource (for internal references). This may be any string value that does not contain spaces.","","","","","","","","","",,,,,"",,,,"Element.id",0,1,"",""
"HNIADLsModel.questions.q1652b964.extension","HNIADLsModel.questions.q1652b964.extension","","extensions
user content","",0,*,"","","","Extension {[]} {[]}
","Additional content defined by implementations","May be used to represent additional information that is not part of the basic definition of the element. To make the use of extensions safe and manageable, there is a strict set of governance  applied to the definition and use of extensions. Though any implementer can define an extension, there is a set of requirements that SHALL be met as part of the definition of the extension.","There can be no stigma associated with the use of extensions by any application, project, or standard - regardless of the institution or jurisdiction that uses or defines the extensions.  The use of extensions is what allows the FHIR specification to retain a core level of simplicity for everyone.","","","","","","","","",,,,,"","value:url}
","Extensions are always sliced by (at least) url",,"open","Element.extension",0,*,"","ele-1:All FHIR elements must have a @value or children {hasValue() or (children().count() > id.count())}
ext-1:Must have either extensions or value[x], not both {extension.exists() != value.exists()}"
"HNIADLsModel.questions.q1652b964.modifierExtension","HNIADLsModel.questions.q1652b964.modifierExtension","","extensions
user contentmodifiers","",0,*,"","Y","Y","Extension {[]} {[]}
","Extensions that cannot be ignored even if unrecognized","May be used to represent additional information that is not part of the basic definition of the element and that modifies the understanding of the element in which it is contained and/or the understanding of the containing element's descendants. Usually modifier elements provide negation or qualification. To make the use of extensions safe and manageable, there is a strict set of governance applied to the definition and use of extensions. Though any implementer can define an extension, there is a set of requirements that SHALL be met as part of the definition of the extension. Applications processing a resource are required to check for modifier extensions.

Modifier extensions SHALL NOT change the meaning of any elements on Resource or DomainResource (including cannot change the meaning of modifierExtension itself).","There can be no stigma associated with the use of extensions by any application, project, or standard - regardless of the institution or jurisdiction that uses or defines the extensions.  The use of extensions is what allows the FHIR specification to retain a core level of simplicity for everyone.","Modifier extensions allow for extensions that *cannot* be safely ignored to be clearly distinguished from the vast majority of extensions which can be safely ignored.  This promotes interoperability by eliminating the need for implementers to prohibit the presence of extensions. For further information, see the [definition of modifier extensions](http://hl7.org/fhir/R4/extensibility.html#modifierExtension).","","","","","","","",,,,,"",,,,"BackboneElement.modifierExtension",0,*,"","ele-1:All FHIR elements must have a @value or children {hasValue() or (children().count() > id.count())}
ext-1:Must have either extensions or value[x], not both {extension.exists() != value.exists()}"
"HNIADLsModel.questions.q1652b964.answer","HNIADLsModel.questions.q1652b964.answer","","","",1,1,"","","","Coding {[]} {[]}
","評估答案","評估答案","","","","","","","","","",,"required","","http://ltc-ig.fhir.tw/ValueSet/hn-vs-b455f8b9ce05","",,,,"HNIADLsModel.questions.q1652b964.answer",1,1,"","","QuestionnaireResponse.item.where(linkId='Questions').item.where(linkId='Questions.q1652b964').item.where(linkId='Questions.q1652b964.Answer')"
"HNIADLsModel.questions.qd5905863","HNIADLsModel.questions.qd5905863","","","",1,1,"","","","BackboneElement {[]} {[]}
","理財","理財","","","","","","","","","",,,,,"",,,,"HNIADLsModel.questions.qd5905863",1,1,"","ele-1:All FHIR elements must have a @value or children {hasValue() or (children().count() > id.count())}
","QuestionnaireResponse.item.where(linkId='Questions').item.where(linkId='Questions.qd5905863')"
"HNIADLsModel.questions.qd5905863.id","HNIADLsModel.questions.qd5905863.id","","","",0,1,"","","","string {[]} {[]}
","Unique id for inter-element referencing","Unique id for the element within a resource (for internal references). This may be any string value that does not contain spaces.","","","","","","","","","",,,,,"",,,,"Element.id",0,1,"",""
"HNIADLsModel.questions.qd5905863.extension","HNIADLsModel.questions.qd5905863.extension","","extensions
user content","",0,*,"","","","Extension {[]} {[]}
","Additional content defined by implementations","May be used to represent additional information that is not part of the basic definition of the element. To make the use of extensions safe and manageable, there is a strict set of governance  applied to the definition and use of extensions. Though any implementer can define an extension, there is a set of requirements that SHALL be met as part of the definition of the extension.","There can be no stigma associated with the use of extensions by any application, project, or standard - regardless of the institution or jurisdiction that uses or defines the extensions.  The use of extensions is what allows the FHIR specification to retain a core level of simplicity for everyone.","","","","","","","","",,,,,"","value:url}
","Extensions are always sliced by (at least) url",,"open","Element.extension",0,*,"","ele-1:All FHIR elements must have a @value or children {hasValue() or (children().count() > id.count())}
ext-1:Must have either extensions or value[x], not both {extension.exists() != value.exists()}"
"HNIADLsModel.questions.qd5905863.modifierExtension","HNIADLsModel.questions.qd5905863.modifierExtension","","extensions
user contentmodifiers","",0,*,"","Y","Y","Extension {[]} {[]}
","Extensions that cannot be ignored even if unrecognized","May be used to represent additional information that is not part of the basic definition of the element and that modifies the understanding of the element in which it is contained and/or the understanding of the containing element's descendants. Usually modifier elements provide negation or qualification. To make the use of extensions safe and manageable, there is a strict set of governance applied to the definition and use of extensions. Though any implementer can define an extension, there is a set of requirements that SHALL be met as part of the definition of the extension. Applications processing a resource are required to check for modifier extensions.

Modifier extensions SHALL NOT change the meaning of any elements on Resource or DomainResource (including cannot change the meaning of modifierExtension itself).","There can be no stigma associated with the use of extensions by any application, project, or standard - regardless of the institution or jurisdiction that uses or defines the extensions.  The use of extensions is what allows the FHIR specification to retain a core level of simplicity for everyone.","Modifier extensions allow for extensions that *cannot* be safely ignored to be clearly distinguished from the vast majority of extensions which can be safely ignored.  This promotes interoperability by eliminating the need for implementers to prohibit the presence of extensions. For further information, see the [definition of modifier extensions](http://hl7.org/fhir/R4/extensibility.html#modifierExtension).","","","","","","","",,,,,"",,,,"BackboneElement.modifierExtension",0,*,"","ele-1:All FHIR elements must have a @value or children {hasValue() or (children().count() > id.count())}
ext-1:Must have either extensions or value[x], not both {extension.exists() != value.exists()}"
"HNIADLsModel.questions.qd5905863.answer","HNIADLsModel.questions.qd5905863.answer","","","",1,1,"","","","Coding {[]} {[]}
","評估答案","評估答案","","","","","","","","","",,"required","","http://ltc-ig.fhir.tw/ValueSet/hn-vs-41cb9f76208c","",,,,"HNIADLsModel.questions.qd5905863.answer",1,1,"","","QuestionnaireResponse.item.where(linkId='Questions').item.where(linkId='Questions.qd5905863').item.where(linkId='Questions.qd5905863.Answer')"
"HNIADLsModel.questions.qdb0b2a30","HNIADLsModel.questions.qdb0b2a30","","","",1,1,"","","","BackboneElement {[]} {[]}
","備食","備食","","","","","","","","","",,,,,"",,,,"HNIADLsModel.questions.qdb0b2a30",1,1,"","ele-1:All FHIR elements must have a @value or children {hasValue() or (children().count() > id.count())}
","QuestionnaireResponse.item.where(linkId='Questions').item.where(linkId='Questions.qdb0b2a30')"
"HNIADLsModel.questions.qdb0b2a30.id","HNIADLsModel.questions.qdb0b2a30.id","","","",0,1,"","","","string {[]} {[]}
","Unique id for inter-element referencing","Unique id for the element within a resource (for internal references). This may be any string value that does not contain spaces.","","","","","","","","","",,,,,"",,,,"Element.id",0,1,"",""
"HNIADLsModel.questions.qdb0b2a30.extension","HNIADLsModel.questions.qdb0b2a30.extension","","extensions
user content","",0,*,"","","","Extension {[]} {[]}
","Additional content defined by implementations","May be used to represent additional information that is not part of the basic definition of the element. To make the use of extensions safe and manageable, there is a strict set of governance  applied to the definition and use of extensions. Though any implementer can define an extension, there is a set of requirements that SHALL be met as part of the definition of the extension.","There can be no stigma associated with the use of extensions by any application, project, or standard - regardless of the institution or jurisdiction that uses or defines the extensions.  The use of extensions is what allows the FHIR specification to retain a core level of simplicity for everyone.","","","","","","","","",,,,,"","value:url}
","Extensions are always sliced by (at least) url",,"open","Element.extension",0,*,"","ele-1:All FHIR elements must have a @value or children {hasValue() or (children().count() > id.count())}
ext-1:Must have either extensions or value[x], not both {extension.exists() != value.exists()}"
"HNIADLsModel.questions.qdb0b2a30.modifierExtension","HNIADLsModel.questions.qdb0b2a30.modifierExtension","","extensions
user contentmodifiers","",0,*,"","Y","Y","Extension {[]} {[]}
","Extensions that cannot be ignored even if unrecognized","May be used to represent additional information that is not part of the basic definition of the element and that modifies the understanding of the element in which it is contained and/or the understanding of the containing element's descendants. Usually modifier elements provide negation or qualification. To make the use of extensions safe and manageable, there is a strict set of governance applied to the definition and use of extensions. Though any implementer can define an extension, there is a set of requirements that SHALL be met as part of the definition of the extension. Applications processing a resource are required to check for modifier extensions.

Modifier extensions SHALL NOT change the meaning of any elements on Resource or DomainResource (including cannot change the meaning of modifierExtension itself).","There can be no stigma associated with the use of extensions by any application, project, or standard - regardless of the institution or jurisdiction that uses or defines the extensions.  The use of extensions is what allows the FHIR specification to retain a core level of simplicity for everyone.","Modifier extensions allow for extensions that *cannot* be safely ignored to be clearly distinguished from the vast majority of extensions which can be safely ignored.  This promotes interoperability by eliminating the need for implementers to prohibit the presence of extensions. For further information, see the [definition of modifier extensions](http://hl7.org/fhir/R4/extensibility.html#modifierExtension).","","","","","","","",,,,,"",,,,"BackboneElement.modifierExtension",0,*,"","ele-1:All FHIR elements must have a @value or children {hasValue() or (children().count() > id.count())}
ext-1:Must have either extensions or value[x], not both {extension.exists() != value.exists()}"
"HNIADLsModel.questions.qdb0b2a30.answer","HNIADLsModel.questions.qdb0b2a30.answer","","","",1,1,"","","","Coding {[]} {[]}
","評估答案","評估答案","","","","","","","","","",,"required","","http://ltc-ig.fhir.tw/ValueSet/hn-vs-15ba9c15ead1","",,,,"HNIADLsModel.questions.qdb0b2a30.answer",1,1,"","","QuestionnaireResponse.item.where(linkId='Questions').item.where(linkId='Questions.qdb0b2a30').item.where(linkId='Questions.qdb0b2a30.Answer')"
"HNIADLsModel.questions.q578f5fe3","HNIADLsModel.questions.q578f5fe3","","","",1,1,"","","","BackboneElement {[]} {[]}
","交通","交通","","","","","","","","","",,,,,"",,,,"HNIADLsModel.questions.q578f5fe3",1,1,"","ele-1:All FHIR elements must have a @value or children {hasValue() or (children().count() > id.count())}
","QuestionnaireResponse.item.where(linkId='Questions').item.where(linkId='Questions.q578f5fe3')"
"HNIADLsModel.questions.q578f5fe3.id","HNIADLsModel.questions.q578f5fe3.id","","","",0,1,"","","","string {[]} {[]}
","Unique id for inter-element referencing","Unique id for the element within a resource (for internal references). This may be any string value that does not contain spaces.","","","","","","","","","",,,,,"",,,,"Element.id",0,1,"",""
"HNIADLsModel.questions.q578f5fe3.extension","HNIADLsModel.questions.q578f5fe3.extension","","extensions
user content","",0,*,"","","","Extension {[]} {[]}
","Additional content defined by implementations","May be used to represent additional information that is not part of the basic definition of the element. To make the use of extensions safe and manageable, there is a strict set of governance  applied to the definition and use of extensions. Though any implementer can define an extension, there is a set of requirements that SHALL be met as part of the definition of the extension.","There can be no stigma associated with the use of extensions by any application, project, or standard - regardless of the institution or jurisdiction that uses or defines the extensions.  The use of extensions is what allows the FHIR specification to retain a core level of simplicity for everyone.","","","","","","","","",,,,,"","value:url}
","Extensions are always sliced by (at least) url",,"open","Element.extension",0,*,"","ele-1:All FHIR elements must have a @value or children {hasValue() or (children().count() > id.count())}
ext-1:Must have either extensions or value[x], not both {extension.exists() != value.exists()}"
"HNIADLsModel.questions.q578f5fe3.modifierExtension","HNIADLsModel.questions.q578f5fe3.modifierExtension","","extensions
user contentmodifiers","",0,*,"","Y","Y","Extension {[]} {[]}
","Extensions that cannot be ignored even if unrecognized","May be used to represent additional information that is not part of the basic definition of the element and that modifies the understanding of the element in which it is contained and/or the understanding of the containing element's descendants. Usually modifier elements provide negation or qualification. To make the use of extensions safe and manageable, there is a strict set of governance applied to the definition and use of extensions. Though any implementer can define an extension, there is a set of requirements that SHALL be met as part of the definition of the extension. Applications processing a resource are required to check for modifier extensions.

Modifier extensions SHALL NOT change the meaning of any elements on Resource or DomainResource (including cannot change the meaning of modifierExtension itself).","There can be no stigma associated with the use of extensions by any application, project, or standard - regardless of the institution or jurisdiction that uses or defines the extensions.  The use of extensions is what allows the FHIR specification to retain a core level of simplicity for everyone.","Modifier extensions allow for extensions that *cannot* be safely ignored to be clearly distinguished from the vast majority of extensions which can be safely ignored.  This promotes interoperability by eliminating the need for implementers to prohibit the presence of extensions. For further information, see the [definition of modifier extensions](http://hl7.org/fhir/R4/extensibility.html#modifierExtension).","","","","","","","",,,,,"",,,,"BackboneElement.modifierExtension",0,*,"","ele-1:All FHIR elements must have a @value or children {hasValue() or (children().count() > id.count())}
ext-1:Must have either extensions or value[x], not both {extension.exists() != value.exists()}"
"HNIADLsModel.questions.q578f5fe3.answer","HNIADLsModel.questions.q578f5fe3.answer","","","",1,1,"","","","Coding {[]} {[]}
","評估答案","評估答案","","","","","","","","","",,"required","","http://ltc-ig.fhir.tw/ValueSet/hn-vs-543807b1d856","",,,,"HNIADLsModel.questions.q578f5fe3.answer",1,1,"","","QuestionnaireResponse.item.where(linkId='Questions').item.where(linkId='Questions.q578f5fe3').item.where(linkId='Questions.q578f5fe3.Answer')"
"HNIADLsModel.questions.q7177787c","HNIADLsModel.questions.q7177787c","","","",1,1,"","","","BackboneElement {[]} {[]}
","電話","電話","","","","","","","","","",,,,,"",,,,"HNIADLsModel.questions.q7177787c",1,1,"","ele-1:All FHIR elements must have a @value or children {hasValue() or (children().count() > id.count())}
","QuestionnaireResponse.item.where(linkId='Questions').item.where(linkId='Questions.q7177787c')"
"HNIADLsModel.questions.q7177787c.id","HNIADLsModel.questions.q7177787c.id","","","",0,1,"","","","string {[]} {[]}
","Unique id for inter-element referencing","Unique id for the element within a resource (for internal references). This may be any string value that does not contain spaces.","","","","","","","","","",,,,,"",,,,"Element.id",0,1,"",""
"HNIADLsModel.questions.q7177787c.extension","HNIADLsModel.questions.q7177787c.extension","","extensions
user content","",0,*,"","","","Extension {[]} {[]}
","Additional content defined by implementations","May be used to represent additional information that is not part of the basic definition of the element. To make the use of extensions safe and manageable, there is a strict set of governance  applied to the definition and use of extensions. Though any implementer can define an extension, there is a set of requirements that SHALL be met as part of the definition of the extension.","There can be no stigma associated with the use of extensions by any application, project, or standard - regardless of the institution or jurisdiction that uses or defines the extensions.  The use of extensions is what allows the FHIR specification to retain a core level of simplicity for everyone.","","","","","","","","",,,,,"","value:url}
","Extensions are always sliced by (at least) url",,"open","Element.extension",0,*,"","ele-1:All FHIR elements must have a @value or children {hasValue() or (children().count() > id.count())}
ext-1:Must have either extensions or value[x], not both {extension.exists() != value.exists()}"
"HNIADLsModel.questions.q7177787c.modifierExtension","HNIADLsModel.questions.q7177787c.modifierExtension","","extensions
user contentmodifiers","",0,*,"","Y","Y","Extension {[]} {[]}
","Extensions that cannot be ignored even if unrecognized","May be used to represent additional information that is not part of the basic definition of the element and that modifies the understanding of the element in which it is contained and/or the understanding of the containing element's descendants. Usually modifier elements provide negation or qualification. To make the use of extensions safe and manageable, there is a strict set of governance applied to the definition and use of extensions. Though any implementer can define an extension, there is a set of requirements that SHALL be met as part of the definition of the extension. Applications processing a resource are required to check for modifier extensions.

Modifier extensions SHALL NOT change the meaning of any elements on Resource or DomainResource (including cannot change the meaning of modifierExtension itself).","There can be no stigma associated with the use of extensions by any application, project, or standard - regardless of the institution or jurisdiction that uses or defines the extensions.  The use of extensions is what allows the FHIR specification to retain a core level of simplicity for everyone.","Modifier extensions allow for extensions that *cannot* be safely ignored to be clearly distinguished from the vast majority of extensions which can be safely ignored.  This promotes interoperability by eliminating the need for implementers to prohibit the presence of extensions. For further information, see the [definition of modifier extensions](http://hl7.org/fhir/R4/extensibility.html#modifierExtension).","","","","","","","",,,,,"",,,,"BackboneElement.modifierExtension",0,*,"","ele-1:All FHIR elements must have a @value or children {hasValue() or (children().count() > id.count())}
ext-1:Must have either extensions or value[x], not both {extension.exists() != value.exists()}"
"HNIADLsModel.questions.q7177787c.answer","HNIADLsModel.questions.q7177787c.answer","","","",1,1,"","","","Coding {[]} {[]}
","評估答案","評估答案","","","","","","","","","",,"required","","http://ltc-ig.fhir.tw/ValueSet/hn-vs-fa9ab3cef6b1","",,,,"HNIADLsModel.questions.q7177787c.answer",1,1,"","","QuestionnaireResponse.item.where(linkId='Questions').item.where(linkId='Questions.q7177787c').item.where(linkId='Questions.q7177787c.Answer')"
"HNIADLsModel.questions.qbd97434e","HNIADLsModel.questions.qbd97434e","","","",1,1,"","","","BackboneElement {[]} {[]}
","洗衣","洗衣","","","","","","","","","",,,,,"",,,,"HNIADLsModel.questions.qbd97434e",1,1,"","ele-1:All FHIR elements must have a @value or children {hasValue() or (children().count() > id.count())}
","QuestionnaireResponse.item.where(linkId='Questions').item.where(linkId='Questions.qbd97434e')"
"HNIADLsModel.questions.qbd97434e.id","HNIADLsModel.questions.qbd97434e.id","","","",0,1,"","","","string {[]} {[]}
","Unique id for inter-element referencing","Unique id for the element within a resource (for internal references). This may be any string value that does not contain spaces.","","","","","","","","","",,,,,"",,,,"Element.id",0,1,"",""
"HNIADLsModel.questions.qbd97434e.extension","HNIADLsModel.questions.qbd97434e.extension","","extensions
user content","",0,*,"","","","Extension {[]} {[]}
","Additional content defined by implementations","May be used to represent additional information that is not part of the basic definition of the element. To make the use of extensions safe and manageable, there is a strict set of governance  applied to the definition and use of extensions. Though any implementer can define an extension, there is a set of requirements that SHALL be met as part of the definition of the extension.","There can be no stigma associated with the use of extensions by any application, project, or standard - regardless of the institution or jurisdiction that uses or defines the extensions.  The use of extensions is what allows the FHIR specification to retain a core level of simplicity for everyone.","","","","","","","","",,,,,"","value:url}
","Extensions are always sliced by (at least) url",,"open","Element.extension",0,*,"","ele-1:All FHIR elements must have a @value or children {hasValue() or (children().count() > id.count())}
ext-1:Must have either extensions or value[x], not both {extension.exists() != value.exists()}"
"HNIADLsModel.questions.qbd97434e.modifierExtension","HNIADLsModel.questions.qbd97434e.modifierExtension","","extensions
user contentmodifiers","",0,*,"","Y","Y","Extension {[]} {[]}
","Extensions that cannot be ignored even if unrecognized","May be used to represent additional information that is not part of the basic definition of the element and that modifies the understanding of the element in which it is contained and/or the understanding of the containing element's descendants. Usually modifier elements provide negation or qualification. To make the use of extensions safe and manageable, there is a strict set of governance applied to the definition and use of extensions. Though any implementer can define an extension, there is a set of requirements that SHALL be met as part of the definition of the extension. Applications processing a resource are required to check for modifier extensions.

Modifier extensions SHALL NOT change the meaning of any elements on Resource or DomainResource (including cannot change the meaning of modifierExtension itself).","There can be no stigma associated with the use of extensions by any application, project, or standard - regardless of the institution or jurisdiction that uses or defines the extensions.  The use of extensions is what allows the FHIR specification to retain a core level of simplicity for everyone.","Modifier extensions allow for extensions that *cannot* be safely ignored to be clearly distinguished from the vast majority of extensions which can be safely ignored.  This promotes interoperability by eliminating the need for implementers to prohibit the presence of extensions. For further information, see the [definition of modifier extensions](http://hl7.org/fhir/R4/extensibility.html#modifierExtension).","","","","","","","",,,,,"",,,,"BackboneElement.modifierExtension",0,*,"","ele-1:All FHIR elements must have a @value or children {hasValue() or (children().count() > id.count())}
ext-1:Must have either extensions or value[x], not both {extension.exists() != value.exists()}"
"HNIADLsModel.questions.qbd97434e.answer","HNIADLsModel.questions.qbd97434e.answer","","","",1,1,"","","","Coding {[]} {[]}
","評估答案","評估答案","","","","","","","","","",,"required","","http://ltc-ig.fhir.tw/ValueSet/hn-vs-3435e7a5a84d","",,,,"HNIADLsModel.questions.qbd97434e.answer",1,1,"","","QuestionnaireResponse.item.where(linkId='Questions').item.where(linkId='Questions.qbd97434e').item.where(linkId='Questions.qbd97434e.Answer')"
"HNIADLsModel.questions.q62f790cc","HNIADLsModel.questions.q62f790cc","","","",1,1,"","","","BackboneElement {[]} {[]}
","服藥","服藥","","","","","","","","","",,,,,"",,,,"HNIADLsModel.questions.q62f790cc",1,1,"","ele-1:All FHIR elements must have a @value or children {hasValue() or (children().count() > id.count())}
","QuestionnaireResponse.item.where(linkId='Questions').item.where(linkId='Questions.q62f790cc')"
"HNIADLsModel.questions.q62f790cc.id","HNIADLsModel.questions.q62f790cc.id","","","",0,1,"","","","string {[]} {[]}
","Unique id for inter-element referencing","Unique id for the element within a resource (for internal references). This may be any string value that does not contain spaces.","","","","","","","","","",,,,,"",,,,"Element.id",0,1,"",""
"HNIADLsModel.questions.q62f790cc.extension","HNIADLsModel.questions.q62f790cc.extension","","extensions
user content","",0,*,"","","","Extension {[]} {[]}
","Additional content defined by implementations","May be used to represent additional information that is not part of the basic definition of the element. To make the use of extensions safe and manageable, there is a strict set of governance  applied to the definition and use of extensions. Though any implementer can define an extension, there is a set of requirements that SHALL be met as part of the definition of the extension.","There can be no stigma associated with the use of extensions by any application, project, or standard - regardless of the institution or jurisdiction that uses or defines the extensions.  The use of extensions is what allows the FHIR specification to retain a core level of simplicity for everyone.","","","","","","","","",,,,,"","value:url}
","Extensions are always sliced by (at least) url",,"open","Element.extension",0,*,"","ele-1:All FHIR elements must have a @value or children {hasValue() or (children().count() > id.count())}
ext-1:Must have either extensions or value[x], not both {extension.exists() != value.exists()}"
"HNIADLsModel.questions.q62f790cc.modifierExtension","HNIADLsModel.questions.q62f790cc.modifierExtension","","extensions
user contentmodifiers","",0,*,"","Y","Y","Extension {[]} {[]}
","Extensions that cannot be ignored even if unrecognized","May be used to represent additional information that is not part of the basic definition of the element and that modifies the understanding of the element in which it is contained and/or the understanding of the containing element's descendants. Usually modifier elements provide negation or qualification. To make the use of extensions safe and manageable, there is a strict set of governance applied to the definition and use of extensions. Though any implementer can define an extension, there is a set of requirements that SHALL be met as part of the definition of the extension. Applications processing a resource are required to check for modifier extensions.

Modifier extensions SHALL NOT change the meaning of any elements on Resource or DomainResource (including cannot change the meaning of modifierExtension itself).","There can be no stigma associated with the use of extensions by any application, project, or standard - regardless of the institution or jurisdiction that uses or defines the extensions.  The use of extensions is what allows the FHIR specification to retain a core level of simplicity for everyone.","Modifier extensions allow for extensions that *cannot* be safely ignored to be clearly distinguished from the vast majority of extensions which can be safely ignored.  This promotes interoperability by eliminating the need for implementers to prohibit the presence of extensions. For further information, see the [definition of modifier extensions](http://hl7.org/fhir/R4/extensibility.html#modifierExtension).","","","","","","","",,,,,"",,,,"BackboneElement.modifierExtension",0,*,"","ele-1:All FHIR elements must have a @value or children {hasValue() or (children().count() > id.count())}
ext-1:Must have either extensions or value[x], not both {extension.exists() != value.exists()}"
"HNIADLsModel.questions.q62f790cc.answer","HNIADLsModel.questions.q62f790cc.answer","","","",1,1,"","","","Coding {[]} {[]}
","評估答案","評估答案","","","","","","","","","",,"required","","http://ltc-ig.fhir.tw/ValueSet/hn-vs-1c0dbbd93870","",,,,"HNIADLsModel.questions.q62f790cc.answer",1,1,"","","QuestionnaireResponse.item.where(linkId='Questions').item.where(linkId='Questions.q62f790cc').item.where(linkId='Questions.q62f790cc.Answer')"
"HNIADLsModel.isTemporary","HNIADLsModel.isTemporary","","","",0,1,"","","","Coding {[]} {[]}
","是否暫存","是否暫存","","","","","","","","","",,"required","","http://ltc-ig.fhir.tw/ValueSet/hn-vs-58e4d598f859","",,,,"HNIADLsModel.isTemporary",0,1,"","","QuestionnaireResponse.item.where(linkId='IsTemporary')"
