"Id","Path","Slice Name","Alias(s)","Label","Min","Max","Must Support?","Is Modifier?","Is Summary?","Type(s)","Short","Definition","Comments","Requirements","Default Value","Meaning When Missing","Fixed Value","Pattern","Example","Minimum Value","Maximum Value","Maximum Length","Binding Strength","Binding Description","Binding Value Set","Code","Slicing Discriminator","Slicing Description","Slicing Ordered","Slicing Rules","Base Path","Base Min","Base Max","Condition(s)","Constraint(s)","Mapping: 居家護理－照護計畫結案欄位對應"
"HNCarePlanCloseModel","HNCarePlanCloseModel","","","",0,*,"","","","null {[]} {[]}
","居家護理－照護計畫結案邏輯模型","描述居家護理照護計畫結案的資料需求。依 V5.0.16 有效欄位建立，來源欄位對應另列於 Mapping。","","","","","","","","","",,,,,"",,,,"Base",0,*,"",""
"HNCarePlanCloseModel.caseID","HNCarePlanCloseModel.caseID","","","",1,1,"","","","string {[]} {[]}
","個案身分證字號","個案身分證字號","","","","","","","","","",,,,,"",,,,"HNCarePlanCloseModel.caseID",1,1,"","","QuestionnaireResponse.item.where(linkId='CaseID')"
"HNCarePlanCloseModel.endDate","HNCarePlanCloseModel.endDate","","","",1,1,"","","","date {[]} {[]}
","收案日期","收案日期","","","","","","","","","",,,,,"",,,,"HNCarePlanCloseModel.endDate",1,1,"","","QuestionnaireResponse.item.where(linkId='EndDate')"
"HNCarePlanCloseModel.summaryCreateDate","HNCarePlanCloseModel.summaryCreateDate","","","",1,1,"","","","date {[]} {[]}
","需求摘要評估日期","需求摘要評估日期","","","","","","","","","",,,,,"",,,,"HNCarePlanCloseModel.summaryCreateDate",1,1,"","","QuestionnaireResponse.item.where(linkId='SummaryCreateDate')"
"HNCarePlanCloseModel.summary","HNCarePlanCloseModel.summary","","","",1,1,"","","","string {[]} {[]}
","需求摘要項目","需求摘要項目","","","","","","","","","",,,,,"",,,,"HNCarePlanCloseModel.summary",1,1,"","","QuestionnaireResponse.item.where(linkId='Summary')"
"HNCarePlanCloseModel.summaryAnswer","HNCarePlanCloseModel.summaryAnswer","","","",1,1,"","","","string {[]} {[]}
","需求摘要備註","需求摘要備註","","","","","","","","","",,,,,"",,,,"HNCarePlanCloseModel.summaryAnswer",1,1,"","","QuestionnaireResponse.item.where(linkId='SummaryAnswer')"
"HNCarePlanCloseModel.targetStatement","HNCarePlanCloseModel.targetStatement","","","",1,1,"","","","string {[]} {[]}
","目標描述","目標描述","","","","","","","","","",,,,,"",,,,"HNCarePlanCloseModel.targetStatement",1,1,"","","QuestionnaireResponse.item.where(linkId='TargetStatement')"
"HNCarePlanCloseModel.targetCreateDate","HNCarePlanCloseModel.targetCreateDate","","","",1,1,"","","","date {[]} {[]}
","目標建立日期","目標建立日期","","","","","","","","","",,,,,"",,,,"HNCarePlanCloseModel.targetCreateDate",1,1,"","","QuestionnaireResponse.item.where(linkId='TargetCreateDate')"
"HNCarePlanCloseModel.closeDate","HNCarePlanCloseModel.closeDate","","","",0,1,"","","","date {[]} {[]}
","結案日期","結案日期","","","","","","","","","",,,,,"",,,,"HNCarePlanCloseModel.closeDate",0,1,"","","QuestionnaireResponse.item.where(linkId='CloseDate')"
"HNCarePlanCloseModel.closeID","HNCarePlanCloseModel.closeID","","","",0,1,"","","","string {[]} {[]}
","結案護理人員身分證字號","結案護理人員身分證字號","","","","","","","","","",,,,,"",,,,"HNCarePlanCloseModel.closeID",0,1,"","","QuestionnaireResponse.item.where(linkId='CloseID')"
