"Id","Path","Slice Name","Alias(s)","Label","Min","Max","Must Support?","Is Modifier?","Is Summary?","Type(s)","Short","Definition","Comments","Requirements","Default Value","Meaning When Missing","Fixed Value","Pattern","Example","Minimum Value","Maximum Value","Maximum Length","Binding Strength","Binding Description","Binding Value Set","Code","Slicing Discriminator","Slicing Description","Slicing Ordered","Slicing Rules","Base Path","Base Min","Base Max","Condition(s)","Constraint(s)","Mapping: 居家護理－照護紀錄欄位對應"
"HNCareRecordModel","HNCareRecordModel","","","",0,*,"","","","null {[]} {[]}
","居家護理－照護紀錄邏輯模型","描述居家護理照護紀錄的資料需求。依 V5.0.16 有效欄位建立，來源欄位對應另列於 Mapping。","","","","","","","","","",,,,,"",,,,"Base",0,*,"",""
"HNCareRecordModel.caseID","HNCareRecordModel.caseID","","","",1,1,"","","","string {[]} {[]}
","個案身分證字號","個案身分證字號","","","","","","","","","",,,,,"",,,,"HNCareRecordModel.caseID",1,1,"","","QuestionnaireResponse.item.where(linkId='CaseID')"
"HNCareRecordModel.endDate","HNCareRecordModel.endDate","","","",1,1,"","","","date {[]} {[]}
","收案日期","收案日期","","","","","","","","","",,,,,"",,,,"HNCareRecordModel.endDate",1,1,"","","QuestionnaireResponse.item.where(linkId='EndDate')"
"HNCareRecordModel.date","HNCareRecordModel.date","","","",1,1,"","","","date {[]} {[]}
","紀錄日期","紀錄日期","","","","","","","","","",,,,,"",,,,"HNCareRecordModel.date",1,1,"","","QuestionnaireResponse.item.where(linkId='Date')"
"HNCareRecordModel.nurseID","HNCareRecordModel.nurseID","","","",1,1,"","","","string {[]} {[]}
","護理人員身分證字號","護理人員身分證字號","","","","","","","","","",,,,,"",,,,"HNCareRecordModel.nurseID",1,1,"","","QuestionnaireResponse.item.where(linkId='NurseID')"
"HNCareRecordModel.time","HNCareRecordModel.time","","","",1,1,"","","","time {[]} {[]}
","照護開始時間","照護開始時間","","","","","","","","","",,,,,"",,,,"HNCareRecordModel.time",1,1,"","","QuestionnaireResponse.item.where(linkId='Time')"
"HNCareRecordModel.time2","HNCareRecordModel.time2","","","",1,1,"","","","time {[]} {[]}
","照護結束時間","照護結束時間","","","","","","","","","",,,,,"",,,,"HNCareRecordModel.time2",1,1,"","","QuestionnaireResponse.item.where(linkId='Time2')"
"HNCareRecordModel.recordSource","HNCareRecordModel.recordSource","","","",1,1,"","","","BackboneElement {[]} {[]}
","紀錄來源","紀錄來源","","","","","","","","","",,,,,"",,,,"HNCareRecordModel.recordSource",1,1,"","ele-1:All FHIR elements must have a @value or children {hasValue() or (children().count() > id.count())}
","QuestionnaireResponse.item.where(linkId='RecordSource')"
"HNCareRecordModel.recordSource.id","HNCareRecordModel.recordSource.id","","","",0,1,"","","","string {[]} {[]}
","Unique id for inter-element referencing","Unique id for the element within a resource (for internal references). This may be any string value that does not contain spaces.","","","","","","","","","",,,,,"",,,,"Element.id",0,1,"",""
"HNCareRecordModel.recordSource.extension","HNCareRecordModel.recordSource.extension","","extensions
user content","",0,*,"","","","Extension {[]} {[]}
","Additional content defined by implementations","May be used to represent additional information that is not part of the basic definition of the element. To make the use of extensions safe and manageable, there is a strict set of governance  applied to the definition and use of extensions. Though any implementer can define an extension, there is a set of requirements that SHALL be met as part of the definition of the extension.","There can be no stigma associated with the use of extensions by any application, project, or standard - regardless of the institution or jurisdiction that uses or defines the extensions.  The use of extensions is what allows the FHIR specification to retain a core level of simplicity for everyone.","","","","","","","","",,,,,"","value:url}
","Extensions are always sliced by (at least) url",,"open","Element.extension",0,*,"","ele-1:All FHIR elements must have a @value or children {hasValue() or (children().count() > id.count())}
ext-1:Must have either extensions or value[x], not both {extension.exists() != value.exists()}"
"HNCareRecordModel.recordSource.modifierExtension","HNCareRecordModel.recordSource.modifierExtension","","extensions
user contentmodifiers","",0,*,"","Y","Y","Extension {[]} {[]}
","Extensions that cannot be ignored even if unrecognized","May be used to represent additional information that is not part of the basic definition of the element and that modifies the understanding of the element in which it is contained and/or the understanding of the containing element's descendants. Usually modifier elements provide negation or qualification. To make the use of extensions safe and manageable, there is a strict set of governance applied to the definition and use of extensions. Though any implementer can define an extension, there is a set of requirements that SHALL be met as part of the definition of the extension. Applications processing a resource are required to check for modifier extensions.

Modifier extensions SHALL NOT change the meaning of any elements on Resource or DomainResource (including cannot change the meaning of modifierExtension itself).","There can be no stigma associated with the use of extensions by any application, project, or standard - regardless of the institution or jurisdiction that uses or defines the extensions.  The use of extensions is what allows the FHIR specification to retain a core level of simplicity for everyone.","Modifier extensions allow for extensions that *cannot* be safely ignored to be clearly distinguished from the vast majority of extensions which can be safely ignored.  This promotes interoperability by eliminating the need for implementers to prohibit the presence of extensions. For further information, see the [definition of modifier extensions](http://hl7.org/fhir/R4/extensibility.html#modifierExtension).","","","","","","","",,,,,"",,,,"BackboneElement.modifierExtension",0,*,"","ele-1:All FHIR elements must have a @value or children {hasValue() or (children().count() > id.count())}
ext-1:Must have either extensions or value[x], not both {extension.exists() != value.exists()}"
"HNCareRecordModel.recordSource.value","HNCareRecordModel.recordSource.value","","","",1,1,"","","","Coding {[]} {[]}
","選項","選項","","","","","","","","","",,"required","","http://ltc-ig.fhir.tw/ValueSet/hn-vs-04e9c37073f4","",,,,"HNCareRecordModel.recordSource.value",1,1,"","","QuestionnaireResponse.item.where(linkId='RecordSource').item.where(linkId='RecordSource.Value')"
"HNCareRecordModel.recordSource.other","HNCareRecordModel.recordSource.other","","","",0,1,"","","","string {[]} {[]}
","補充說明","補充說明。選擇其他時應填寫說明。","","","","","","","","","",,,,,"",,,,"HNCareRecordModel.recordSource.other",0,1,"","","QuestionnaireResponse.item.where(linkId='RecordSource').item.where(linkId='RecordSource.Other')"
"HNCareRecordModel.height","HNCareRecordModel.height","","","",0,1,"","","","decimal {[]} {[]}
","身高（公分）","身高（公分）。0 至 200，至小數一位。","","","","","","","","<valueDecimal xmlns=""http://hl7.org/fhir"" value=""0""/>","<valueDecimal xmlns=""http://hl7.org/fhir"" value=""200""/>",,,,,"",,,,"HNCareRecordModel.height",0,1,"","","QuestionnaireResponse.item.where(linkId='Height')"
"HNCareRecordModel.weight","HNCareRecordModel.weight","","","",0,1,"","","","decimal {[]} {[]}
","體重（公斤）","體重（公斤）。0 至 200，至小數一位。","","","","","","","","<valueDecimal xmlns=""http://hl7.org/fhir"" value=""0""/>","<valueDecimal xmlns=""http://hl7.org/fhir"" value=""200""/>",,,,,"",,,,"HNCareRecordModel.weight",0,1,"","","QuestionnaireResponse.item.where(linkId='Weight')"
"HNCareRecordModel.bMI","HNCareRecordModel.bMI","","","",0,1,"","","","decimal {[]} {[]}
","身體質量指數","身體質量指數。0 至 200，至小數一位。","","","","","","","","<valueDecimal xmlns=""http://hl7.org/fhir"" value=""0""/>","<valueDecimal xmlns=""http://hl7.org/fhir"" value=""200""/>",,,,,"",,,,"HNCareRecordModel.bMI",0,1,"","","QuestionnaireResponse.item.where(linkId='BMI')"
"HNCareRecordModel.armW","HNCareRecordModel.armW","","","",0,1,"","","","decimal {[]} {[]}
","臂中圍（公分）","臂中圍（公分）。0 至 200，至小數一位。","","","","","","","","<valueDecimal xmlns=""http://hl7.org/fhir"" value=""0""/>","<valueDecimal xmlns=""http://hl7.org/fhir"" value=""200""/>",,,,,"",,,,"HNCareRecordModel.armW",0,1,"","","QuestionnaireResponse.item.where(linkId='ArmW')"
"HNCareRecordModel.legW","HNCareRecordModel.legW","","","",0,1,"","","","decimal {[]} {[]}
","小腿圍（公分）","小腿圍（公分）。0 至 200，至小數一位。","","","","","","","","<valueDecimal xmlns=""http://hl7.org/fhir"" value=""0""/>","<valueDecimal xmlns=""http://hl7.org/fhir"" value=""200""/>",,,,,"",,,,"HNCareRecordModel.legW",0,1,"","","QuestionnaireResponse.item.where(linkId='LegW')"
"HNCareRecordModel.live","HNCareRecordModel.live","","","",1,1,"","","","BackboneElement {[]} {[]}
","居住所","居住所","","","","","","","","","",,,,,"",,,,"HNCareRecordModel.live",1,1,"","ele-1:All FHIR elements must have a @value or children {hasValue() or (children().count() > id.count())}
","QuestionnaireResponse.item.where(linkId='Live')"
"HNCareRecordModel.live.id","HNCareRecordModel.live.id","","","",0,1,"","","","string {[]} {[]}
","Unique id for inter-element referencing","Unique id for the element within a resource (for internal references). This may be any string value that does not contain spaces.","","","","","","","","","",,,,,"",,,,"Element.id",0,1,"",""
"HNCareRecordModel.live.extension","HNCareRecordModel.live.extension","","extensions
user content","",0,*,"","","","Extension {[]} {[]}
","Additional content defined by implementations","May be used to represent additional information that is not part of the basic definition of the element. To make the use of extensions safe and manageable, there is a strict set of governance  applied to the definition and use of extensions. Though any implementer can define an extension, there is a set of requirements that SHALL be met as part of the definition of the extension.","There can be no stigma associated with the use of extensions by any application, project, or standard - regardless of the institution or jurisdiction that uses or defines the extensions.  The use of extensions is what allows the FHIR specification to retain a core level of simplicity for everyone.","","","","","","","","",,,,,"","value:url}
","Extensions are always sliced by (at least) url",,"open","Element.extension",0,*,"","ele-1:All FHIR elements must have a @value or children {hasValue() or (children().count() > id.count())}
ext-1:Must have either extensions or value[x], not both {extension.exists() != value.exists()}"
"HNCareRecordModel.live.modifierExtension","HNCareRecordModel.live.modifierExtension","","extensions
user contentmodifiers","",0,*,"","Y","Y","Extension {[]} {[]}
","Extensions that cannot be ignored even if unrecognized","May be used to represent additional information that is not part of the basic definition of the element and that modifies the understanding of the element in which it is contained and/or the understanding of the containing element's descendants. Usually modifier elements provide negation or qualification. To make the use of extensions safe and manageable, there is a strict set of governance applied to the definition and use of extensions. Though any implementer can define an extension, there is a set of requirements that SHALL be met as part of the definition of the extension. Applications processing a resource are required to check for modifier extensions.

Modifier extensions SHALL NOT change the meaning of any elements on Resource or DomainResource (including cannot change the meaning of modifierExtension itself).","There can be no stigma associated with the use of extensions by any application, project, or standard - regardless of the institution or jurisdiction that uses or defines the extensions.  The use of extensions is what allows the FHIR specification to retain a core level of simplicity for everyone.","Modifier extensions allow for extensions that *cannot* be safely ignored to be clearly distinguished from the vast majority of extensions which can be safely ignored.  This promotes interoperability by eliminating the need for implementers to prohibit the presence of extensions. For further information, see the [definition of modifier extensions](http://hl7.org/fhir/R4/extensibility.html#modifierExtension).","","","","","","","",,,,,"",,,,"BackboneElement.modifierExtension",0,*,"","ele-1:All FHIR elements must have a @value or children {hasValue() or (children().count() > id.count())}
ext-1:Must have either extensions or value[x], not both {extension.exists() != value.exists()}"
"HNCareRecordModel.live.value","HNCareRecordModel.live.value","","","",1,1,"","","","Coding {[]} {[]}
","選項","選項","","","","","","","","","",,"required","","http://ltc-ig.fhir.tw/ValueSet/hn-vs-d93b34f7b736","",,,,"HNCareRecordModel.live.value",1,1,"","","QuestionnaireResponse.item.where(linkId='Live').item.where(linkId='Live.Value')"
"HNCareRecordModel.live.other","HNCareRecordModel.live.other","","","",0,1,"","","","string {[]} {[]}
","補充說明","補充說明。選擇其他時應填寫說明。","","","","","","","","","",,,,,"",,,,"HNCareRecordModel.live.other",0,1,"","","QuestionnaireResponse.item.where(linkId='Live').item.where(linkId='Live.Other')"
"HNCareRecordModel.liveArea","HNCareRecordModel.liveArea","","","",1,1,"","","","BackboneElement {[]} {[]}
","居住區域","居住區域","","","","","","","","","",,,,,"",,,,"HNCareRecordModel.liveArea",1,1,"","ele-1:All FHIR elements must have a @value or children {hasValue() or (children().count() > id.count())}
","QuestionnaireResponse.item.where(linkId='LiveArea')"
"HNCareRecordModel.liveArea.id","HNCareRecordModel.liveArea.id","","","",0,1,"","","","string {[]} {[]}
","Unique id for inter-element referencing","Unique id for the element within a resource (for internal references). This may be any string value that does not contain spaces.","","","","","","","","","",,,,,"",,,,"Element.id",0,1,"",""
"HNCareRecordModel.liveArea.extension","HNCareRecordModel.liveArea.extension","","extensions
user content","",0,*,"","","","Extension {[]} {[]}
","Additional content defined by implementations","May be used to represent additional information that is not part of the basic definition of the element. To make the use of extensions safe and manageable, there is a strict set of governance  applied to the definition and use of extensions. Though any implementer can define an extension, there is a set of requirements that SHALL be met as part of the definition of the extension.","There can be no stigma associated with the use of extensions by any application, project, or standard - regardless of the institution or jurisdiction that uses or defines the extensions.  The use of extensions is what allows the FHIR specification to retain a core level of simplicity for everyone.","","","","","","","","",,,,,"","value:url}
","Extensions are always sliced by (at least) url",,"open","Element.extension",0,*,"","ele-1:All FHIR elements must have a @value or children {hasValue() or (children().count() > id.count())}
ext-1:Must have either extensions or value[x], not both {extension.exists() != value.exists()}"
"HNCareRecordModel.liveArea.modifierExtension","HNCareRecordModel.liveArea.modifierExtension","","extensions
user contentmodifiers","",0,*,"","Y","Y","Extension {[]} {[]}
","Extensions that cannot be ignored even if unrecognized","May be used to represent additional information that is not part of the basic definition of the element and that modifies the understanding of the element in which it is contained and/or the understanding of the containing element's descendants. Usually modifier elements provide negation or qualification. To make the use of extensions safe and manageable, there is a strict set of governance applied to the definition and use of extensions. Though any implementer can define an extension, there is a set of requirements that SHALL be met as part of the definition of the extension. Applications processing a resource are required to check for modifier extensions.

Modifier extensions SHALL NOT change the meaning of any elements on Resource or DomainResource (including cannot change the meaning of modifierExtension itself).","There can be no stigma associated with the use of extensions by any application, project, or standard - regardless of the institution or jurisdiction that uses or defines the extensions.  The use of extensions is what allows the FHIR specification to retain a core level of simplicity for everyone.","Modifier extensions allow for extensions that *cannot* be safely ignored to be clearly distinguished from the vast majority of extensions which can be safely ignored.  This promotes interoperability by eliminating the need for implementers to prohibit the presence of extensions. For further information, see the [definition of modifier extensions](http://hl7.org/fhir/R4/extensibility.html#modifierExtension).","","","","","","","",,,,,"",,,,"BackboneElement.modifierExtension",0,*,"","ele-1:All FHIR elements must have a @value or children {hasValue() or (children().count() > id.count())}
ext-1:Must have either extensions or value[x], not both {extension.exists() != value.exists()}"
"HNCareRecordModel.liveArea.city","HNCareRecordModel.liveArea.city","","","",1,1,"","","","string {[]} {[]}
","縣市","縣市","","","","","","","","","",,,,,"",,,,"HNCareRecordModel.liveArea.city",1,1,"","","QuestionnaireResponse.item.where(linkId='LiveArea').item.where(linkId='LiveArea.City')"
"HNCareRecordModel.liveArea.area","HNCareRecordModel.liveArea.area","","","",1,1,"","","","string {[]} {[]}
","鄉鎮市區","鄉鎮市區","","","","","","","","","",,,,,"",,,,"HNCareRecordModel.liveArea.area",1,1,"","","QuestionnaireResponse.item.where(linkId='LiveArea').item.where(linkId='LiveArea.Area')"
"HNCareRecordModel.useResources","HNCareRecordModel.useResources","","","",0,1,"","","","BackboneElement {[]} {[]}
","使用資源","使用資源","","","","","","","","","",,,,,"",,,,"HNCareRecordModel.useResources",0,1,"","ele-1:All FHIR elements must have a @value or children {hasValue() or (children().count() > id.count())}
","QuestionnaireResponse.item.where(linkId='UseResources')"
"HNCareRecordModel.useResources.id","HNCareRecordModel.useResources.id","","","",0,1,"","","","string {[]} {[]}
","Unique id for inter-element referencing","Unique id for the element within a resource (for internal references). This may be any string value that does not contain spaces.","","","","","","","","","",,,,,"",,,,"Element.id",0,1,"",""
"HNCareRecordModel.useResources.extension","HNCareRecordModel.useResources.extension","","extensions
user content","",0,*,"","","","Extension {[]} {[]}
","Additional content defined by implementations","May be used to represent additional information that is not part of the basic definition of the element. To make the use of extensions safe and manageable, there is a strict set of governance  applied to the definition and use of extensions. Though any implementer can define an extension, there is a set of requirements that SHALL be met as part of the definition of the extension.","There can be no stigma associated with the use of extensions by any application, project, or standard - regardless of the institution or jurisdiction that uses or defines the extensions.  The use of extensions is what allows the FHIR specification to retain a core level of simplicity for everyone.","","","","","","","","",,,,,"","value:url}
","Extensions are always sliced by (at least) url",,"open","Element.extension",0,*,"","ele-1:All FHIR elements must have a @value or children {hasValue() or (children().count() > id.count())}
ext-1:Must have either extensions or value[x], not both {extension.exists() != value.exists()}"
"HNCareRecordModel.useResources.modifierExtension","HNCareRecordModel.useResources.modifierExtension","","extensions
user contentmodifiers","",0,*,"","Y","Y","Extension {[]} {[]}
","Extensions that cannot be ignored even if unrecognized","May be used to represent additional information that is not part of the basic definition of the element and that modifies the understanding of the element in which it is contained and/or the understanding of the containing element's descendants. Usually modifier elements provide negation or qualification. To make the use of extensions safe and manageable, there is a strict set of governance applied to the definition and use of extensions. Though any implementer can define an extension, there is a set of requirements that SHALL be met as part of the definition of the extension. Applications processing a resource are required to check for modifier extensions.

Modifier extensions SHALL NOT change the meaning of any elements on Resource or DomainResource (including cannot change the meaning of modifierExtension itself).","There can be no stigma associated with the use of extensions by any application, project, or standard - regardless of the institution or jurisdiction that uses or defines the extensions.  The use of extensions is what allows the FHIR specification to retain a core level of simplicity for everyone.","Modifier extensions allow for extensions that *cannot* be safely ignored to be clearly distinguished from the vast majority of extensions which can be safely ignored.  This promotes interoperability by eliminating the need for implementers to prohibit the presence of extensions. For further information, see the [definition of modifier extensions](http://hl7.org/fhir/R4/extensibility.html#modifierExtension).","","","","","","","",,,,,"",,,,"BackboneElement.modifierExtension",0,*,"","ele-1:All FHIR elements must have a @value or children {hasValue() or (children().count() > id.count())}
ext-1:Must have either extensions or value[x], not both {extension.exists() != value.exists()}"
"HNCareRecordModel.useResources.values","HNCareRecordModel.useResources.values","","","",0,*,"","","","Coding {[]} {[]}
","選項","選項","","","","","","","","","",,"required","","http://ltc-ig.fhir.tw/ValueSet/hn-vs-38762eb1c742","",,,,"HNCareRecordModel.useResources.values",0,*,"","","QuestionnaireResponse.item.where(linkId='UseResources').item.where(linkId='UseResources.Values')"
"HNCareRecordModel.useResources.other","HNCareRecordModel.useResources.other","","","",0,1,"","","","string {[]} {[]}
","補充說明","補充說明。選擇其他時應填寫說明。","","","","","","","","","",,,,,"",,,,"HNCareRecordModel.useResources.other",0,1,"","","QuestionnaireResponse.item.where(linkId='UseResources').item.where(linkId='UseResources.Other')"
"HNCareRecordModel.serviceItems","HNCareRecordModel.serviceItems","","","",0,1,"","","","BackboneElement {[]} {[]}
","服務項目","服務項目","","","","","","","","","",,,,,"",,,,"HNCareRecordModel.serviceItems",0,1,"","ele-1:All FHIR elements must have a @value or children {hasValue() or (children().count() > id.count())}
","QuestionnaireResponse.item.where(linkId='ServiceItems')"
"HNCareRecordModel.serviceItems.id","HNCareRecordModel.serviceItems.id","","","",0,1,"","","","string {[]} {[]}
","Unique id for inter-element referencing","Unique id for the element within a resource (for internal references). This may be any string value that does not contain spaces.","","","","","","","","","",,,,,"",,,,"Element.id",0,1,"",""
"HNCareRecordModel.serviceItems.extension","HNCareRecordModel.serviceItems.extension","","extensions
user content","",0,*,"","","","Extension {[]} {[]}
","Additional content defined by implementations","May be used to represent additional information that is not part of the basic definition of the element. To make the use of extensions safe and manageable, there is a strict set of governance  applied to the definition and use of extensions. Though any implementer can define an extension, there is a set of requirements that SHALL be met as part of the definition of the extension.","There can be no stigma associated with the use of extensions by any application, project, or standard - regardless of the institution or jurisdiction that uses or defines the extensions.  The use of extensions is what allows the FHIR specification to retain a core level of simplicity for everyone.","","","","","","","","",,,,,"","value:url}
","Extensions are always sliced by (at least) url",,"open","Element.extension",0,*,"","ele-1:All FHIR elements must have a @value or children {hasValue() or (children().count() > id.count())}
ext-1:Must have either extensions or value[x], not both {extension.exists() != value.exists()}"
"HNCareRecordModel.serviceItems.modifierExtension","HNCareRecordModel.serviceItems.modifierExtension","","extensions
user contentmodifiers","",0,*,"","Y","Y","Extension {[]} {[]}
","Extensions that cannot be ignored even if unrecognized","May be used to represent additional information that is not part of the basic definition of the element and that modifies the understanding of the element in which it is contained and/or the understanding of the containing element's descendants. Usually modifier elements provide negation or qualification. To make the use of extensions safe and manageable, there is a strict set of governance applied to the definition and use of extensions. Though any implementer can define an extension, there is a set of requirements that SHALL be met as part of the definition of the extension. Applications processing a resource are required to check for modifier extensions.

Modifier extensions SHALL NOT change the meaning of any elements on Resource or DomainResource (including cannot change the meaning of modifierExtension itself).","There can be no stigma associated with the use of extensions by any application, project, or standard - regardless of the institution or jurisdiction that uses or defines the extensions.  The use of extensions is what allows the FHIR specification to retain a core level of simplicity for everyone.","Modifier extensions allow for extensions that *cannot* be safely ignored to be clearly distinguished from the vast majority of extensions which can be safely ignored.  This promotes interoperability by eliminating the need for implementers to prohibit the presence of extensions. For further information, see the [definition of modifier extensions](http://hl7.org/fhir/R4/extensibility.html#modifierExtension).","","","","","","","",,,,,"",,,,"BackboneElement.modifierExtension",0,*,"","ele-1:All FHIR elements must have a @value or children {hasValue() or (children().count() > id.count())}
ext-1:Must have either extensions or value[x], not both {extension.exists() != value.exists()}"
"HNCareRecordModel.serviceItems.values","HNCareRecordModel.serviceItems.values","","","",0,*,"","","","Coding {[]} {[]}
","選項","選項","","","","","","","","","",,"required","","http://ltc-ig.fhir.tw/ValueSet/hn-vs-c8a0ace9ffad","",,,,"HNCareRecordModel.serviceItems.values",0,*,"","","QuestionnaireResponse.item.where(linkId='ServiceItems').item.where(linkId='ServiceItems.Values')"
"HNCareRecordModel.serviceItems.other","HNCareRecordModel.serviceItems.other","","","",0,1,"","","","string {[]} {[]}
","補充說明","補充說明。選擇其他時應填寫說明。","","","","","","","","","",,,,,"",,,,"HNCareRecordModel.serviceItems.other",0,1,"","","QuestionnaireResponse.item.where(linkId='ServiceItems').item.where(linkId='ServiceItems.Other')"
"HNCareRecordModel.isUnplanned","HNCareRecordModel.isUnplanned","","","",1,1,"","","","Coding {[]} {[]}
","是否非計畫性再住院","是否非計畫性再住院","","","","","","","","","",,"required","","http://ltc-ig.fhir.tw/ValueSet/hn-vs-58e4d598f859","",,,,"HNCareRecordModel.isUnplanned",1,1,"","","QuestionnaireResponse.item.where(linkId='IsUnplanned')"
"HNCareRecordModel.unplanned","HNCareRecordModel.unplanned","","","",0,1,"","","","BackboneElement {[]} {[]}
","非計畫性再住院","非計畫性再住院","","","","","","","","","",,,,,"",,,,"HNCareRecordModel.unplanned",0,1,"","ele-1:All FHIR elements must have a @value or children {hasValue() or (children().count() > id.count())}
","QuestionnaireResponse.item.where(linkId='Unplanned')"
"HNCareRecordModel.unplanned.id","HNCareRecordModel.unplanned.id","","","",0,1,"","","","string {[]} {[]}
","Unique id for inter-element referencing","Unique id for the element within a resource (for internal references). This may be any string value that does not contain spaces.","","","","","","","","","",,,,,"",,,,"Element.id",0,1,"",""
"HNCareRecordModel.unplanned.extension","HNCareRecordModel.unplanned.extension","","extensions
user content","",0,*,"","","","Extension {[]} {[]}
","Additional content defined by implementations","May be used to represent additional information that is not part of the basic definition of the element. To make the use of extensions safe and manageable, there is a strict set of governance  applied to the definition and use of extensions. Though any implementer can define an extension, there is a set of requirements that SHALL be met as part of the definition of the extension.","There can be no stigma associated with the use of extensions by any application, project, or standard - regardless of the institution or jurisdiction that uses or defines the extensions.  The use of extensions is what allows the FHIR specification to retain a core level of simplicity for everyone.","","","","","","","","",,,,,"","value:url}
","Extensions are always sliced by (at least) url",,"open","Element.extension",0,*,"","ele-1:All FHIR elements must have a @value or children {hasValue() or (children().count() > id.count())}
ext-1:Must have either extensions or value[x], not both {extension.exists() != value.exists()}"
"HNCareRecordModel.unplanned.modifierExtension","HNCareRecordModel.unplanned.modifierExtension","","extensions
user contentmodifiers","",0,*,"","Y","Y","Extension {[]} {[]}
","Extensions that cannot be ignored even if unrecognized","May be used to represent additional information that is not part of the basic definition of the element and that modifies the understanding of the element in which it is contained and/or the understanding of the containing element's descendants. Usually modifier elements provide negation or qualification. To make the use of extensions safe and manageable, there is a strict set of governance applied to the definition and use of extensions. Though any implementer can define an extension, there is a set of requirements that SHALL be met as part of the definition of the extension. Applications processing a resource are required to check for modifier extensions.

Modifier extensions SHALL NOT change the meaning of any elements on Resource or DomainResource (including cannot change the meaning of modifierExtension itself).","There can be no stigma associated with the use of extensions by any application, project, or standard - regardless of the institution or jurisdiction that uses or defines the extensions.  The use of extensions is what allows the FHIR specification to retain a core level of simplicity for everyone.","Modifier extensions allow for extensions that *cannot* be safely ignored to be clearly distinguished from the vast majority of extensions which can be safely ignored.  This promotes interoperability by eliminating the need for implementers to prohibit the presence of extensions. For further information, see the [definition of modifier extensions](http://hl7.org/fhir/R4/extensibility.html#modifierExtension).","","","","","","","",,,,,"",,,,"BackboneElement.modifierExtension",0,*,"","ele-1:All FHIR elements must have a @value or children {hasValue() or (children().count() > id.count())}
ext-1:Must have either extensions or value[x], not both {extension.exists() != value.exists()}"
"HNCareRecordModel.unplanned.date","HNCareRecordModel.unplanned.date","","","",1,1,"","","","date {[]} {[]}
","發生日期","發生日期","","","","","","","","","",,,,,"",,,,"HNCareRecordModel.unplanned.date",1,1,"","","QuestionnaireResponse.item.where(linkId='Unplanned').item.where(linkId='Unplanned.Date')"
"HNCareRecordModel.unplanned.time","HNCareRecordModel.unplanned.time","","","",1,1,"","","","Coding {[]} {[]}
","發生時段","發生時段。此事件時段採規範時段選項；不可推定精確發生時間。","","","","","","","","","",,"required","","http://ltc-ig.fhir.tw/ValueSet/hn-vs-7d118ae5ad21","",,,,"HNCareRecordModel.unplanned.time",1,1,"","","QuestionnaireResponse.item.where(linkId='Unplanned').item.where(linkId='Unplanned.Time')"
"HNCareRecordModel.unplanned.statement","HNCareRecordModel.unplanned.statement","","","",1,1,"","","","string {[]} {[]}
","發生原因","發生原因","","","","","","","","","",,,,,"",,,,"HNCareRecordModel.unplanned.statement",1,1,"","","QuestionnaireResponse.item.where(linkId='Unplanned').item.where(linkId='Unplanned.Statement')"
"HNCareRecordModel.isEmergency","HNCareRecordModel.isEmergency","","","",1,1,"","","","Coding {[]} {[]}
","是否使用急診","是否使用急診","","","","","","","","","",,"required","","http://ltc-ig.fhir.tw/ValueSet/hn-vs-58e4d598f859","",,,,"HNCareRecordModel.isEmergency",1,1,"","","QuestionnaireResponse.item.where(linkId='IsEmergency')"
"HNCareRecordModel.emergency","HNCareRecordModel.emergency","","","",0,1,"","","","BackboneElement {[]} {[]}
","使用急診","使用急診","","","","","","","","","",,,,,"",,,,"HNCareRecordModel.emergency",0,1,"","ele-1:All FHIR elements must have a @value or children {hasValue() or (children().count() > id.count())}
","QuestionnaireResponse.item.where(linkId='Emergency')"
"HNCareRecordModel.emergency.id","HNCareRecordModel.emergency.id","","","",0,1,"","","","string {[]} {[]}
","Unique id for inter-element referencing","Unique id for the element within a resource (for internal references). This may be any string value that does not contain spaces.","","","","","","","","","",,,,,"",,,,"Element.id",0,1,"",""
"HNCareRecordModel.emergency.extension","HNCareRecordModel.emergency.extension","","extensions
user content","",0,*,"","","","Extension {[]} {[]}
","Additional content defined by implementations","May be used to represent additional information that is not part of the basic definition of the element. To make the use of extensions safe and manageable, there is a strict set of governance  applied to the definition and use of extensions. Though any implementer can define an extension, there is a set of requirements that SHALL be met as part of the definition of the extension.","There can be no stigma associated with the use of extensions by any application, project, or standard - regardless of the institution or jurisdiction that uses or defines the extensions.  The use of extensions is what allows the FHIR specification to retain a core level of simplicity for everyone.","","","","","","","","",,,,,"","value:url}
","Extensions are always sliced by (at least) url",,"open","Element.extension",0,*,"","ele-1:All FHIR elements must have a @value or children {hasValue() or (children().count() > id.count())}
ext-1:Must have either extensions or value[x], not both {extension.exists() != value.exists()}"
"HNCareRecordModel.emergency.modifierExtension","HNCareRecordModel.emergency.modifierExtension","","extensions
user contentmodifiers","",0,*,"","Y","Y","Extension {[]} {[]}
","Extensions that cannot be ignored even if unrecognized","May be used to represent additional information that is not part of the basic definition of the element and that modifies the understanding of the element in which it is contained and/or the understanding of the containing element's descendants. Usually modifier elements provide negation or qualification. To make the use of extensions safe and manageable, there is a strict set of governance applied to the definition and use of extensions. Though any implementer can define an extension, there is a set of requirements that SHALL be met as part of the definition of the extension. Applications processing a resource are required to check for modifier extensions.

Modifier extensions SHALL NOT change the meaning of any elements on Resource or DomainResource (including cannot change the meaning of modifierExtension itself).","There can be no stigma associated with the use of extensions by any application, project, or standard - regardless of the institution or jurisdiction that uses or defines the extensions.  The use of extensions is what allows the FHIR specification to retain a core level of simplicity for everyone.","Modifier extensions allow for extensions that *cannot* be safely ignored to be clearly distinguished from the vast majority of extensions which can be safely ignored.  This promotes interoperability by eliminating the need for implementers to prohibit the presence of extensions. For further information, see the [definition of modifier extensions](http://hl7.org/fhir/R4/extensibility.html#modifierExtension).","","","","","","","",,,,,"",,,,"BackboneElement.modifierExtension",0,*,"","ele-1:All FHIR elements must have a @value or children {hasValue() or (children().count() > id.count())}
ext-1:Must have either extensions or value[x], not both {extension.exists() != value.exists()}"
"HNCareRecordModel.emergency.date","HNCareRecordModel.emergency.date","","","",1,1,"","","","date {[]} {[]}
","發生日期","發生日期","","","","","","","","","",,,,,"",,,,"HNCareRecordModel.emergency.date",1,1,"","","QuestionnaireResponse.item.where(linkId='Emergency').item.where(linkId='Emergency.Date')"
"HNCareRecordModel.emergency.time","HNCareRecordModel.emergency.time","","","",1,1,"","","","Coding {[]} {[]}
","發生時段","發生時段。此事件時段採規範時段選項；不可推定精確發生時間。","","","","","","","","","",,"required","","http://ltc-ig.fhir.tw/ValueSet/hn-vs-7d118ae5ad21","",,,,"HNCareRecordModel.emergency.time",1,1,"","","QuestionnaireResponse.item.where(linkId='Emergency').item.where(linkId='Emergency.Time')"
"HNCareRecordModel.emergency.statement","HNCareRecordModel.emergency.statement","","","",1,1,"","","","string {[]} {[]}
","發生原因","發生原因","","","","","","","","","",,,,,"",,,,"HNCareRecordModel.emergency.statement",1,1,"","","QuestionnaireResponse.item.where(linkId='Emergency').item.where(linkId='Emergency.Statement')"
"HNCareRecordModel.isSkinDamages","HNCareRecordModel.isSkinDamages","","","",1,1,"","","","Coding {[]} {[]}
","是否皮膚損傷","是否皮膚損傷","","","","","","","","","",,"required","","http://ltc-ig.fhir.tw/ValueSet/hn-vs-58e4d598f859","",,,,"HNCareRecordModel.isSkinDamages",1,1,"","","QuestionnaireResponse.item.where(linkId='IsSkinDamages')"
"HNCareRecordModel.skinDamages","HNCareRecordModel.skinDamages","","","",0,*,"","","","BackboneElement {[]} {[]}
","皮膚損傷","皮膚損傷","","","","","","","","","",,,,,"",,,,"HNCareRecordModel.skinDamages",0,*,"","ele-1:All FHIR elements must have a @value or children {hasValue() or (children().count() > id.count())}
","QuestionnaireResponse.item.where(linkId='SkinDamages')"
"HNCareRecordModel.skinDamages.id","HNCareRecordModel.skinDamages.id","","","",0,1,"","","","string {[]} {[]}
","Unique id for inter-element referencing","Unique id for the element within a resource (for internal references). This may be any string value that does not contain spaces.","","","","","","","","","",,,,,"",,,,"Element.id",0,1,"",""
"HNCareRecordModel.skinDamages.extension","HNCareRecordModel.skinDamages.extension","","extensions
user content","",0,*,"","","","Extension {[]} {[]}
","Additional content defined by implementations","May be used to represent additional information that is not part of the basic definition of the element. To make the use of extensions safe and manageable, there is a strict set of governance  applied to the definition and use of extensions. Though any implementer can define an extension, there is a set of requirements that SHALL be met as part of the definition of the extension.","There can be no stigma associated with the use of extensions by any application, project, or standard - regardless of the institution or jurisdiction that uses or defines the extensions.  The use of extensions is what allows the FHIR specification to retain a core level of simplicity for everyone.","","","","","","","","",,,,,"","value:url}
","Extensions are always sliced by (at least) url",,"open","Element.extension",0,*,"","ele-1:All FHIR elements must have a @value or children {hasValue() or (children().count() > id.count())}
ext-1:Must have either extensions or value[x], not both {extension.exists() != value.exists()}"
"HNCareRecordModel.skinDamages.modifierExtension","HNCareRecordModel.skinDamages.modifierExtension","","extensions
user contentmodifiers","",0,*,"","Y","Y","Extension {[]} {[]}
","Extensions that cannot be ignored even if unrecognized","May be used to represent additional information that is not part of the basic definition of the element and that modifies the understanding of the element in which it is contained and/or the understanding of the containing element's descendants. Usually modifier elements provide negation or qualification. To make the use of extensions safe and manageable, there is a strict set of governance applied to the definition and use of extensions. Though any implementer can define an extension, there is a set of requirements that SHALL be met as part of the definition of the extension. Applications processing a resource are required to check for modifier extensions.

Modifier extensions SHALL NOT change the meaning of any elements on Resource or DomainResource (including cannot change the meaning of modifierExtension itself).","There can be no stigma associated with the use of extensions by any application, project, or standard - regardless of the institution or jurisdiction that uses or defines the extensions.  The use of extensions is what allows the FHIR specification to retain a core level of simplicity for everyone.","Modifier extensions allow for extensions that *cannot* be safely ignored to be clearly distinguished from the vast majority of extensions which can be safely ignored.  This promotes interoperability by eliminating the need for implementers to prohibit the presence of extensions. For further information, see the [definition of modifier extensions](http://hl7.org/fhir/R4/extensibility.html#modifierExtension).","","","","","","","",,,,,"",,,,"BackboneElement.modifierExtension",0,*,"","ele-1:All FHIR elements must have a @value or children {hasValue() or (children().count() > id.count())}
ext-1:Must have either extensions or value[x], not both {extension.exists() != value.exists()}"
"HNCareRecordModel.skinDamages.date","HNCareRecordModel.skinDamages.date","","","",1,1,"","","","date {[]} {[]}
","發生日期","發生日期","","","","","","","","","",,,,,"",,,,"HNCareRecordModel.skinDamages.date",1,1,"","","QuestionnaireResponse.item.where(linkId='SkinDamages').item.where(linkId='SkinDamages.Date')"
"HNCareRecordModel.skinDamages.time","HNCareRecordModel.skinDamages.time","","","",1,1,"","","","Coding {[]} {[]}
","發生時段","發生時段。此事件時段採規範時段選項；不可推定精確發生時間。","","","","","","","","","",,"required","","http://ltc-ig.fhir.tw/ValueSet/hn-vs-7d118ae5ad21","",,,,"HNCareRecordModel.skinDamages.time",1,1,"","","QuestionnaireResponse.item.where(linkId='SkinDamages').item.where(linkId='SkinDamages.Time')"
"HNCareRecordModel.skinDamages.kind","HNCareRecordModel.skinDamages.kind","","","",0,1,"","","","BackboneElement {[]} {[]}
","損傷類型","損傷類型","","","","","","","","","",,,,,"",,,,"HNCareRecordModel.skinDamages.kind",0,1,"","ele-1:All FHIR elements must have a @value or children {hasValue() or (children().count() > id.count())}
","QuestionnaireResponse.item.where(linkId='SkinDamages').item.where(linkId='SkinDamages.Kind')"
"HNCareRecordModel.skinDamages.kind.id","HNCareRecordModel.skinDamages.kind.id","","","",0,1,"","","","string {[]} {[]}
","Unique id for inter-element referencing","Unique id for the element within a resource (for internal references). This may be any string value that does not contain spaces.","","","","","","","","","",,,,,"",,,,"Element.id",0,1,"",""
"HNCareRecordModel.skinDamages.kind.extension","HNCareRecordModel.skinDamages.kind.extension","","extensions
user content","",0,*,"","","","Extension {[]} {[]}
","Additional content defined by implementations","May be used to represent additional information that is not part of the basic definition of the element. To make the use of extensions safe and manageable, there is a strict set of governance  applied to the definition and use of extensions. Though any implementer can define an extension, there is a set of requirements that SHALL be met as part of the definition of the extension.","There can be no stigma associated with the use of extensions by any application, project, or standard - regardless of the institution or jurisdiction that uses or defines the extensions.  The use of extensions is what allows the FHIR specification to retain a core level of simplicity for everyone.","","","","","","","","",,,,,"","value:url}
","Extensions are always sliced by (at least) url",,"open","Element.extension",0,*,"","ele-1:All FHIR elements must have a @value or children {hasValue() or (children().count() > id.count())}
ext-1:Must have either extensions or value[x], not both {extension.exists() != value.exists()}"
"HNCareRecordModel.skinDamages.kind.modifierExtension","HNCareRecordModel.skinDamages.kind.modifierExtension","","extensions
user contentmodifiers","",0,*,"","Y","Y","Extension {[]} {[]}
","Extensions that cannot be ignored even if unrecognized","May be used to represent additional information that is not part of the basic definition of the element and that modifies the understanding of the element in which it is contained and/or the understanding of the containing element's descendants. Usually modifier elements provide negation or qualification. To make the use of extensions safe and manageable, there is a strict set of governance applied to the definition and use of extensions. Though any implementer can define an extension, there is a set of requirements that SHALL be met as part of the definition of the extension. Applications processing a resource are required to check for modifier extensions.

Modifier extensions SHALL NOT change the meaning of any elements on Resource or DomainResource (including cannot change the meaning of modifierExtension itself).","There can be no stigma associated with the use of extensions by any application, project, or standard - regardless of the institution or jurisdiction that uses or defines the extensions.  The use of extensions is what allows the FHIR specification to retain a core level of simplicity for everyone.","Modifier extensions allow for extensions that *cannot* be safely ignored to be clearly distinguished from the vast majority of extensions which can be safely ignored.  This promotes interoperability by eliminating the need for implementers to prohibit the presence of extensions. For further information, see the [definition of modifier extensions](http://hl7.org/fhir/R4/extensibility.html#modifierExtension).","","","","","","","",,,,,"",,,,"BackboneElement.modifierExtension",0,*,"","ele-1:All FHIR elements must have a @value or children {hasValue() or (children().count() > id.count())}
ext-1:Must have either extensions or value[x], not both {extension.exists() != value.exists()}"
"HNCareRecordModel.skinDamages.kind.value","HNCareRecordModel.skinDamages.kind.value","","","",1,1,"","","","Coding {[]} {[]}
","選項","選項","","","","","","","","","",,"required","","http://ltc-ig.fhir.tw/ValueSet/hn-vs-b0ba220a4535","",,,,"HNCareRecordModel.skinDamages.kind.value",1,1,"","","QuestionnaireResponse.item.where(linkId='SkinDamages').item.where(linkId='SkinDamages.Kind').item.where(linkId='SkinDamages.Kind.Value')"
"HNCareRecordModel.skinDamages.kind.other","HNCareRecordModel.skinDamages.kind.other","","","",0,1,"","","","string {[]} {[]}
","補充說明","補充說明。選擇其他時應填寫說明。","","","","","","","","","",,,,,"",,,,"HNCareRecordModel.skinDamages.kind.other",0,1,"","","QuestionnaireResponse.item.where(linkId='SkinDamages').item.where(linkId='SkinDamages.Kind').item.where(linkId='SkinDamages.Kind.Other')"
"HNCareRecordModel.skinDamages.statement","HNCareRecordModel.skinDamages.statement","","","",1,1,"","","","string {[]} {[]}
","發生原因","發生原因","","","","","","","","","",,,,,"",,,,"HNCareRecordModel.skinDamages.statement",1,1,"","","QuestionnaireResponse.item.where(linkId='SkinDamages').item.where(linkId='SkinDamages.Statement')"
"HNCareRecordModel.isEmergencyEvents","HNCareRecordModel.isEmergencyEvents","","","",1,1,"","","","Coding {[]} {[]}
","是否緊急事件","是否緊急事件","","","","","","","","","",,"required","","http://ltc-ig.fhir.tw/ValueSet/hn-vs-58e4d598f859","",,,,"HNCareRecordModel.isEmergencyEvents",1,1,"","","QuestionnaireResponse.item.where(linkId='IsEmergencyEvents')"
"HNCareRecordModel.emergencyEvents","HNCareRecordModel.emergencyEvents","","","",0,*,"","","","BackboneElement {[]} {[]}
","緊急事件","緊急事件","","","","","","","","","",,,,,"",,,,"HNCareRecordModel.emergencyEvents",0,*,"","ele-1:All FHIR elements must have a @value or children {hasValue() or (children().count() > id.count())}
","QuestionnaireResponse.item.where(linkId='EmergencyEvents')"
"HNCareRecordModel.emergencyEvents.id","HNCareRecordModel.emergencyEvents.id","","","",0,1,"","","","string {[]} {[]}
","Unique id for inter-element referencing","Unique id for the element within a resource (for internal references). This may be any string value that does not contain spaces.","","","","","","","","","",,,,,"",,,,"Element.id",0,1,"",""
"HNCareRecordModel.emergencyEvents.extension","HNCareRecordModel.emergencyEvents.extension","","extensions
user content","",0,*,"","","","Extension {[]} {[]}
","Additional content defined by implementations","May be used to represent additional information that is not part of the basic definition of the element. To make the use of extensions safe and manageable, there is a strict set of governance  applied to the definition and use of extensions. Though any implementer can define an extension, there is a set of requirements that SHALL be met as part of the definition of the extension.","There can be no stigma associated with the use of extensions by any application, project, or standard - regardless of the institution or jurisdiction that uses or defines the extensions.  The use of extensions is what allows the FHIR specification to retain a core level of simplicity for everyone.","","","","","","","","",,,,,"","value:url}
","Extensions are always sliced by (at least) url",,"open","Element.extension",0,*,"","ele-1:All FHIR elements must have a @value or children {hasValue() or (children().count() > id.count())}
ext-1:Must have either extensions or value[x], not both {extension.exists() != value.exists()}"
"HNCareRecordModel.emergencyEvents.modifierExtension","HNCareRecordModel.emergencyEvents.modifierExtension","","extensions
user contentmodifiers","",0,*,"","Y","Y","Extension {[]} {[]}
","Extensions that cannot be ignored even if unrecognized","May be used to represent additional information that is not part of the basic definition of the element and that modifies the understanding of the element in which it is contained and/or the understanding of the containing element's descendants. Usually modifier elements provide negation or qualification. To make the use of extensions safe and manageable, there is a strict set of governance applied to the definition and use of extensions. Though any implementer can define an extension, there is a set of requirements that SHALL be met as part of the definition of the extension. Applications processing a resource are required to check for modifier extensions.

Modifier extensions SHALL NOT change the meaning of any elements on Resource or DomainResource (including cannot change the meaning of modifierExtension itself).","There can be no stigma associated with the use of extensions by any application, project, or standard - regardless of the institution or jurisdiction that uses or defines the extensions.  The use of extensions is what allows the FHIR specification to retain a core level of simplicity for everyone.","Modifier extensions allow for extensions that *cannot* be safely ignored to be clearly distinguished from the vast majority of extensions which can be safely ignored.  This promotes interoperability by eliminating the need for implementers to prohibit the presence of extensions. For further information, see the [definition of modifier extensions](http://hl7.org/fhir/R4/extensibility.html#modifierExtension).","","","","","","","",,,,,"",,,,"BackboneElement.modifierExtension",0,*,"","ele-1:All FHIR elements must have a @value or children {hasValue() or (children().count() > id.count())}
ext-1:Must have either extensions or value[x], not both {extension.exists() != value.exists()}"
"HNCareRecordModel.emergencyEvents.emergencyType","HNCareRecordModel.emergencyEvents.emergencyType","","","",1,1,"","","","BackboneElement {[]} {[]}
","事件類型","事件類型","","","","","","","","","",,,,,"",,,,"HNCareRecordModel.emergencyEvents.emergencyType",1,1,"","ele-1:All FHIR elements must have a @value or children {hasValue() or (children().count() > id.count())}
","QuestionnaireResponse.item.where(linkId='EmergencyEvents').item.where(linkId='EmergencyEvents.EmergencyType')"
"HNCareRecordModel.emergencyEvents.emergencyType.id","HNCareRecordModel.emergencyEvents.emergencyType.id","","","",0,1,"","","","string {[]} {[]}
","Unique id for inter-element referencing","Unique id for the element within a resource (for internal references). This may be any string value that does not contain spaces.","","","","","","","","","",,,,,"",,,,"Element.id",0,1,"",""
"HNCareRecordModel.emergencyEvents.emergencyType.extension","HNCareRecordModel.emergencyEvents.emergencyType.extension","","extensions
user content","",0,*,"","","","Extension {[]} {[]}
","Additional content defined by implementations","May be used to represent additional information that is not part of the basic definition of the element. To make the use of extensions safe and manageable, there is a strict set of governance  applied to the definition and use of extensions. Though any implementer can define an extension, there is a set of requirements that SHALL be met as part of the definition of the extension.","There can be no stigma associated with the use of extensions by any application, project, or standard - regardless of the institution or jurisdiction that uses or defines the extensions.  The use of extensions is what allows the FHIR specification to retain a core level of simplicity for everyone.","","","","","","","","",,,,,"","value:url}
","Extensions are always sliced by (at least) url",,"open","Element.extension",0,*,"","ele-1:All FHIR elements must have a @value or children {hasValue() or (children().count() > id.count())}
ext-1:Must have either extensions or value[x], not both {extension.exists() != value.exists()}"
"HNCareRecordModel.emergencyEvents.emergencyType.modifierExtension","HNCareRecordModel.emergencyEvents.emergencyType.modifierExtension","","extensions
user contentmodifiers","",0,*,"","Y","Y","Extension {[]} {[]}
","Extensions that cannot be ignored even if unrecognized","May be used to represent additional information that is not part of the basic definition of the element and that modifies the understanding of the element in which it is contained and/or the understanding of the containing element's descendants. Usually modifier elements provide negation or qualification. To make the use of extensions safe and manageable, there is a strict set of governance applied to the definition and use of extensions. Though any implementer can define an extension, there is a set of requirements that SHALL be met as part of the definition of the extension. Applications processing a resource are required to check for modifier extensions.

Modifier extensions SHALL NOT change the meaning of any elements on Resource or DomainResource (including cannot change the meaning of modifierExtension itself).","There can be no stigma associated with the use of extensions by any application, project, or standard - regardless of the institution or jurisdiction that uses or defines the extensions.  The use of extensions is what allows the FHIR specification to retain a core level of simplicity for everyone.","Modifier extensions allow for extensions that *cannot* be safely ignored to be clearly distinguished from the vast majority of extensions which can be safely ignored.  This promotes interoperability by eliminating the need for implementers to prohibit the presence of extensions. For further information, see the [definition of modifier extensions](http://hl7.org/fhir/R4/extensibility.html#modifierExtension).","","","","","","","",,,,,"",,,,"BackboneElement.modifierExtension",0,*,"","ele-1:All FHIR elements must have a @value or children {hasValue() or (children().count() > id.count())}
ext-1:Must have either extensions or value[x], not both {extension.exists() != value.exists()}"
"HNCareRecordModel.emergencyEvents.emergencyType.value","HNCareRecordModel.emergencyEvents.emergencyType.value","","","",1,1,"","","","Coding {[]} {[]}
","選項","選項","","","","","","","","","",,"required","","http://ltc-ig.fhir.tw/ValueSet/hn-vs-4abebe47a94c","",,,,"HNCareRecordModel.emergencyEvents.emergencyType.value",1,1,"","","QuestionnaireResponse.item.where(linkId='EmergencyEvents').item.where(linkId='EmergencyEvents.EmergencyType').item.where(linkId='EmergencyEvents.EmergencyType.Value')"
"HNCareRecordModel.emergencyEvents.emergencyType.other","HNCareRecordModel.emergencyEvents.emergencyType.other","","","",0,1,"","","","string {[]} {[]}
","補充說明","補充說明。選擇其他時應填寫說明。","","","","","","","","","",,,,,"",,,,"HNCareRecordModel.emergencyEvents.emergencyType.other",0,1,"","","QuestionnaireResponse.item.where(linkId='EmergencyEvents').item.where(linkId='EmergencyEvents.EmergencyType').item.where(linkId='EmergencyEvents.EmergencyType.Other')"
"HNCareRecordModel.emergencyEvents.date","HNCareRecordModel.emergencyEvents.date","","","",1,1,"","","","date {[]} {[]}
","發生日期","發生日期","","","","","","","","","",,,,,"",,,,"HNCareRecordModel.emergencyEvents.date",1,1,"","","QuestionnaireResponse.item.where(linkId='EmergencyEvents').item.where(linkId='EmergencyEvents.Date')"
"HNCareRecordModel.emergencyEvents.time","HNCareRecordModel.emergencyEvents.time","","","",1,1,"","","","Coding {[]} {[]}
","發生時段","發生時段。此事件時段採規範時段選項；不可推定精確發生時間。","","","","","","","","","",,"required","","http://ltc-ig.fhir.tw/ValueSet/hn-vs-7d118ae5ad21","",,,,"HNCareRecordModel.emergencyEvents.time",1,1,"","","QuestionnaireResponse.item.where(linkId='EmergencyEvents').item.where(linkId='EmergencyEvents.Time')"
"HNCareRecordModel.emergencyEvents.reason","HNCareRecordModel.emergencyEvents.reason","","","",1,1,"","","","string {[]} {[]}
","發生原因","發生原因","","","","","","","","","",,,,,"",,,,"HNCareRecordModel.emergencyEvents.reason",1,1,"","","QuestionnaireResponse.item.where(linkId='EmergencyEvents').item.where(linkId='EmergencyEvents.Reason')"
"HNCareRecordModel.emergencyEvents.description","HNCareRecordModel.emergencyEvents.description","","","",1,1,"","","","string {[]} {[]}
","事件描述","事件描述","","","","","","","","","",,,,,"",,,,"HNCareRecordModel.emergencyEvents.description",1,1,"","","QuestionnaireResponse.item.where(linkId='EmergencyEvents').item.where(linkId='EmergencyEvents.Description')"
"HNCareRecordModel.emergencyEvents.process","HNCareRecordModel.emergencyEvents.process","","","",1,1,"","","","string {[]} {[]}
","通報及處理過程","通報及處理過程","","","","","","","","","",,,,,"",,,,"HNCareRecordModel.emergencyEvents.process",1,1,"","","QuestionnaireResponse.item.where(linkId='EmergencyEvents').item.where(linkId='EmergencyEvents.Process')"
"HNCareRecordModel.emergencyEvents.report","HNCareRecordModel.emergencyEvents.report","","","",1,1,"","","","string {[]} {[]}
","檢討紀錄","檢討紀錄","","","","","","","","","",,,,,"",,,,"HNCareRecordModel.emergencyEvents.report",1,1,"","","QuestionnaireResponse.item.where(linkId='EmergencyEvents').item.where(linkId='EmergencyEvents.Report')"
"HNCareRecordModel.emergencyEvents.createID","HNCareRecordModel.emergencyEvents.createID","","","",1,1,"","","","string {[]} {[]}
","照護人員身分證字號","照護人員身分證字號","","","","","","","","","",,,,,"",,,,"HNCareRecordModel.emergencyEvents.createID",1,1,"","","QuestionnaireResponse.item.where(linkId='EmergencyEvents').item.where(linkId='EmergencyEvents.CreateID')"
"HNCareRecordModel.vitalSign","HNCareRecordModel.vitalSign","","","",0,1,"","","","BackboneElement {[]} {[]}
","生命徵象","生命徵象","","","","","","","","","",,,,,"",,,,"HNCareRecordModel.vitalSign",0,1,"","ele-1:All FHIR elements must have a @value or children {hasValue() or (children().count() > id.count())}
","QuestionnaireResponse.item.where(linkId='VitalSign')"
"HNCareRecordModel.vitalSign.id","HNCareRecordModel.vitalSign.id","","","",0,1,"","","","string {[]} {[]}
","Unique id for inter-element referencing","Unique id for the element within a resource (for internal references). This may be any string value that does not contain spaces.","","","","","","","","","",,,,,"",,,,"Element.id",0,1,"",""
"HNCareRecordModel.vitalSign.extension","HNCareRecordModel.vitalSign.extension","","extensions
user content","",0,*,"","","","Extension {[]} {[]}
","Additional content defined by implementations","May be used to represent additional information that is not part of the basic definition of the element. To make the use of extensions safe and manageable, there is a strict set of governance  applied to the definition and use of extensions. Though any implementer can define an extension, there is a set of requirements that SHALL be met as part of the definition of the extension.","There can be no stigma associated with the use of extensions by any application, project, or standard - regardless of the institution or jurisdiction that uses or defines the extensions.  The use of extensions is what allows the FHIR specification to retain a core level of simplicity for everyone.","","","","","","","","",,,,,"","value:url}
","Extensions are always sliced by (at least) url",,"open","Element.extension",0,*,"","ele-1:All FHIR elements must have a @value or children {hasValue() or (children().count() > id.count())}
ext-1:Must have either extensions or value[x], not both {extension.exists() != value.exists()}"
"HNCareRecordModel.vitalSign.modifierExtension","HNCareRecordModel.vitalSign.modifierExtension","","extensions
user contentmodifiers","",0,*,"","Y","Y","Extension {[]} {[]}
","Extensions that cannot be ignored even if unrecognized","May be used to represent additional information that is not part of the basic definition of the element and that modifies the understanding of the element in which it is contained and/or the understanding of the containing element's descendants. Usually modifier elements provide negation or qualification. To make the use of extensions safe and manageable, there is a strict set of governance applied to the definition and use of extensions. Though any implementer can define an extension, there is a set of requirements that SHALL be met as part of the definition of the extension. Applications processing a resource are required to check for modifier extensions.

Modifier extensions SHALL NOT change the meaning of any elements on Resource or DomainResource (including cannot change the meaning of modifierExtension itself).","There can be no stigma associated with the use of extensions by any application, project, or standard - regardless of the institution or jurisdiction that uses or defines the extensions.  The use of extensions is what allows the FHIR specification to retain a core level of simplicity for everyone.","Modifier extensions allow for extensions that *cannot* be safely ignored to be clearly distinguished from the vast majority of extensions which can be safely ignored.  This promotes interoperability by eliminating the need for implementers to prohibit the presence of extensions. For further information, see the [definition of modifier extensions](http://hl7.org/fhir/R4/extensibility.html#modifierExtension).","","","","","","","",,,,,"",,,,"BackboneElement.modifierExtension",0,*,"","ele-1:All FHIR elements must have a @value or children {hasValue() or (children().count() > id.count())}
ext-1:Must have either extensions or value[x], not both {extension.exists() != value.exists()}"
"HNCareRecordModel.vitalSign.date","HNCareRecordModel.vitalSign.date","","","",1,1,"","","","date {[]} {[]}
","量測日期","量測日期","","","","","","","","","",,,,,"",,,,"HNCareRecordModel.vitalSign.date",1,1,"","","QuestionnaireResponse.item.where(linkId='VitalSign').item.where(linkId='VitalSign.Date')"
"HNCareRecordModel.vitalSign.time","HNCareRecordModel.vitalSign.time","","","",1,1,"","","","time {[]} {[]}
","量測時間","量測時間","","","","","","","","","",,,,,"",,,,"HNCareRecordModel.vitalSign.time",1,1,"","","QuestionnaireResponse.item.where(linkId='VitalSign').item.where(linkId='VitalSign.Time')"
"HNCareRecordModel.vitalSign.temperature","HNCareRecordModel.vitalSign.temperature","","","",1,1,"","","","decimal {[]} {[]}
","體溫","體溫。攝氏度。原 API 為字串；填入 0 至 999，至小數一位。","","","","","","","","<valueDecimal xmlns=""http://hl7.org/fhir"" value=""0""/>","<valueDecimal xmlns=""http://hl7.org/fhir"" value=""999""/>",,,,,"",,,,"HNCareRecordModel.vitalSign.temperature",1,1,"","","QuestionnaireResponse.item.where(linkId='VitalSign').item.where(linkId='VitalSign.Temperature')"
"HNCareRecordModel.vitalSign.pulse","HNCareRecordModel.vitalSign.pulse","","","",1,1,"","","","integer {[]} {[]}
","脈搏","脈搏。每分鐘次數，0 至 999。","","","","","","","","<valueInteger xmlns=""http://hl7.org/fhir"" value=""0""/>","<valueInteger xmlns=""http://hl7.org/fhir"" value=""999""/>",,,,,"",,,,"HNCareRecordModel.vitalSign.pulse",1,1,"","","QuestionnaireResponse.item.where(linkId='VitalSign').item.where(linkId='VitalSign.Pulse')"
"HNCareRecordModel.vitalSign.respiration","HNCareRecordModel.vitalSign.respiration","","","",1,1,"","","","integer {[]} {[]}
","呼吸","呼吸。每分鐘次數，0 至 999。","","","","","","","","<valueInteger xmlns=""http://hl7.org/fhir"" value=""0""/>","<valueInteger xmlns=""http://hl7.org/fhir"" value=""999""/>",,,,,"",,,,"HNCareRecordModel.vitalSign.respiration",1,1,"","","QuestionnaireResponse.item.where(linkId='VitalSign').item.where(linkId='VitalSign.Respiration')"
"HNCareRecordModel.vitalSign.bloodPressure1","HNCareRecordModel.vitalSign.bloodPressure1","","","",1,1,"","","","integer {[]} {[]}
","收縮壓","收縮壓。mmHg，0 至 999。","","","","","","","","<valueInteger xmlns=""http://hl7.org/fhir"" value=""0""/>","<valueInteger xmlns=""http://hl7.org/fhir"" value=""999""/>",,,,,"",,,,"HNCareRecordModel.vitalSign.bloodPressure1",1,1,"","","QuestionnaireResponse.item.where(linkId='VitalSign').item.where(linkId='VitalSign.BloodPressure1')"
"HNCareRecordModel.vitalSign.bloodPressure2","HNCareRecordModel.vitalSign.bloodPressure2","","","",1,1,"","","","integer {[]} {[]}
","舒張壓","舒張壓。mmHg，0 至 999。","","","","","","","","<valueInteger xmlns=""http://hl7.org/fhir"" value=""0""/>","<valueInteger xmlns=""http://hl7.org/fhir"" value=""999""/>",,,,,"",,,,"HNCareRecordModel.vitalSign.bloodPressure2",1,1,"","","QuestionnaireResponse.item.where(linkId='VitalSign').item.where(linkId='VitalSign.BloodPressure2')"
"HNCareRecordModel.vitalSign.bloodGlucose","HNCareRecordModel.vitalSign.bloodGlucose","","","",0,1,"","","","integer {[]} {[]}
","血糖","血糖。mg/dL，0 至 999。","","","","","","","","<valueInteger xmlns=""http://hl7.org/fhir"" value=""0""/>","<valueInteger xmlns=""http://hl7.org/fhir"" value=""999""/>",,,,,"",,,,"HNCareRecordModel.vitalSign.bloodGlucose",0,1,"","","QuestionnaireResponse.item.where(linkId='VitalSign').item.where(linkId='VitalSign.BloodGlucose')"
"HNCareRecordModel.vitalSign.bloodOxygen","HNCareRecordModel.vitalSign.bloodOxygen","","","",0,1,"","","","integer {[]} {[]}
","血氧","血氧。百分比，0 至 100。","","","","","","","","<valueInteger xmlns=""http://hl7.org/fhir"" value=""0""/>","<valueInteger xmlns=""http://hl7.org/fhir"" value=""100""/>",,,,,"",,,,"HNCareRecordModel.vitalSign.bloodOxygen",0,1,"","","QuestionnaireResponse.item.where(linkId='VitalSign').item.where(linkId='VitalSign.BloodOxygen')"
"HNCareRecordModel.woundRecords","HNCareRecordModel.woundRecords","","","",0,*,"","","","BackboneElement {[]} {[]}
","傷口紀錄","傷口紀錄","","","","","","","","","",,,,,"",,,,"HNCareRecordModel.woundRecords",0,*,"","ele-1:All FHIR elements must have a @value or children {hasValue() or (children().count() > id.count())}
","QuestionnaireResponse.item.where(linkId='WoundRecords')"
"HNCareRecordModel.woundRecords.id","HNCareRecordModel.woundRecords.id","","","",0,1,"","","","string {[]} {[]}
","Unique id for inter-element referencing","Unique id for the element within a resource (for internal references). This may be any string value that does not contain spaces.","","","","","","","","","",,,,,"",,,,"Element.id",0,1,"",""
"HNCareRecordModel.woundRecords.extension","HNCareRecordModel.woundRecords.extension","","extensions
user content","",0,*,"","","","Extension {[]} {[]}
","Additional content defined by implementations","May be used to represent additional information that is not part of the basic definition of the element. To make the use of extensions safe and manageable, there is a strict set of governance  applied to the definition and use of extensions. Though any implementer can define an extension, there is a set of requirements that SHALL be met as part of the definition of the extension.","There can be no stigma associated with the use of extensions by any application, project, or standard - regardless of the institution or jurisdiction that uses or defines the extensions.  The use of extensions is what allows the FHIR specification to retain a core level of simplicity for everyone.","","","","","","","","",,,,,"","value:url}
","Extensions are always sliced by (at least) url",,"open","Element.extension",0,*,"","ele-1:All FHIR elements must have a @value or children {hasValue() or (children().count() > id.count())}
ext-1:Must have either extensions or value[x], not both {extension.exists() != value.exists()}"
"HNCareRecordModel.woundRecords.modifierExtension","HNCareRecordModel.woundRecords.modifierExtension","","extensions
user contentmodifiers","",0,*,"","Y","Y","Extension {[]} {[]}
","Extensions that cannot be ignored even if unrecognized","May be used to represent additional information that is not part of the basic definition of the element and that modifies the understanding of the element in which it is contained and/or the understanding of the containing element's descendants. Usually modifier elements provide negation or qualification. To make the use of extensions safe and manageable, there is a strict set of governance applied to the definition and use of extensions. Though any implementer can define an extension, there is a set of requirements that SHALL be met as part of the definition of the extension. Applications processing a resource are required to check for modifier extensions.

Modifier extensions SHALL NOT change the meaning of any elements on Resource or DomainResource (including cannot change the meaning of modifierExtension itself).","There can be no stigma associated with the use of extensions by any application, project, or standard - regardless of the institution or jurisdiction that uses or defines the extensions.  The use of extensions is what allows the FHIR specification to retain a core level of simplicity for everyone.","Modifier extensions allow for extensions that *cannot* be safely ignored to be clearly distinguished from the vast majority of extensions which can be safely ignored.  This promotes interoperability by eliminating the need for implementers to prohibit the presence of extensions. For further information, see the [definition of modifier extensions](http://hl7.org/fhir/R4/extensibility.html#modifierExtension).","","","","","","","",,,,,"",,,,"BackboneElement.modifierExtension",0,*,"","ele-1:All FHIR elements must have a @value or children {hasValue() or (children().count() > id.count())}
ext-1:Must have either extensions or value[x], not both {extension.exists() != value.exists()}"
"HNCareRecordModel.woundRecords.part","HNCareRecordModel.woundRecords.part","","","",1,1,"","","","string {[]} {[]}
","傷口部位","傷口部位","","","","","","","","","",,,,,"",,,,"HNCareRecordModel.woundRecords.part",1,1,"","","QuestionnaireResponse.item.where(linkId='WoundRecords').item.where(linkId='WoundRecords.Part')"
"HNCareRecordModel.woundRecords.length","HNCareRecordModel.woundRecords.length","","","",1,1,"","","","decimal {[]} {[]}
","傷口長度","傷口長度。原規範未明訂單位，不自行指定。壓傷無法分期時可無數值。","","","","","","","","<valueDecimal xmlns=""http://hl7.org/fhir"" value=""0""/>","",,,,,"",,,,"HNCareRecordModel.woundRecords.length",1,1,"","","QuestionnaireResponse.item.where(linkId='WoundRecords').item.where(linkId='WoundRecords.Length')"
"HNCareRecordModel.woundRecords.width","HNCareRecordModel.woundRecords.width","","","",1,1,"","","","decimal {[]} {[]}
","傷口寬度","傷口寬度。原規範未明訂單位，不自行指定。壓傷無法分期時可無數值。","","","","","","","","<valueDecimal xmlns=""http://hl7.org/fhir"" value=""0""/>","",,,,,"",,,,"HNCareRecordModel.woundRecords.width",1,1,"","","QuestionnaireResponse.item.where(linkId='WoundRecords').item.where(linkId='WoundRecords.Width')"
"HNCareRecordModel.woundRecords.depth","HNCareRecordModel.woundRecords.depth","","","",1,1,"","","","decimal {[]} {[]}
","傷口深度","傷口深度。原規範未明訂單位，不自行指定。壓傷無法分期時可無數值。","","","","","","","","<valueDecimal xmlns=""http://hl7.org/fhir"" value=""0""/>","",,,,,"",,,,"HNCareRecordModel.woundRecords.depth",1,1,"","","QuestionnaireResponse.item.where(linkId='WoundRecords').item.where(linkId='WoundRecords.Depth')"
"HNCareRecordModel.woundRecords.category","HNCareRecordModel.woundRecords.category","","","",1,1,"","","","Coding {[]} {[]}
","傷口分類","傷口分類","","","","","","","","","",,"required","","http://ltc-ig.fhir.tw/ValueSet/hn-vs-ab16e9d81e7b","",,,,"HNCareRecordModel.woundRecords.category",1,1,"","","QuestionnaireResponse.item.where(linkId='WoundRecords').item.where(linkId='WoundRecords.Category')"
"HNCareRecordModel.woundRecords.level","HNCareRecordModel.woundRecords.level","","","",1,1,"","","","Coding {[]} {[]}
","傷口等級","傷口等級","","","","","","","","","",,"required","","http://ltc-ig.fhir.tw/ValueSet/hn-vs-de533dbea66c","",,,,"HNCareRecordModel.woundRecords.level",1,1,"","","QuestionnaireResponse.item.where(linkId='WoundRecords').item.where(linkId='WoundRecords.Level')"
"HNCareRecordModel.woundRecords.statement","HNCareRecordModel.woundRecords.statement","","","",0,1,"","","","string {[]} {[]}
","傷口說明","傷口說明","","","","","","","","","",,,,,"",,,,"HNCareRecordModel.woundRecords.statement",0,1,"","","QuestionnaireResponse.item.where(linkId='WoundRecords').item.where(linkId='WoundRecords.Statement')"
"HNCareRecordModel.fJMEvaluation","HNCareRecordModel.fJMEvaluation","","","",0,1,"","","","Coding {[]} {[]}
","足部護理評估狀態","足部護理評估狀態","","","","","","","","","",,"required","","http://ltc-ig.fhir.tw/ValueSet/hn-vs-5154109e8985","",,,,"HNCareRecordModel.fJMEvaluation",0,1,"","","QuestionnaireResponse.item.where(linkId='FJMEvaluation')"
"HNCareRecordModel.fJM","HNCareRecordModel.fJM","","","",0,*,"","","","BackboneElement {[]} {[]}
","足部護理","足部護理","","","","","","","","","",,,,,"",,,,"HNCareRecordModel.fJM",0,*,"","ele-1:All FHIR elements must have a @value or children {hasValue() or (children().count() > id.count())}
","QuestionnaireResponse.item.where(linkId='FJM')"
"HNCareRecordModel.fJM.id","HNCareRecordModel.fJM.id","","","",0,1,"","","","string {[]} {[]}
","Unique id for inter-element referencing","Unique id for the element within a resource (for internal references). This may be any string value that does not contain spaces.","","","","","","","","","",,,,,"",,,,"Element.id",0,1,"",""
"HNCareRecordModel.fJM.extension","HNCareRecordModel.fJM.extension","","extensions
user content","",0,*,"","","","Extension {[]} {[]}
","Additional content defined by implementations","May be used to represent additional information that is not part of the basic definition of the element. To make the use of extensions safe and manageable, there is a strict set of governance  applied to the definition and use of extensions. Though any implementer can define an extension, there is a set of requirements that SHALL be met as part of the definition of the extension.","There can be no stigma associated with the use of extensions by any application, project, or standard - regardless of the institution or jurisdiction that uses or defines the extensions.  The use of extensions is what allows the FHIR specification to retain a core level of simplicity for everyone.","","","","","","","","",,,,,"","value:url}
","Extensions are always sliced by (at least) url",,"open","Element.extension",0,*,"","ele-1:All FHIR elements must have a @value or children {hasValue() or (children().count() > id.count())}
ext-1:Must have either extensions or value[x], not both {extension.exists() != value.exists()}"
"HNCareRecordModel.fJM.modifierExtension","HNCareRecordModel.fJM.modifierExtension","","extensions
user contentmodifiers","",0,*,"","Y","Y","Extension {[]} {[]}
","Extensions that cannot be ignored even if unrecognized","May be used to represent additional information that is not part of the basic definition of the element and that modifies the understanding of the element in which it is contained and/or the understanding of the containing element's descendants. Usually modifier elements provide negation or qualification. To make the use of extensions safe and manageable, there is a strict set of governance applied to the definition and use of extensions. Though any implementer can define an extension, there is a set of requirements that SHALL be met as part of the definition of the extension. Applications processing a resource are required to check for modifier extensions.

Modifier extensions SHALL NOT change the meaning of any elements on Resource or DomainResource (including cannot change the meaning of modifierExtension itself).","There can be no stigma associated with the use of extensions by any application, project, or standard - regardless of the institution or jurisdiction that uses or defines the extensions.  The use of extensions is what allows the FHIR specification to retain a core level of simplicity for everyone.","Modifier extensions allow for extensions that *cannot* be safely ignored to be clearly distinguished from the vast majority of extensions which can be safely ignored.  This promotes interoperability by eliminating the need for implementers to prohibit the presence of extensions. For further information, see the [definition of modifier extensions](http://hl7.org/fhir/R4/extensibility.html#modifierExtension).","","","","","","","",,,,,"",,,,"BackboneElement.modifierExtension",0,*,"","ele-1:All FHIR elements must have a @value or children {hasValue() or (children().count() > id.count())}
ext-1:Must have either extensions or value[x], not both {extension.exists() != value.exists()}"
"HNCareRecordModel.fJM.item","HNCareRecordModel.fJM.item","","","",1,1,"","","","Coding {[]} {[]}
","項目分類","項目分類","","","","","","","","","",,"required","","http://ltc-ig.fhir.tw/ValueSet/hn-vs-0a65df60cccf","",,,,"HNCareRecordModel.fJM.item",1,1,"","","QuestionnaireResponse.item.where(linkId='FJM').item.where(linkId='FJM.Item')"
"HNCareRecordModel.fJM.question","HNCareRecordModel.fJM.question","","","",1,1,"","","","Coding {[]} {[]}
","評估項目","評估項目","","","","","","","","","",,"required","","http://ltc-ig.fhir.tw/ValueSet/hn-vs-14764e5914f7","",,,,"HNCareRecordModel.fJM.question",1,1,"","","QuestionnaireResponse.item.where(linkId='FJM').item.where(linkId='FJM.Question')"
"HNCareRecordModel.fJM.answers","HNCareRecordModel.fJM.answers","","","",1,1,"","","","BackboneElement {[]} {[]}
","答案","答案","","","","","","","","","",,,,,"",,,,"HNCareRecordModel.fJM.answers",1,1,"","ele-1:All FHIR elements must have a @value or children {hasValue() or (children().count() > id.count())}
","QuestionnaireResponse.item.where(linkId='FJM').item.where(linkId='FJM.Answers')"
"HNCareRecordModel.fJM.answers.id","HNCareRecordModel.fJM.answers.id","","","",0,1,"","","","string {[]} {[]}
","Unique id for inter-element referencing","Unique id for the element within a resource (for internal references). This may be any string value that does not contain spaces.","","","","","","","","","",,,,,"",,,,"Element.id",0,1,"",""
"HNCareRecordModel.fJM.answers.extension","HNCareRecordModel.fJM.answers.extension","","extensions
user content","",0,*,"","","","Extension {[]} {[]}
","Additional content defined by implementations","May be used to represent additional information that is not part of the basic definition of the element. To make the use of extensions safe and manageable, there is a strict set of governance  applied to the definition and use of extensions. Though any implementer can define an extension, there is a set of requirements that SHALL be met as part of the definition of the extension.","There can be no stigma associated with the use of extensions by any application, project, or standard - regardless of the institution or jurisdiction that uses or defines the extensions.  The use of extensions is what allows the FHIR specification to retain a core level of simplicity for everyone.","","","","","","","","",,,,,"","value:url}
","Extensions are always sliced by (at least) url",,"open","Element.extension",0,*,"","ele-1:All FHIR elements must have a @value or children {hasValue() or (children().count() > id.count())}
ext-1:Must have either extensions or value[x], not both {extension.exists() != value.exists()}"
"HNCareRecordModel.fJM.answers.modifierExtension","HNCareRecordModel.fJM.answers.modifierExtension","","extensions
user contentmodifiers","",0,*,"","Y","Y","Extension {[]} {[]}
","Extensions that cannot be ignored even if unrecognized","May be used to represent additional information that is not part of the basic definition of the element and that modifies the understanding of the element in which it is contained and/or the understanding of the containing element's descendants. Usually modifier elements provide negation or qualification. To make the use of extensions safe and manageable, there is a strict set of governance applied to the definition and use of extensions. Though any implementer can define an extension, there is a set of requirements that SHALL be met as part of the definition of the extension. Applications processing a resource are required to check for modifier extensions.

Modifier extensions SHALL NOT change the meaning of any elements on Resource or DomainResource (including cannot change the meaning of modifierExtension itself).","There can be no stigma associated with the use of extensions by any application, project, or standard - regardless of the institution or jurisdiction that uses or defines the extensions.  The use of extensions is what allows the FHIR specification to retain a core level of simplicity for everyone.","Modifier extensions allow for extensions that *cannot* be safely ignored to be clearly distinguished from the vast majority of extensions which can be safely ignored.  This promotes interoperability by eliminating the need for implementers to prohibit the presence of extensions. For further information, see the [definition of modifier extensions](http://hl7.org/fhir/R4/extensibility.html#modifierExtension).","","","","","","","",,,,,"",,,,"BackboneElement.modifierExtension",0,*,"","ele-1:All FHIR elements must have a @value or children {hasValue() or (children().count() > id.count())}
ext-1:Must have either extensions or value[x], not both {extension.exists() != value.exists()}"
"HNCareRecordModel.fJM.answers.values","HNCareRecordModel.fJM.answers.values","","","",0,*,"","","","string {[]} {[]}
","選項","選項","","","","","","","","","",,,,,"",,,,"HNCareRecordModel.fJM.answers.values",0,*,"","","QuestionnaireResponse.item.where(linkId='FJM').item.where(linkId='FJM.Answers').item.where(linkId='FJM.Answers.Values')"
"HNCareRecordModel.fJM.answers.other","HNCareRecordModel.fJM.answers.other","","","",0,1,"","","","string {[]} {[]}
","補充說明","補充說明","","","","","","","","","",,,,,"",,,,"HNCareRecordModel.fJM.answers.other",0,1,"","","QuestionnaireResponse.item.where(linkId='FJM').item.where(linkId='FJM.Answers').item.where(linkId='FJM.Answers.Other')"
"HNCareRecordModel.fJM.answers.fJMList","HNCareRecordModel.fJM.answers.fJMList","","","",0,*,"","","","BackboneElement {[]} {[]}
","操作項目紀錄","操作項目紀錄","","","","","","","","","",,,,,"",,,,"HNCareRecordModel.fJM.answers.fJMList",0,*,"","ele-1:All FHIR elements must have a @value or children {hasValue() or (children().count() > id.count())}
","QuestionnaireResponse.item.where(linkId='FJM').item.where(linkId='FJM.Answers').item.where(linkId='FJM.Answers.FJMList')"
"HNCareRecordModel.fJM.answers.fJMList.id","HNCareRecordModel.fJM.answers.fJMList.id","","","",0,1,"","","","string {[]} {[]}
","Unique id for inter-element referencing","Unique id for the element within a resource (for internal references). This may be any string value that does not contain spaces.","","","","","","","","","",,,,,"",,,,"Element.id",0,1,"",""
"HNCareRecordModel.fJM.answers.fJMList.extension","HNCareRecordModel.fJM.answers.fJMList.extension","","extensions
user content","",0,*,"","","","Extension {[]} {[]}
","Additional content defined by implementations","May be used to represent additional information that is not part of the basic definition of the element. To make the use of extensions safe and manageable, there is a strict set of governance  applied to the definition and use of extensions. Though any implementer can define an extension, there is a set of requirements that SHALL be met as part of the definition of the extension.","There can be no stigma associated with the use of extensions by any application, project, or standard - regardless of the institution or jurisdiction that uses or defines the extensions.  The use of extensions is what allows the FHIR specification to retain a core level of simplicity for everyone.","","","","","","","","",,,,,"","value:url}
","Extensions are always sliced by (at least) url",,"open","Element.extension",0,*,"","ele-1:All FHIR elements must have a @value or children {hasValue() or (children().count() > id.count())}
ext-1:Must have either extensions or value[x], not both {extension.exists() != value.exists()}"
"HNCareRecordModel.fJM.answers.fJMList.modifierExtension","HNCareRecordModel.fJM.answers.fJMList.modifierExtension","","extensions
user contentmodifiers","",0,*,"","Y","Y","Extension {[]} {[]}
","Extensions that cannot be ignored even if unrecognized","May be used to represent additional information that is not part of the basic definition of the element and that modifies the understanding of the element in which it is contained and/or the understanding of the containing element's descendants. Usually modifier elements provide negation or qualification. To make the use of extensions safe and manageable, there is a strict set of governance applied to the definition and use of extensions. Though any implementer can define an extension, there is a set of requirements that SHALL be met as part of the definition of the extension. Applications processing a resource are required to check for modifier extensions.

Modifier extensions SHALL NOT change the meaning of any elements on Resource or DomainResource (including cannot change the meaning of modifierExtension itself).","There can be no stigma associated with the use of extensions by any application, project, or standard - regardless of the institution or jurisdiction that uses or defines the extensions.  The use of extensions is what allows the FHIR specification to retain a core level of simplicity for everyone.","Modifier extensions allow for extensions that *cannot* be safely ignored to be clearly distinguished from the vast majority of extensions which can be safely ignored.  This promotes interoperability by eliminating the need for implementers to prohibit the presence of extensions. For further information, see the [definition of modifier extensions](http://hl7.org/fhir/R4/extensibility.html#modifierExtension).","","","","","","","",,,,,"",,,,"BackboneElement.modifierExtension",0,*,"","ele-1:All FHIR elements must have a @value or children {hasValue() or (children().count() > id.count())}
ext-1:Must have either extensions or value[x], not both {extension.exists() != value.exists()}"
"HNCareRecordModel.fJM.answers.fJMList.subQuestion","HNCareRecordModel.fJM.answers.fJMList.subQuestion","","","",1,1,"","","","Coding {[]} {[]}
","操作項目與流程","操作項目與流程","","","","","","","","","",,"required","","http://ltc-ig.fhir.tw/ValueSet/hn-vs-dfa44a5bba0b","",,,,"HNCareRecordModel.fJM.answers.fJMList.subQuestion",1,1,"","","QuestionnaireResponse.item.where(linkId='FJM').item.where(linkId='FJM.Answers').item.where(linkId='FJM.Answers.FJMList').item.where(linkId='FJM.Answers.FJMList.SubQuestion')"
"HNCareRecordModel.fJM.answers.fJMList.subAnswers","HNCareRecordModel.fJM.answers.fJMList.subAnswers","","","",1,1,"","","","Coding {[]} {[]}
","有反應物","有反應物","","","","","","","","","",,"required","","http://ltc-ig.fhir.tw/ValueSet/hn-vs-58e4d598f859","",,,,"HNCareRecordModel.fJM.answers.fJMList.subAnswers",1,1,"","","QuestionnaireResponse.item.where(linkId='FJM').item.where(linkId='FJM.Answers').item.where(linkId='FJM.Answers.FJMList').item.where(linkId='FJM.Answers.FJMList.SubAnswers')"
"HNCareRecordModel.fJM.answers.fJMList.subStatement","HNCareRecordModel.fJM.answers.fJMList.subStatement","","","",1,1,"","","","string {[]} {[]}
","觀察紀錄","觀察紀錄","","","","","","","","","",,,,,"",,,,"HNCareRecordModel.fJM.answers.fJMList.subStatement",1,1,"","","QuestionnaireResponse.item.where(linkId='FJM').item.where(linkId='FJM.Answers').item.where(linkId='FJM.Answers.FJMList').item.where(linkId='FJM.Answers.FJMList.SubStatement')"
"HNCareRecordModel.fJM.answers.fJMVas","HNCareRecordModel.fJM.answers.fJMVas","","","",0,1,"","","","BackboneElement {[]} {[]}
","疼痛量尺","疼痛量尺","","","","","","","","","",,,,,"",,,,"HNCareRecordModel.fJM.answers.fJMVas",0,1,"","ele-1:All FHIR elements must have a @value or children {hasValue() or (children().count() > id.count())}
","QuestionnaireResponse.item.where(linkId='FJM').item.where(linkId='FJM.Answers').item.where(linkId='FJM.Answers.FJMVas')"
"HNCareRecordModel.fJM.answers.fJMVas.id","HNCareRecordModel.fJM.answers.fJMVas.id","","","",0,1,"","","","string {[]} {[]}
","Unique id for inter-element referencing","Unique id for the element within a resource (for internal references). This may be any string value that does not contain spaces.","","","","","","","","","",,,,,"",,,,"Element.id",0,1,"",""
"HNCareRecordModel.fJM.answers.fJMVas.extension","HNCareRecordModel.fJM.answers.fJMVas.extension","","extensions
user content","",0,*,"","","","Extension {[]} {[]}
","Additional content defined by implementations","May be used to represent additional information that is not part of the basic definition of the element. To make the use of extensions safe and manageable, there is a strict set of governance  applied to the definition and use of extensions. Though any implementer can define an extension, there is a set of requirements that SHALL be met as part of the definition of the extension.","There can be no stigma associated with the use of extensions by any application, project, or standard - regardless of the institution or jurisdiction that uses or defines the extensions.  The use of extensions is what allows the FHIR specification to retain a core level of simplicity for everyone.","","","","","","","","",,,,,"","value:url}
","Extensions are always sliced by (at least) url",,"open","Element.extension",0,*,"","ele-1:All FHIR elements must have a @value or children {hasValue() or (children().count() > id.count())}
ext-1:Must have either extensions or value[x], not both {extension.exists() != value.exists()}"
"HNCareRecordModel.fJM.answers.fJMVas.modifierExtension","HNCareRecordModel.fJM.answers.fJMVas.modifierExtension","","extensions
user contentmodifiers","",0,*,"","Y","Y","Extension {[]} {[]}
","Extensions that cannot be ignored even if unrecognized","May be used to represent additional information that is not part of the basic definition of the element and that modifies the understanding of the element in which it is contained and/or the understanding of the containing element's descendants. Usually modifier elements provide negation or qualification. To make the use of extensions safe and manageable, there is a strict set of governance applied to the definition and use of extensions. Though any implementer can define an extension, there is a set of requirements that SHALL be met as part of the definition of the extension. Applications processing a resource are required to check for modifier extensions.

Modifier extensions SHALL NOT change the meaning of any elements on Resource or DomainResource (including cannot change the meaning of modifierExtension itself).","There can be no stigma associated with the use of extensions by any application, project, or standard - regardless of the institution or jurisdiction that uses or defines the extensions.  The use of extensions is what allows the FHIR specification to retain a core level of simplicity for everyone.","Modifier extensions allow for extensions that *cannot* be safely ignored to be clearly distinguished from the vast majority of extensions which can be safely ignored.  This promotes interoperability by eliminating the need for implementers to prohibit the presence of extensions. For further information, see the [definition of modifier extensions](http://hl7.org/fhir/R4/extensibility.html#modifierExtension).","","","","","","","",,,,,"",,,,"BackboneElement.modifierExtension",0,*,"","ele-1:All FHIR elements must have a @value or children {hasValue() or (children().count() > id.count())}
ext-1:Must have either extensions or value[x], not both {extension.exists() != value.exists()}"
"HNCareRecordModel.fJM.answers.fJMVas.part","HNCareRecordModel.fJM.answers.fJMVas.part","","","",1,1,"","","","string {[]} {[]}
","疼痛部位","疼痛部位","","","","","","","","","",,,,,"",,,,"HNCareRecordModel.fJM.answers.fJMVas.part",1,1,"","","QuestionnaireResponse.item.where(linkId='FJM').item.where(linkId='FJM.Answers').item.where(linkId='FJM.Answers.FJMVas').item.where(linkId='FJM.Answers.FJMVas.Part')"
"HNCareRecordModel.fJM.answers.fJMVas.point","HNCareRecordModel.fJM.answers.fJMVas.point","","","",1,1,"","","","integer {[]} {[]}
","疼痛程度","疼痛程度。1 至 10 分。","","","","","","","","<valueInteger xmlns=""http://hl7.org/fhir"" value=""1""/>","<valueInteger xmlns=""http://hl7.org/fhir"" value=""10""/>",,,,,"",,,,"HNCareRecordModel.fJM.answers.fJMVas.point",1,1,"","","QuestionnaireResponse.item.where(linkId='FJM').item.where(linkId='FJM.Answers').item.where(linkId='FJM.Answers.FJMVas').item.where(linkId='FJM.Answers.FJMVas.Point')"
"HNCareRecordModel.fJM.statement","HNCareRecordModel.fJM.statement","","","",1,1,"","","","string {[]} {[]}
","主訴敘述","主訴敘述","","","","","","","","","",,,,,"",,,,"HNCareRecordModel.fJM.statement",1,1,"","","QuestionnaireResponse.item.where(linkId='FJM').item.where(linkId='FJM.Statement')"
"HNCareRecordModel.statement","HNCareRecordModel.statement","","","",1,1,"","","","string {[]} {[]}
","照護紀錄","照護紀錄","","","","","","","","","",,,,,"",,,,"HNCareRecordModel.statement",1,1,"","","QuestionnaireResponse.item.where(linkId='Statement')"
"HNCareRecordModel.isTemporary","HNCareRecordModel.isTemporary","","","",0,1,"","","","Coding {[]} {[]}
","是否暫存","是否暫存","","","","","","","","","",,"required","","http://ltc-ig.fhir.tw/ValueSet/hn-vs-58e4d598f859","",,,,"HNCareRecordModel.isTemporary",0,1,"","","QuestionnaireResponse.item.where(linkId='IsTemporary')"
