"Id","Path","Slice Name","Alias(s)","Label","Min","Max","Must Support?","Is Modifier?","Is Summary?","Type(s)","Short","Definition","Comments","Requirements","Default Value","Meaning When Missing","Fixed Value","Pattern","Example","Minimum Value","Maximum Value","Maximum Length","Binding Strength","Binding Description","Binding Value Set","Code","Slicing Discriminator","Slicing Description","Slicing Ordered","Slicing Rules","Base Path","Base Min","Base Max","Condition(s)","Constraint(s)","Mapping: 居家護理－認知功能評估欄位對應"
"HNDementiasModel","HNDementiasModel","","","",0,*,"","","","null {[]} {[]}
","居家護理－認知功能評估邏輯模型","描述居家護理認知功能評估的資料需求。依 V5.0.16 有效欄位建立，來源欄位對應另列於 Mapping。","","","","","","","","","",,,,,"",,,,"Base",0,*,"",""
"HNDementiasModel.date","HNDementiasModel.date","","","",1,1,"","","","date {[]} {[]}
","紀錄日期","紀錄日期","","","","","","","","","",,,,,"",,,,"HNDementiasModel.date",1,1,"","","QuestionnaireResponse.item.where(linkId='Date')"
"HNDementiasModel.nurseID","HNDementiasModel.nurseID","","","",1,1,"","","","string {[]} {[]}
","護理人員身分證字號","護理人員身分證字號","","","","","","","","","",,,,,"",,,,"HNDementiasModel.nurseID",1,1,"","","QuestionnaireResponse.item.where(linkId='NurseID')"
"HNDementiasModel.statement","HNDementiasModel.statement","","","",0,1,"","","","string {[]} {[]}
","無法評估原因或備註","無法評估原因或備註","","","","","","","","","",,,,,"",,,,"HNDementiasModel.statement",0,1,"","","QuestionnaireResponse.item.where(linkId='Statement')"
"HNDementiasModel.questions","HNDementiasModel.questions","","","",0,1,"","","","BackboneElement {[]} {[]}
","評估項目","評估項目","","","","","","","","","",,,,,"",,,,"HNDementiasModel.questions",0,1,"","ele-1:All FHIR elements must have a @value or children {hasValue() or (children().count() > id.count())}
","QuestionnaireResponse.item.where(linkId='Questions')"
"HNDementiasModel.questions.id","HNDementiasModel.questions.id","","","",0,1,"","","","string {[]} {[]}
","Unique id for inter-element referencing","Unique id for the element within a resource (for internal references). This may be any string value that does not contain spaces.","","","","","","","","","",,,,,"",,,,"Element.id",0,1,"",""
"HNDementiasModel.questions.extension","HNDementiasModel.questions.extension","","extensions
user content","",0,*,"","","","Extension {[]} {[]}
","Additional content defined by implementations","May be used to represent additional information that is not part of the basic definition of the element. To make the use of extensions safe and manageable, there is a strict set of governance  applied to the definition and use of extensions. Though any implementer can define an extension, there is a set of requirements that SHALL be met as part of the definition of the extension.","There can be no stigma associated with the use of extensions by any application, project, or standard - regardless of the institution or jurisdiction that uses or defines the extensions.  The use of extensions is what allows the FHIR specification to retain a core level of simplicity for everyone.","","","","","","","","",,,,,"","value:url}
","Extensions are always sliced by (at least) url",,"open","Element.extension",0,*,"","ele-1:All FHIR elements must have a @value or children {hasValue() or (children().count() > id.count())}
ext-1:Must have either extensions or value[x], not both {extension.exists() != value.exists()}"
"HNDementiasModel.questions.modifierExtension","HNDementiasModel.questions.modifierExtension","","extensions
user contentmodifiers","",0,*,"","Y","Y","Extension {[]} {[]}
","Extensions that cannot be ignored even if unrecognized","May be used to represent additional information that is not part of the basic definition of the element and that modifies the understanding of the element in which it is contained and/or the understanding of the containing element's descendants. Usually modifier elements provide negation or qualification. To make the use of extensions safe and manageable, there is a strict set of governance applied to the definition and use of extensions. Though any implementer can define an extension, there is a set of requirements that SHALL be met as part of the definition of the extension. Applications processing a resource are required to check for modifier extensions.

Modifier extensions SHALL NOT change the meaning of any elements on Resource or DomainResource (including cannot change the meaning of modifierExtension itself).","There can be no stigma associated with the use of extensions by any application, project, or standard - regardless of the institution or jurisdiction that uses or defines the extensions.  The use of extensions is what allows the FHIR specification to retain a core level of simplicity for everyone.","Modifier extensions allow for extensions that *cannot* be safely ignored to be clearly distinguished from the vast majority of extensions which can be safely ignored.  This promotes interoperability by eliminating the need for implementers to prohibit the presence of extensions. For further information, see the [definition of modifier extensions](http://hl7.org/fhir/R4/extensibility.html#modifierExtension).","","","","","","","",,,,,"",,,,"BackboneElement.modifierExtension",0,*,"","ele-1:All FHIR elements must have a @value or children {hasValue() or (children().count() > id.count())}
ext-1:Must have either extensions or value[x], not both {extension.exists() != value.exists()}"
"HNDementiasModel.questions.q48174716","HNDementiasModel.questions.q48174716","","","",0,1,"","","","BackboneElement {[]} {[]}
","今天是幾年幾月幾日？__年__月__日","今天是幾年幾月幾日？__年__月__日","","","","","","","","","",,,,,"",,,,"HNDementiasModel.questions.q48174716",0,1,"","ele-1:All FHIR elements must have a @value or children {hasValue() or (children().count() > id.count())}
","QuestionnaireResponse.item.where(linkId='Questions').item.where(linkId='Questions.q48174716')"
"HNDementiasModel.questions.q48174716.id","HNDementiasModel.questions.q48174716.id","","","",0,1,"","","","string {[]} {[]}
","Unique id for inter-element referencing","Unique id for the element within a resource (for internal references). This may be any string value that does not contain spaces.","","","","","","","","","",,,,,"",,,,"Element.id",0,1,"",""
"HNDementiasModel.questions.q48174716.extension","HNDementiasModel.questions.q48174716.extension","","extensions
user content","",0,*,"","","","Extension {[]} {[]}
","Additional content defined by implementations","May be used to represent additional information that is not part of the basic definition of the element. To make the use of extensions safe and manageable, there is a strict set of governance  applied to the definition and use of extensions. Though any implementer can define an extension, there is a set of requirements that SHALL be met as part of the definition of the extension.","There can be no stigma associated with the use of extensions by any application, project, or standard - regardless of the institution or jurisdiction that uses or defines the extensions.  The use of extensions is what allows the FHIR specification to retain a core level of simplicity for everyone.","","","","","","","","",,,,,"","value:url}
","Extensions are always sliced by (at least) url",,"open","Element.extension",0,*,"","ele-1:All FHIR elements must have a @value or children {hasValue() or (children().count() > id.count())}
ext-1:Must have either extensions or value[x], not both {extension.exists() != value.exists()}"
"HNDementiasModel.questions.q48174716.modifierExtension","HNDementiasModel.questions.q48174716.modifierExtension","","extensions
user contentmodifiers","",0,*,"","Y","Y","Extension {[]} {[]}
","Extensions that cannot be ignored even if unrecognized","May be used to represent additional information that is not part of the basic definition of the element and that modifies the understanding of the element in which it is contained and/or the understanding of the containing element's descendants. Usually modifier elements provide negation or qualification. To make the use of extensions safe and manageable, there is a strict set of governance applied to the definition and use of extensions. Though any implementer can define an extension, there is a set of requirements that SHALL be met as part of the definition of the extension. Applications processing a resource are required to check for modifier extensions.

Modifier extensions SHALL NOT change the meaning of any elements on Resource or DomainResource (including cannot change the meaning of modifierExtension itself).","There can be no stigma associated with the use of extensions by any application, project, or standard - regardless of the institution or jurisdiction that uses or defines the extensions.  The use of extensions is what allows the FHIR specification to retain a core level of simplicity for everyone.","Modifier extensions allow for extensions that *cannot* be safely ignored to be clearly distinguished from the vast majority of extensions which can be safely ignored.  This promotes interoperability by eliminating the need for implementers to prohibit the presence of extensions. For further information, see the [definition of modifier extensions](http://hl7.org/fhir/R4/extensibility.html#modifierExtension).","","","","","","","",,,,,"",,,,"BackboneElement.modifierExtension",0,*,"","ele-1:All FHIR elements must have a @value or children {hasValue() or (children().count() > id.count())}
ext-1:Must have either extensions or value[x], not both {extension.exists() != value.exists()}"
"HNDementiasModel.questions.q48174716.answer","HNDementiasModel.questions.q48174716.answer","","","",1,1,"","","","Coding {[]} {[]}
","評估答案","評估答案","","","","","","","","","",,"required","","http://ltc-ig.fhir.tw/ValueSet/hn-vs-2a3bd76ba6eb","",,,,"HNDementiasModel.questions.q48174716.answer",1,1,"","","QuestionnaireResponse.item.where(linkId='Questions').item.where(linkId='Questions.q48174716').item.where(linkId='Questions.q48174716.Answer')"
"HNDementiasModel.questions.qe97f506c","HNDementiasModel.questions.qe97f506c","","","",0,1,"","","","BackboneElement {[]} {[]}
","今天是星期幾？","今天是星期幾？","","","","","","","","","",,,,,"",,,,"HNDementiasModel.questions.qe97f506c",0,1,"","ele-1:All FHIR elements must have a @value or children {hasValue() or (children().count() > id.count())}
","QuestionnaireResponse.item.where(linkId='Questions').item.where(linkId='Questions.qe97f506c')"
"HNDementiasModel.questions.qe97f506c.id","HNDementiasModel.questions.qe97f506c.id","","","",0,1,"","","","string {[]} {[]}
","Unique id for inter-element referencing","Unique id for the element within a resource (for internal references). This may be any string value that does not contain spaces.","","","","","","","","","",,,,,"",,,,"Element.id",0,1,"",""
"HNDementiasModel.questions.qe97f506c.extension","HNDementiasModel.questions.qe97f506c.extension","","extensions
user content","",0,*,"","","","Extension {[]} {[]}
","Additional content defined by implementations","May be used to represent additional information that is not part of the basic definition of the element. To make the use of extensions safe and manageable, there is a strict set of governance  applied to the definition and use of extensions. Though any implementer can define an extension, there is a set of requirements that SHALL be met as part of the definition of the extension.","There can be no stigma associated with the use of extensions by any application, project, or standard - regardless of the institution or jurisdiction that uses or defines the extensions.  The use of extensions is what allows the FHIR specification to retain a core level of simplicity for everyone.","","","","","","","","",,,,,"","value:url}
","Extensions are always sliced by (at least) url",,"open","Element.extension",0,*,"","ele-1:All FHIR elements must have a @value or children {hasValue() or (children().count() > id.count())}
ext-1:Must have either extensions or value[x], not both {extension.exists() != value.exists()}"
"HNDementiasModel.questions.qe97f506c.modifierExtension","HNDementiasModel.questions.qe97f506c.modifierExtension","","extensions
user contentmodifiers","",0,*,"","Y","Y","Extension {[]} {[]}
","Extensions that cannot be ignored even if unrecognized","May be used to represent additional information that is not part of the basic definition of the element and that modifies the understanding of the element in which it is contained and/or the understanding of the containing element's descendants. Usually modifier elements provide negation or qualification. To make the use of extensions safe and manageable, there is a strict set of governance applied to the definition and use of extensions. Though any implementer can define an extension, there is a set of requirements that SHALL be met as part of the definition of the extension. Applications processing a resource are required to check for modifier extensions.

Modifier extensions SHALL NOT change the meaning of any elements on Resource or DomainResource (including cannot change the meaning of modifierExtension itself).","There can be no stigma associated with the use of extensions by any application, project, or standard - regardless of the institution or jurisdiction that uses or defines the extensions.  The use of extensions is what allows the FHIR specification to retain a core level of simplicity for everyone.","Modifier extensions allow for extensions that *cannot* be safely ignored to be clearly distinguished from the vast majority of extensions which can be safely ignored.  This promotes interoperability by eliminating the need for implementers to prohibit the presence of extensions. For further information, see the [definition of modifier extensions](http://hl7.org/fhir/R4/extensibility.html#modifierExtension).","","","","","","","",,,,,"",,,,"BackboneElement.modifierExtension",0,*,"","ele-1:All FHIR elements must have a @value or children {hasValue() or (children().count() > id.count())}
ext-1:Must have either extensions or value[x], not both {extension.exists() != value.exists()}"
"HNDementiasModel.questions.qe97f506c.answer","HNDementiasModel.questions.qe97f506c.answer","","","",1,1,"","","","Coding {[]} {[]}
","評估答案","評估答案","","","","","","","","","",,"required","","http://ltc-ig.fhir.tw/ValueSet/hn-vs-2a3bd76ba6eb","",,,,"HNDementiasModel.questions.qe97f506c.answer",1,1,"","","QuestionnaireResponse.item.where(linkId='Questions').item.where(linkId='Questions.qe97f506c').item.where(linkId='Questions.qe97f506c.Answer')"
"HNDementiasModel.questions.q6128d754","HNDementiasModel.questions.q6128d754","","","",0,1,"","","","BackboneElement {[]} {[]}
","這裡是什麼地方？","這裡是什麼地方？","","","","","","","","","",,,,,"",,,,"HNDementiasModel.questions.q6128d754",0,1,"","ele-1:All FHIR elements must have a @value or children {hasValue() or (children().count() > id.count())}
","QuestionnaireResponse.item.where(linkId='Questions').item.where(linkId='Questions.q6128d754')"
"HNDementiasModel.questions.q6128d754.id","HNDementiasModel.questions.q6128d754.id","","","",0,1,"","","","string {[]} {[]}
","Unique id for inter-element referencing","Unique id for the element within a resource (for internal references). This may be any string value that does not contain spaces.","","","","","","","","","",,,,,"",,,,"Element.id",0,1,"",""
"HNDementiasModel.questions.q6128d754.extension","HNDementiasModel.questions.q6128d754.extension","","extensions
user content","",0,*,"","","","Extension {[]} {[]}
","Additional content defined by implementations","May be used to represent additional information that is not part of the basic definition of the element. To make the use of extensions safe and manageable, there is a strict set of governance  applied to the definition and use of extensions. Though any implementer can define an extension, there is a set of requirements that SHALL be met as part of the definition of the extension.","There can be no stigma associated with the use of extensions by any application, project, or standard - regardless of the institution or jurisdiction that uses or defines the extensions.  The use of extensions is what allows the FHIR specification to retain a core level of simplicity for everyone.","","","","","","","","",,,,,"","value:url}
","Extensions are always sliced by (at least) url",,"open","Element.extension",0,*,"","ele-1:All FHIR elements must have a @value or children {hasValue() or (children().count() > id.count())}
ext-1:Must have either extensions or value[x], not both {extension.exists() != value.exists()}"
"HNDementiasModel.questions.q6128d754.modifierExtension","HNDementiasModel.questions.q6128d754.modifierExtension","","extensions
user contentmodifiers","",0,*,"","Y","Y","Extension {[]} {[]}
","Extensions that cannot be ignored even if unrecognized","May be used to represent additional information that is not part of the basic definition of the element and that modifies the understanding of the element in which it is contained and/or the understanding of the containing element's descendants. Usually modifier elements provide negation or qualification. To make the use of extensions safe and manageable, there is a strict set of governance applied to the definition and use of extensions. Though any implementer can define an extension, there is a set of requirements that SHALL be met as part of the definition of the extension. Applications processing a resource are required to check for modifier extensions.

Modifier extensions SHALL NOT change the meaning of any elements on Resource or DomainResource (including cannot change the meaning of modifierExtension itself).","There can be no stigma associated with the use of extensions by any application, project, or standard - regardless of the institution or jurisdiction that uses or defines the extensions.  The use of extensions is what allows the FHIR specification to retain a core level of simplicity for everyone.","Modifier extensions allow for extensions that *cannot* be safely ignored to be clearly distinguished from the vast majority of extensions which can be safely ignored.  This promotes interoperability by eliminating the need for implementers to prohibit the presence of extensions. For further information, see the [definition of modifier extensions](http://hl7.org/fhir/R4/extensibility.html#modifierExtension).","","","","","","","",,,,,"",,,,"BackboneElement.modifierExtension",0,*,"","ele-1:All FHIR elements must have a @value or children {hasValue() or (children().count() > id.count())}
ext-1:Must have either extensions or value[x], not both {extension.exists() != value.exists()}"
"HNDementiasModel.questions.q6128d754.answer","HNDementiasModel.questions.q6128d754.answer","","","",1,1,"","","","Coding {[]} {[]}
","評估答案","評估答案","","","","","","","","","",,"required","","http://ltc-ig.fhir.tw/ValueSet/hn-vs-2a3bd76ba6eb","",,,,"HNDementiasModel.questions.q6128d754.answer",1,1,"","","QuestionnaireResponse.item.where(linkId='Questions').item.where(linkId='Questions.q6128d754').item.where(linkId='Questions.q6128d754.Answer')"
"HNDementiasModel.questions.qe0801d08","HNDementiasModel.questions.qe0801d08","","","",0,1,"","","","BackboneElement {[]} {[]}
","你的電話號碼是幾號？","你的電話號碼是幾號？","","","","","","","","","",,,,,"",,,,"HNDementiasModel.questions.qe0801d08",0,1,"","ele-1:All FHIR elements must have a @value or children {hasValue() or (children().count() > id.count())}
","QuestionnaireResponse.item.where(linkId='Questions').item.where(linkId='Questions.qe0801d08')"
"HNDementiasModel.questions.qe0801d08.id","HNDementiasModel.questions.qe0801d08.id","","","",0,1,"","","","string {[]} {[]}
","Unique id for inter-element referencing","Unique id for the element within a resource (for internal references). This may be any string value that does not contain spaces.","","","","","","","","","",,,,,"",,,,"Element.id",0,1,"",""
"HNDementiasModel.questions.qe0801d08.extension","HNDementiasModel.questions.qe0801d08.extension","","extensions
user content","",0,*,"","","","Extension {[]} {[]}
","Additional content defined by implementations","May be used to represent additional information that is not part of the basic definition of the element. To make the use of extensions safe and manageable, there is a strict set of governance  applied to the definition and use of extensions. Though any implementer can define an extension, there is a set of requirements that SHALL be met as part of the definition of the extension.","There can be no stigma associated with the use of extensions by any application, project, or standard - regardless of the institution or jurisdiction that uses or defines the extensions.  The use of extensions is what allows the FHIR specification to retain a core level of simplicity for everyone.","","","","","","","","",,,,,"","value:url}
","Extensions are always sliced by (at least) url",,"open","Element.extension",0,*,"","ele-1:All FHIR elements must have a @value or children {hasValue() or (children().count() > id.count())}
ext-1:Must have either extensions or value[x], not both {extension.exists() != value.exists()}"
"HNDementiasModel.questions.qe0801d08.modifierExtension","HNDementiasModel.questions.qe0801d08.modifierExtension","","extensions
user contentmodifiers","",0,*,"","Y","Y","Extension {[]} {[]}
","Extensions that cannot be ignored even if unrecognized","May be used to represent additional information that is not part of the basic definition of the element and that modifies the understanding of the element in which it is contained and/or the understanding of the containing element's descendants. Usually modifier elements provide negation or qualification. To make the use of extensions safe and manageable, there is a strict set of governance applied to the definition and use of extensions. Though any implementer can define an extension, there is a set of requirements that SHALL be met as part of the definition of the extension. Applications processing a resource are required to check for modifier extensions.

Modifier extensions SHALL NOT change the meaning of any elements on Resource or DomainResource (including cannot change the meaning of modifierExtension itself).","There can be no stigma associated with the use of extensions by any application, project, or standard - regardless of the institution or jurisdiction that uses or defines the extensions.  The use of extensions is what allows the FHIR specification to retain a core level of simplicity for everyone.","Modifier extensions allow for extensions that *cannot* be safely ignored to be clearly distinguished from the vast majority of extensions which can be safely ignored.  This promotes interoperability by eliminating the need for implementers to prohibit the presence of extensions. For further information, see the [definition of modifier extensions](http://hl7.org/fhir/R4/extensibility.html#modifierExtension).","","","","","","","",,,,,"",,,,"BackboneElement.modifierExtension",0,*,"","ele-1:All FHIR elements must have a @value or children {hasValue() or (children().count() > id.count())}
ext-1:Must have either extensions or value[x], not both {extension.exists() != value.exists()}"
"HNDementiasModel.questions.qe0801d08.answer","HNDementiasModel.questions.qe0801d08.answer","","","",1,1,"","","","Coding {[]} {[]}
","評估答案","評估答案","","","","","","","","","",,"required","","http://ltc-ig.fhir.tw/ValueSet/hn-vs-2a3bd76ba6eb","",,,,"HNDementiasModel.questions.qe0801d08.answer",1,1,"","","QuestionnaireResponse.item.where(linkId='Questions').item.where(linkId='Questions.qe0801d08').item.where(linkId='Questions.qe0801d08.Answer')"
"HNDementiasModel.questions.qd40595f2","HNDementiasModel.questions.qd40595f2","","","",0,1,"","","","BackboneElement {[]} {[]}
","你住在什麼地方？","你住在什麼地方？","","","","","","","","","",,,,,"",,,,"HNDementiasModel.questions.qd40595f2",0,1,"","ele-1:All FHIR elements must have a @value or children {hasValue() or (children().count() > id.count())}
","QuestionnaireResponse.item.where(linkId='Questions').item.where(linkId='Questions.qd40595f2')"
"HNDementiasModel.questions.qd40595f2.id","HNDementiasModel.questions.qd40595f2.id","","","",0,1,"","","","string {[]} {[]}
","Unique id for inter-element referencing","Unique id for the element within a resource (for internal references). This may be any string value that does not contain spaces.","","","","","","","","","",,,,,"",,,,"Element.id",0,1,"",""
"HNDementiasModel.questions.qd40595f2.extension","HNDementiasModel.questions.qd40595f2.extension","","extensions
user content","",0,*,"","","","Extension {[]} {[]}
","Additional content defined by implementations","May be used to represent additional information that is not part of the basic definition of the element. To make the use of extensions safe and manageable, there is a strict set of governance  applied to the definition and use of extensions. Though any implementer can define an extension, there is a set of requirements that SHALL be met as part of the definition of the extension.","There can be no stigma associated with the use of extensions by any application, project, or standard - regardless of the institution or jurisdiction that uses or defines the extensions.  The use of extensions is what allows the FHIR specification to retain a core level of simplicity for everyone.","","","","","","","","",,,,,"","value:url}
","Extensions are always sliced by (at least) url",,"open","Element.extension",0,*,"","ele-1:All FHIR elements must have a @value or children {hasValue() or (children().count() > id.count())}
ext-1:Must have either extensions or value[x], not both {extension.exists() != value.exists()}"
"HNDementiasModel.questions.qd40595f2.modifierExtension","HNDementiasModel.questions.qd40595f2.modifierExtension","","extensions
user contentmodifiers","",0,*,"","Y","Y","Extension {[]} {[]}
","Extensions that cannot be ignored even if unrecognized","May be used to represent additional information that is not part of the basic definition of the element and that modifies the understanding of the element in which it is contained and/or the understanding of the containing element's descendants. Usually modifier elements provide negation or qualification. To make the use of extensions safe and manageable, there is a strict set of governance applied to the definition and use of extensions. Though any implementer can define an extension, there is a set of requirements that SHALL be met as part of the definition of the extension. Applications processing a resource are required to check for modifier extensions.

Modifier extensions SHALL NOT change the meaning of any elements on Resource or DomainResource (including cannot change the meaning of modifierExtension itself).","There can be no stigma associated with the use of extensions by any application, project, or standard - regardless of the institution or jurisdiction that uses or defines the extensions.  The use of extensions is what allows the FHIR specification to retain a core level of simplicity for everyone.","Modifier extensions allow for extensions that *cannot* be safely ignored to be clearly distinguished from the vast majority of extensions which can be safely ignored.  This promotes interoperability by eliminating the need for implementers to prohibit the presence of extensions. For further information, see the [definition of modifier extensions](http://hl7.org/fhir/R4/extensibility.html#modifierExtension).","","","","","","","",,,,,"",,,,"BackboneElement.modifierExtension",0,*,"","ele-1:All FHIR elements must have a @value or children {hasValue() or (children().count() > id.count())}
ext-1:Must have either extensions or value[x], not both {extension.exists() != value.exists()}"
"HNDementiasModel.questions.qd40595f2.answer","HNDementiasModel.questions.qd40595f2.answer","","","",1,1,"","","","Coding {[]} {[]}
","評估答案","評估答案","","","","","","","","","",,"required","","http://ltc-ig.fhir.tw/ValueSet/hn-vs-2a3bd76ba6eb","",,,,"HNDementiasModel.questions.qd40595f2.answer",1,1,"","","QuestionnaireResponse.item.where(linkId='Questions').item.where(linkId='Questions.qd40595f2').item.where(linkId='Questions.qd40595f2.Answer')"
"HNDementiasModel.questions.q1ddb5b1c","HNDementiasModel.questions.q1ddb5b1c","","","",0,1,"","","","BackboneElement {[]} {[]}
","你幾歲了？","你幾歲了？","","","","","","","","","",,,,,"",,,,"HNDementiasModel.questions.q1ddb5b1c",0,1,"","ele-1:All FHIR elements must have a @value or children {hasValue() or (children().count() > id.count())}
","QuestionnaireResponse.item.where(linkId='Questions').item.where(linkId='Questions.q1ddb5b1c')"
"HNDementiasModel.questions.q1ddb5b1c.id","HNDementiasModel.questions.q1ddb5b1c.id","","","",0,1,"","","","string {[]} {[]}
","Unique id for inter-element referencing","Unique id for the element within a resource (for internal references). This may be any string value that does not contain spaces.","","","","","","","","","",,,,,"",,,,"Element.id",0,1,"",""
"HNDementiasModel.questions.q1ddb5b1c.extension","HNDementiasModel.questions.q1ddb5b1c.extension","","extensions
user content","",0,*,"","","","Extension {[]} {[]}
","Additional content defined by implementations","May be used to represent additional information that is not part of the basic definition of the element. To make the use of extensions safe and manageable, there is a strict set of governance  applied to the definition and use of extensions. Though any implementer can define an extension, there is a set of requirements that SHALL be met as part of the definition of the extension.","There can be no stigma associated with the use of extensions by any application, project, or standard - regardless of the institution or jurisdiction that uses or defines the extensions.  The use of extensions is what allows the FHIR specification to retain a core level of simplicity for everyone.","","","","","","","","",,,,,"","value:url}
","Extensions are always sliced by (at least) url",,"open","Element.extension",0,*,"","ele-1:All FHIR elements must have a @value or children {hasValue() or (children().count() > id.count())}
ext-1:Must have either extensions or value[x], not both {extension.exists() != value.exists()}"
"HNDementiasModel.questions.q1ddb5b1c.modifierExtension","HNDementiasModel.questions.q1ddb5b1c.modifierExtension","","extensions
user contentmodifiers","",0,*,"","Y","Y","Extension {[]} {[]}
","Extensions that cannot be ignored even if unrecognized","May be used to represent additional information that is not part of the basic definition of the element and that modifies the understanding of the element in which it is contained and/or the understanding of the containing element's descendants. Usually modifier elements provide negation or qualification. To make the use of extensions safe and manageable, there is a strict set of governance applied to the definition and use of extensions. Though any implementer can define an extension, there is a set of requirements that SHALL be met as part of the definition of the extension. Applications processing a resource are required to check for modifier extensions.

Modifier extensions SHALL NOT change the meaning of any elements on Resource or DomainResource (including cannot change the meaning of modifierExtension itself).","There can be no stigma associated with the use of extensions by any application, project, or standard - regardless of the institution or jurisdiction that uses or defines the extensions.  The use of extensions is what allows the FHIR specification to retain a core level of simplicity for everyone.","Modifier extensions allow for extensions that *cannot* be safely ignored to be clearly distinguished from the vast majority of extensions which can be safely ignored.  This promotes interoperability by eliminating the need for implementers to prohibit the presence of extensions. For further information, see the [definition of modifier extensions](http://hl7.org/fhir/R4/extensibility.html#modifierExtension).","","","","","","","",,,,,"",,,,"BackboneElement.modifierExtension",0,*,"","ele-1:All FHIR elements must have a @value or children {hasValue() or (children().count() > id.count())}
ext-1:Must have either extensions or value[x], not both {extension.exists() != value.exists()}"
"HNDementiasModel.questions.q1ddb5b1c.answer","HNDementiasModel.questions.q1ddb5b1c.answer","","","",1,1,"","","","Coding {[]} {[]}
","評估答案","評估答案","","","","","","","","","",,"required","","http://ltc-ig.fhir.tw/ValueSet/hn-vs-2a3bd76ba6eb","",,,,"HNDementiasModel.questions.q1ddb5b1c.answer",1,1,"","","QuestionnaireResponse.item.where(linkId='Questions').item.where(linkId='Questions.q1ddb5b1c').item.where(linkId='Questions.q1ddb5b1c.Answer')"
"HNDementiasModel.questions.q995c979b","HNDementiasModel.questions.q995c979b","","","",0,1,"","","","BackboneElement {[]} {[]}
","你的生日是哪一天？","你的生日是哪一天？","","","","","","","","","",,,,,"",,,,"HNDementiasModel.questions.q995c979b",0,1,"","ele-1:All FHIR elements must have a @value or children {hasValue() or (children().count() > id.count())}
","QuestionnaireResponse.item.where(linkId='Questions').item.where(linkId='Questions.q995c979b')"
"HNDementiasModel.questions.q995c979b.id","HNDementiasModel.questions.q995c979b.id","","","",0,1,"","","","string {[]} {[]}
","Unique id for inter-element referencing","Unique id for the element within a resource (for internal references). This may be any string value that does not contain spaces.","","","","","","","","","",,,,,"",,,,"Element.id",0,1,"",""
"HNDementiasModel.questions.q995c979b.extension","HNDementiasModel.questions.q995c979b.extension","","extensions
user content","",0,*,"","","","Extension {[]} {[]}
","Additional content defined by implementations","May be used to represent additional information that is not part of the basic definition of the element. To make the use of extensions safe and manageable, there is a strict set of governance  applied to the definition and use of extensions. Though any implementer can define an extension, there is a set of requirements that SHALL be met as part of the definition of the extension.","There can be no stigma associated with the use of extensions by any application, project, or standard - regardless of the institution or jurisdiction that uses or defines the extensions.  The use of extensions is what allows the FHIR specification to retain a core level of simplicity for everyone.","","","","","","","","",,,,,"","value:url}
","Extensions are always sliced by (at least) url",,"open","Element.extension",0,*,"","ele-1:All FHIR elements must have a @value or children {hasValue() or (children().count() > id.count())}
ext-1:Must have either extensions or value[x], not both {extension.exists() != value.exists()}"
"HNDementiasModel.questions.q995c979b.modifierExtension","HNDementiasModel.questions.q995c979b.modifierExtension","","extensions
user contentmodifiers","",0,*,"","Y","Y","Extension {[]} {[]}
","Extensions that cannot be ignored even if unrecognized","May be used to represent additional information that is not part of the basic definition of the element and that modifies the understanding of the element in which it is contained and/or the understanding of the containing element's descendants. Usually modifier elements provide negation or qualification. To make the use of extensions safe and manageable, there is a strict set of governance applied to the definition and use of extensions. Though any implementer can define an extension, there is a set of requirements that SHALL be met as part of the definition of the extension. Applications processing a resource are required to check for modifier extensions.

Modifier extensions SHALL NOT change the meaning of any elements on Resource or DomainResource (including cannot change the meaning of modifierExtension itself).","There can be no stigma associated with the use of extensions by any application, project, or standard - regardless of the institution or jurisdiction that uses or defines the extensions.  The use of extensions is what allows the FHIR specification to retain a core level of simplicity for everyone.","Modifier extensions allow for extensions that *cannot* be safely ignored to be clearly distinguished from the vast majority of extensions which can be safely ignored.  This promotes interoperability by eliminating the need for implementers to prohibit the presence of extensions. For further information, see the [definition of modifier extensions](http://hl7.org/fhir/R4/extensibility.html#modifierExtension).","","","","","","","",,,,,"",,,,"BackboneElement.modifierExtension",0,*,"","ele-1:All FHIR elements must have a @value or children {hasValue() or (children().count() > id.count())}
ext-1:Must have either extensions or value[x], not both {extension.exists() != value.exists()}"
"HNDementiasModel.questions.q995c979b.answer","HNDementiasModel.questions.q995c979b.answer","","","",1,1,"","","","Coding {[]} {[]}
","評估答案","評估答案","","","","","","","","","",,"required","","http://ltc-ig.fhir.tw/ValueSet/hn-vs-2a3bd76ba6eb","",,,,"HNDementiasModel.questions.q995c979b.answer",1,1,"","","QuestionnaireResponse.item.where(linkId='Questions').item.where(linkId='Questions.q995c979b').item.where(linkId='Questions.q995c979b.Answer')"
"HNDementiasModel.questions.q6df0269a","HNDementiasModel.questions.q6df0269a","","","",0,1,"","","","BackboneElement {[]} {[]}
","現任總統是誰？","現任總統是誰？","","","","","","","","","",,,,,"",,,,"HNDementiasModel.questions.q6df0269a",0,1,"","ele-1:All FHIR elements must have a @value or children {hasValue() or (children().count() > id.count())}
","QuestionnaireResponse.item.where(linkId='Questions').item.where(linkId='Questions.q6df0269a')"
"HNDementiasModel.questions.q6df0269a.id","HNDementiasModel.questions.q6df0269a.id","","","",0,1,"","","","string {[]} {[]}
","Unique id for inter-element referencing","Unique id for the element within a resource (for internal references). This may be any string value that does not contain spaces.","","","","","","","","","",,,,,"",,,,"Element.id",0,1,"",""
"HNDementiasModel.questions.q6df0269a.extension","HNDementiasModel.questions.q6df0269a.extension","","extensions
user content","",0,*,"","","","Extension {[]} {[]}
","Additional content defined by implementations","May be used to represent additional information that is not part of the basic definition of the element. To make the use of extensions safe and manageable, there is a strict set of governance  applied to the definition and use of extensions. Though any implementer can define an extension, there is a set of requirements that SHALL be met as part of the definition of the extension.","There can be no stigma associated with the use of extensions by any application, project, or standard - regardless of the institution or jurisdiction that uses or defines the extensions.  The use of extensions is what allows the FHIR specification to retain a core level of simplicity for everyone.","","","","","","","","",,,,,"","value:url}
","Extensions are always sliced by (at least) url",,"open","Element.extension",0,*,"","ele-1:All FHIR elements must have a @value or children {hasValue() or (children().count() > id.count())}
ext-1:Must have either extensions or value[x], not both {extension.exists() != value.exists()}"
"HNDementiasModel.questions.q6df0269a.modifierExtension","HNDementiasModel.questions.q6df0269a.modifierExtension","","extensions
user contentmodifiers","",0,*,"","Y","Y","Extension {[]} {[]}
","Extensions that cannot be ignored even if unrecognized","May be used to represent additional information that is not part of the basic definition of the element and that modifies the understanding of the element in which it is contained and/or the understanding of the containing element's descendants. Usually modifier elements provide negation or qualification. To make the use of extensions safe and manageable, there is a strict set of governance applied to the definition and use of extensions. Though any implementer can define an extension, there is a set of requirements that SHALL be met as part of the definition of the extension. Applications processing a resource are required to check for modifier extensions.

Modifier extensions SHALL NOT change the meaning of any elements on Resource or DomainResource (including cannot change the meaning of modifierExtension itself).","There can be no stigma associated with the use of extensions by any application, project, or standard - regardless of the institution or jurisdiction that uses or defines the extensions.  The use of extensions is what allows the FHIR specification to retain a core level of simplicity for everyone.","Modifier extensions allow for extensions that *cannot* be safely ignored to be clearly distinguished from the vast majority of extensions which can be safely ignored.  This promotes interoperability by eliminating the need for implementers to prohibit the presence of extensions. For further information, see the [definition of modifier extensions](http://hl7.org/fhir/R4/extensibility.html#modifierExtension).","","","","","","","",,,,,"",,,,"BackboneElement.modifierExtension",0,*,"","ele-1:All FHIR elements must have a @value or children {hasValue() or (children().count() > id.count())}
ext-1:Must have either extensions or value[x], not both {extension.exists() != value.exists()}"
"HNDementiasModel.questions.q6df0269a.answer","HNDementiasModel.questions.q6df0269a.answer","","","",1,1,"","","","Coding {[]} {[]}
","評估答案","評估答案","","","","","","","","","",,"required","","http://ltc-ig.fhir.tw/ValueSet/hn-vs-2a3bd76ba6eb","",,,,"HNDementiasModel.questions.q6df0269a.answer",1,1,"","","QuestionnaireResponse.item.where(linkId='Questions').item.where(linkId='Questions.q6df0269a').item.where(linkId='Questions.q6df0269a.Answer')"
"HNDementiasModel.questions.q8a8a8021","HNDementiasModel.questions.q8a8a8021","","","",0,1,"","","","BackboneElement {[]} {[]}
","前任總統是誰？","前任總統是誰？","","","","","","","","","",,,,,"",,,,"HNDementiasModel.questions.q8a8a8021",0,1,"","ele-1:All FHIR elements must have a @value or children {hasValue() or (children().count() > id.count())}
","QuestionnaireResponse.item.where(linkId='Questions').item.where(linkId='Questions.q8a8a8021')"
"HNDementiasModel.questions.q8a8a8021.id","HNDementiasModel.questions.q8a8a8021.id","","","",0,1,"","","","string {[]} {[]}
","Unique id for inter-element referencing","Unique id for the element within a resource (for internal references). This may be any string value that does not contain spaces.","","","","","","","","","",,,,,"",,,,"Element.id",0,1,"",""
"HNDementiasModel.questions.q8a8a8021.extension","HNDementiasModel.questions.q8a8a8021.extension","","extensions
user content","",0,*,"","","","Extension {[]} {[]}
","Additional content defined by implementations","May be used to represent additional information that is not part of the basic definition of the element. To make the use of extensions safe and manageable, there is a strict set of governance  applied to the definition and use of extensions. Though any implementer can define an extension, there is a set of requirements that SHALL be met as part of the definition of the extension.","There can be no stigma associated with the use of extensions by any application, project, or standard - regardless of the institution or jurisdiction that uses or defines the extensions.  The use of extensions is what allows the FHIR specification to retain a core level of simplicity for everyone.","","","","","","","","",,,,,"","value:url}
","Extensions are always sliced by (at least) url",,"open","Element.extension",0,*,"","ele-1:All FHIR elements must have a @value or children {hasValue() or (children().count() > id.count())}
ext-1:Must have either extensions or value[x], not both {extension.exists() != value.exists()}"
"HNDementiasModel.questions.q8a8a8021.modifierExtension","HNDementiasModel.questions.q8a8a8021.modifierExtension","","extensions
user contentmodifiers","",0,*,"","Y","Y","Extension {[]} {[]}
","Extensions that cannot be ignored even if unrecognized","May be used to represent additional information that is not part of the basic definition of the element and that modifies the understanding of the element in which it is contained and/or the understanding of the containing element's descendants. Usually modifier elements provide negation or qualification. To make the use of extensions safe and manageable, there is a strict set of governance applied to the definition and use of extensions. Though any implementer can define an extension, there is a set of requirements that SHALL be met as part of the definition of the extension. Applications processing a resource are required to check for modifier extensions.

Modifier extensions SHALL NOT change the meaning of any elements on Resource or DomainResource (including cannot change the meaning of modifierExtension itself).","There can be no stigma associated with the use of extensions by any application, project, or standard - regardless of the institution or jurisdiction that uses or defines the extensions.  The use of extensions is what allows the FHIR specification to retain a core level of simplicity for everyone.","Modifier extensions allow for extensions that *cannot* be safely ignored to be clearly distinguished from the vast majority of extensions which can be safely ignored.  This promotes interoperability by eliminating the need for implementers to prohibit the presence of extensions. For further information, see the [definition of modifier extensions](http://hl7.org/fhir/R4/extensibility.html#modifierExtension).","","","","","","","",,,,,"",,,,"BackboneElement.modifierExtension",0,*,"","ele-1:All FHIR elements must have a @value or children {hasValue() or (children().count() > id.count())}
ext-1:Must have either extensions or value[x], not both {extension.exists() != value.exists()}"
"HNDementiasModel.questions.q8a8a8021.answer","HNDementiasModel.questions.q8a8a8021.answer","","","",1,1,"","","","Coding {[]} {[]}
","評估答案","評估答案","","","","","","","","","",,"required","","http://ltc-ig.fhir.tw/ValueSet/hn-vs-2a3bd76ba6eb","",,,,"HNDementiasModel.questions.q8a8a8021.answer",1,1,"","","QuestionnaireResponse.item.where(linkId='Questions').item.where(linkId='Questions.q8a8a8021').item.where(linkId='Questions.q8a8a8021.Answer')"
"HNDementiasModel.questions.qb719d7b7","HNDementiasModel.questions.qb719d7b7","","","",0,1,"","","","BackboneElement {[]} {[]}
","你媽媽叫什麼名字？","你媽媽叫什麼名字？","","","","","","","","","",,,,,"",,,,"HNDementiasModel.questions.qb719d7b7",0,1,"","ele-1:All FHIR elements must have a @value or children {hasValue() or (children().count() > id.count())}
","QuestionnaireResponse.item.where(linkId='Questions').item.where(linkId='Questions.qb719d7b7')"
"HNDementiasModel.questions.qb719d7b7.id","HNDementiasModel.questions.qb719d7b7.id","","","",0,1,"","","","string {[]} {[]}
","Unique id for inter-element referencing","Unique id for the element within a resource (for internal references). This may be any string value that does not contain spaces.","","","","","","","","","",,,,,"",,,,"Element.id",0,1,"",""
"HNDementiasModel.questions.qb719d7b7.extension","HNDementiasModel.questions.qb719d7b7.extension","","extensions
user content","",0,*,"","","","Extension {[]} {[]}
","Additional content defined by implementations","May be used to represent additional information that is not part of the basic definition of the element. To make the use of extensions safe and manageable, there is a strict set of governance  applied to the definition and use of extensions. Though any implementer can define an extension, there is a set of requirements that SHALL be met as part of the definition of the extension.","There can be no stigma associated with the use of extensions by any application, project, or standard - regardless of the institution or jurisdiction that uses or defines the extensions.  The use of extensions is what allows the FHIR specification to retain a core level of simplicity for everyone.","","","","","","","","",,,,,"","value:url}
","Extensions are always sliced by (at least) url",,"open","Element.extension",0,*,"","ele-1:All FHIR elements must have a @value or children {hasValue() or (children().count() > id.count())}
ext-1:Must have either extensions or value[x], not both {extension.exists() != value.exists()}"
"HNDementiasModel.questions.qb719d7b7.modifierExtension","HNDementiasModel.questions.qb719d7b7.modifierExtension","","extensions
user contentmodifiers","",0,*,"","Y","Y","Extension {[]} {[]}
","Extensions that cannot be ignored even if unrecognized","May be used to represent additional information that is not part of the basic definition of the element and that modifies the understanding of the element in which it is contained and/or the understanding of the containing element's descendants. Usually modifier elements provide negation or qualification. To make the use of extensions safe and manageable, there is a strict set of governance applied to the definition and use of extensions. Though any implementer can define an extension, there is a set of requirements that SHALL be met as part of the definition of the extension. Applications processing a resource are required to check for modifier extensions.

Modifier extensions SHALL NOT change the meaning of any elements on Resource or DomainResource (including cannot change the meaning of modifierExtension itself).","There can be no stigma associated with the use of extensions by any application, project, or standard - regardless of the institution or jurisdiction that uses or defines the extensions.  The use of extensions is what allows the FHIR specification to retain a core level of simplicity for everyone.","Modifier extensions allow for extensions that *cannot* be safely ignored to be clearly distinguished from the vast majority of extensions which can be safely ignored.  This promotes interoperability by eliminating the need for implementers to prohibit the presence of extensions. For further information, see the [definition of modifier extensions](http://hl7.org/fhir/R4/extensibility.html#modifierExtension).","","","","","","","",,,,,"",,,,"BackboneElement.modifierExtension",0,*,"","ele-1:All FHIR elements must have a @value or children {hasValue() or (children().count() > id.count())}
ext-1:Must have either extensions or value[x], not both {extension.exists() != value.exists()}"
"HNDementiasModel.questions.qb719d7b7.answer","HNDementiasModel.questions.qb719d7b7.answer","","","",1,1,"","","","Coding {[]} {[]}
","評估答案","評估答案","","","","","","","","","",,"required","","http://ltc-ig.fhir.tw/ValueSet/hn-vs-2a3bd76ba6eb","",,,,"HNDementiasModel.questions.qb719d7b7.answer",1,1,"","","QuestionnaireResponse.item.where(linkId='Questions').item.where(linkId='Questions.qb719d7b7').item.where(linkId='Questions.qb719d7b7.Answer')"
"HNDementiasModel.questions.q295d5a12","HNDementiasModel.questions.q295d5a12","","","",0,1,"","","","BackboneElement {[]} {[]}
","從20 減3 開始算，一直減3 減下去。","從20 減3 開始算，一直減3 減下去。","","","","","","","","","",,,,,"",,,,"HNDementiasModel.questions.q295d5a12",0,1,"","ele-1:All FHIR elements must have a @value or children {hasValue() or (children().count() > id.count())}
","QuestionnaireResponse.item.where(linkId='Questions').item.where(linkId='Questions.q295d5a12')"
"HNDementiasModel.questions.q295d5a12.id","HNDementiasModel.questions.q295d5a12.id","","","",0,1,"","","","string {[]} {[]}
","Unique id for inter-element referencing","Unique id for the element within a resource (for internal references). This may be any string value that does not contain spaces.","","","","","","","","","",,,,,"",,,,"Element.id",0,1,"",""
"HNDementiasModel.questions.q295d5a12.extension","HNDementiasModel.questions.q295d5a12.extension","","extensions
user content","",0,*,"","","","Extension {[]} {[]}
","Additional content defined by implementations","May be used to represent additional information that is not part of the basic definition of the element. To make the use of extensions safe and manageable, there is a strict set of governance  applied to the definition and use of extensions. Though any implementer can define an extension, there is a set of requirements that SHALL be met as part of the definition of the extension.","There can be no stigma associated with the use of extensions by any application, project, or standard - regardless of the institution or jurisdiction that uses or defines the extensions.  The use of extensions is what allows the FHIR specification to retain a core level of simplicity for everyone.","","","","","","","","",,,,,"","value:url}
","Extensions are always sliced by (at least) url",,"open","Element.extension",0,*,"","ele-1:All FHIR elements must have a @value or children {hasValue() or (children().count() > id.count())}
ext-1:Must have either extensions or value[x], not both {extension.exists() != value.exists()}"
"HNDementiasModel.questions.q295d5a12.modifierExtension","HNDementiasModel.questions.q295d5a12.modifierExtension","","extensions
user contentmodifiers","",0,*,"","Y","Y","Extension {[]} {[]}
","Extensions that cannot be ignored even if unrecognized","May be used to represent additional information that is not part of the basic definition of the element and that modifies the understanding of the element in which it is contained and/or the understanding of the containing element's descendants. Usually modifier elements provide negation or qualification. To make the use of extensions safe and manageable, there is a strict set of governance applied to the definition and use of extensions. Though any implementer can define an extension, there is a set of requirements that SHALL be met as part of the definition of the extension. Applications processing a resource are required to check for modifier extensions.

Modifier extensions SHALL NOT change the meaning of any elements on Resource or DomainResource (including cannot change the meaning of modifierExtension itself).","There can be no stigma associated with the use of extensions by any application, project, or standard - regardless of the institution or jurisdiction that uses or defines the extensions.  The use of extensions is what allows the FHIR specification to retain a core level of simplicity for everyone.","Modifier extensions allow for extensions that *cannot* be safely ignored to be clearly distinguished from the vast majority of extensions which can be safely ignored.  This promotes interoperability by eliminating the need for implementers to prohibit the presence of extensions. For further information, see the [definition of modifier extensions](http://hl7.org/fhir/R4/extensibility.html#modifierExtension).","","","","","","","",,,,,"",,,,"BackboneElement.modifierExtension",0,*,"","ele-1:All FHIR elements must have a @value or children {hasValue() or (children().count() > id.count())}
ext-1:Must have either extensions or value[x], not both {extension.exists() != value.exists()}"
"HNDementiasModel.questions.q295d5a12.answer","HNDementiasModel.questions.q295d5a12.answer","","","",1,1,"","","","Coding {[]} {[]}
","評估答案","評估答案","","","","","","","","","",,"required","","http://ltc-ig.fhir.tw/ValueSet/hn-vs-2a3bd76ba6eb","",,,,"HNDementiasModel.questions.q295d5a12.answer",1,1,"","","QuestionnaireResponse.item.where(linkId='Questions').item.where(linkId='Questions.q295d5a12').item.where(linkId='Questions.q295d5a12.Answer')"
"HNDementiasModel.isTemporary","HNDementiasModel.isTemporary","","","",0,1,"","","","Coding {[]} {[]}
","是否暫存","是否暫存","","","","","","","","","",,"required","","http://ltc-ig.fhir.tw/ValueSet/hn-vs-58e4d598f859","",,,,"HNDementiasModel.isTemporary",0,1,"","","QuestionnaireResponse.item.where(linkId='IsTemporary')"
