"Id","Path","Slice Name","Alias(s)","Label","Min","Max","Must Support?","Is Modifier?","Is Summary?","Type(s)","Short","Definition","Comments","Requirements","Default Value","Meaning When Missing","Fixed Value","Pattern","Example","Minimum Value","Maximum Value","Maximum Length","Binding Strength","Binding Description","Binding Value Set","Code","Slicing Discriminator","Slicing Description","Slicing Ordered","Slicing Rules","Base Path","Base Min","Base Max","Condition(s)","Constraint(s)","Mapping: 長照支付審查－分案審核明細邏輯模型對應"
"LTCFeeAuditDetailModel","LTCFeeAuditDetailModel","","","",0,*,"","","","null {[]} {[]}
","長照支付審查－分案審核明細邏輯模型","此邏輯模型以《衛生福利部 支付審核系統 API 規格說明書（照管平台）v2.2.1》「五、(查詢B)分案審核明細查詢」為基礎，用以描述分案審核明細查詢之傳送資料與回覆明細的資料結構與欄位準備指引。需先執行（查詢A）取得案件之核銷案號、核銷狀況與總表版次，當為新核銷案號或核銷狀況、總表版次有異動時，才執行（查詢B）取得該案件之明細資料。","","","","","","","","","",,,,,"",,,,"Base",0,*,"","","ClaimResponse"
"LTCFeeAuditDetailModel.queryInfo","LTCFeeAuditDetailModel.queryInfo","","","",1,1,"","","","BackboneElement {[]} {[]}
","查詢輸入資訊","分案審核明細查詢的傳送資料（app_result_query_info），單筆物件","","","","","","","","","",,,,,"",,,,"LTCFeeAuditDetailModel.queryInfo",1,1,"","ele-1:All FHIR elements must have a @value or children {hasValue() or (children().count() > id.count())}
"
"LTCFeeAuditDetailModel.queryInfo.id","LTCFeeAuditDetailModel.queryInfo.id","","","",0,1,"","","","string {[]} {[]}
","Unique id for inter-element referencing","Unique id for the element within a resource (for internal references). This may be any string value that does not contain spaces.","","","","","","","","","",,,,,"",,,,"Element.id",0,1,"",""
"LTCFeeAuditDetailModel.queryInfo.extension","LTCFeeAuditDetailModel.queryInfo.extension","","extensions
user content","",0,*,"","","","Extension {[]} {[]}
","Additional content defined by implementations","May be used to represent additional information that is not part of the basic definition of the element. To make the use of extensions safe and manageable, there is a strict set of governance  applied to the definition and use of extensions. Though any implementer can define an extension, there is a set of requirements that SHALL be met as part of the definition of the extension.","There can be no stigma associated with the use of extensions by any application, project, or standard - regardless of the institution or jurisdiction that uses or defines the extensions.  The use of extensions is what allows the FHIR specification to retain a core level of simplicity for everyone.","","","","","","","","",,,,,"","value:url}
","Extensions are always sliced by (at least) url",,"open","Element.extension",0,*,"","ele-1:All FHIR elements must have a @value or children {hasValue() or (children().count() > id.count())}
ext-1:Must have either extensions or value[x], not both {extension.exists() != value.exists()}"
"LTCFeeAuditDetailModel.queryInfo.modifierExtension","LTCFeeAuditDetailModel.queryInfo.modifierExtension","","extensions
user contentmodifiers","",0,*,"","Y","Y","Extension {[]} {[]}
","Extensions that cannot be ignored even if unrecognized","May be used to represent additional information that is not part of the basic definition of the element and that modifies the understanding of the element in which it is contained and/or the understanding of the containing element's descendants. Usually modifier elements provide negation or qualification. To make the use of extensions safe and manageable, there is a strict set of governance applied to the definition and use of extensions. Though any implementer can define an extension, there is a set of requirements that SHALL be met as part of the definition of the extension. Applications processing a resource are required to check for modifier extensions.

Modifier extensions SHALL NOT change the meaning of any elements on Resource or DomainResource (including cannot change the meaning of modifierExtension itself).","There can be no stigma associated with the use of extensions by any application, project, or standard - regardless of the institution or jurisdiction that uses or defines the extensions.  The use of extensions is what allows the FHIR specification to retain a core level of simplicity for everyone.","Modifier extensions allow for extensions that *cannot* be safely ignored to be clearly distinguished from the vast majority of extensions which can be safely ignored.  This promotes interoperability by eliminating the need for implementers to prohibit the presence of extensions. For further information, see the [definition of modifier extensions](http://hl7.org/fhir/R4/extensibility.html#modifierExtension).","","","","","","","",,,,,"",,,,"BackboneElement.modifierExtension",0,*,"","ele-1:All FHIR elements must have a @value or children {hasValue() or (children().count() > id.count())}
ext-1:Must have either extensions or value[x], not both {extension.exists() != value.exists()}"
"LTCFeeAuditDetailModel.queryInfo.writeoffYyyymm","LTCFeeAuditDetailModel.queryInfo.writeoffYyyymm","","","",1,1,"","","","string {[]} {[]}
","支審年月","支付審查年月，格式 yyyyMM，長度 6（writeoff_yyyymm）","","","","","","","","","",,,,,"",,,,"LTCFeeAuditDetailModel.queryInfo.writeoffYyyymm",1,1,"","","ClaimResponse.identifier.where(system='http://ltc-ig.fhir.tw/identifier/feeaudit/yyyymm').value"
"LTCFeeAuditDetailModel.queryInfo.transNo","LTCFeeAuditDetailModel.queryInfo.transNo","","","",1,1,"","","","string {[]} {[]}
","交易序號","本次查詢的交易序號，長度 10（trans_no）","","","","","","","","","",,,,,"",,,,"LTCFeeAuditDetailModel.queryInfo.transNo",1,1,"","","ClaimResponse"
"LTCFeeAuditDetailModel.queryInfo.queryType","LTCFeeAuditDetailModel.queryInfo.queryType","","","",1,1,"","","","string {[]} {[]}
","查詢類別","查詢類別，長度 1，固定值：B，代表分案審核明細查詢（query_type）","","","","","","","","","",,,,,"",,,,"LTCFeeAuditDetailModel.queryInfo.queryType",1,1,"","","ClaimResponse"
"LTCFeeAuditDetailModel.queryInfo.cityCd","LTCFeeAuditDetailModel.queryInfo.cityCd","","","",1,1,"","","","string {[]} {[]}
","縣市代碼","受理案件之縣市代碼，長度 5（city_cd）","","","","","","","","","",,,,,"",,,,"LTCFeeAuditDetailModel.queryInfo.cityCd",1,1,"","","ClaimResponse.insurer"
"LTCFeeAuditDetailModel.queryInfo.caseNo","LTCFeeAuditDetailModel.queryInfo.caseNo","","","",1,1,"","","","string {[]} {[]}
","核銷案號","欲查詢明細之核銷案號，長度 30（case_no）","","","","","","","","","",,,,,"",,,,"LTCFeeAuditDetailModel.queryInfo.caseNo",1,1,"","","ClaimResponse.identifier.where(system='http://ltc-ig.fhir.tw/identifier/feeaudit/case-no').value"
"LTCFeeAuditDetailModel.auditResult","LTCFeeAuditDetailModel.auditResult","","","",1,1,"","","","BackboneElement {[]} {[]}
","分案審核明細","分案審核明細查詢的回覆內容（Response.result）","","","","","","","","","",,,,,"",,,,"LTCFeeAuditDetailModel.auditResult",1,1,"","ele-1:All FHIR elements must have a @value or children {hasValue() or (children().count() > id.count())}
"
"LTCFeeAuditDetailModel.auditResult.id","LTCFeeAuditDetailModel.auditResult.id","","","",0,1,"","","","string {[]} {[]}
","Unique id for inter-element referencing","Unique id for the element within a resource (for internal references). This may be any string value that does not contain spaces.","","","","","","","","","",,,,,"",,,,"Element.id",0,1,"",""
"LTCFeeAuditDetailModel.auditResult.extension","LTCFeeAuditDetailModel.auditResult.extension","","extensions
user content","",0,*,"","","","Extension {[]} {[]}
","Additional content defined by implementations","May be used to represent additional information that is not part of the basic definition of the element. To make the use of extensions safe and manageable, there is a strict set of governance  applied to the definition and use of extensions. Though any implementer can define an extension, there is a set of requirements that SHALL be met as part of the definition of the extension.","There can be no stigma associated with the use of extensions by any application, project, or standard - regardless of the institution or jurisdiction that uses or defines the extensions.  The use of extensions is what allows the FHIR specification to retain a core level of simplicity for everyone.","","","","","","","","",,,,,"","value:url}
","Extensions are always sliced by (at least) url",,"open","Element.extension",0,*,"","ele-1:All FHIR elements must have a @value or children {hasValue() or (children().count() > id.count())}
ext-1:Must have either extensions or value[x], not both {extension.exists() != value.exists()}"
"LTCFeeAuditDetailModel.auditResult.modifierExtension","LTCFeeAuditDetailModel.auditResult.modifierExtension","","extensions
user contentmodifiers","",0,*,"","Y","Y","Extension {[]} {[]}
","Extensions that cannot be ignored even if unrecognized","May be used to represent additional information that is not part of the basic definition of the element and that modifies the understanding of the element in which it is contained and/or the understanding of the containing element's descendants. Usually modifier elements provide negation or qualification. To make the use of extensions safe and manageable, there is a strict set of governance applied to the definition and use of extensions. Though any implementer can define an extension, there is a set of requirements that SHALL be met as part of the definition of the extension. Applications processing a resource are required to check for modifier extensions.

Modifier extensions SHALL NOT change the meaning of any elements on Resource or DomainResource (including cannot change the meaning of modifierExtension itself).","There can be no stigma associated with the use of extensions by any application, project, or standard - regardless of the institution or jurisdiction that uses or defines the extensions.  The use of extensions is what allows the FHIR specification to retain a core level of simplicity for everyone.","Modifier extensions allow for extensions that *cannot* be safely ignored to be clearly distinguished from the vast majority of extensions which can be safely ignored.  This promotes interoperability by eliminating the need for implementers to prohibit the presence of extensions. For further information, see the [definition of modifier extensions](http://hl7.org/fhir/R4/extensibility.html#modifierExtension).","","","","","","","",,,,,"",,,,"BackboneElement.modifierExtension",0,*,"","ele-1:All FHIR elements must have a @value or children {hasValue() or (children().count() > id.count())}
ext-1:Must have either extensions or value[x], not both {extension.exists() != value.exists()}"
"LTCFeeAuditDetailModel.auditResult.caseNo","LTCFeeAuditDetailModel.auditResult.caseNo","","","",1,1,"","","","string {[]} {[]}
","核銷案號","本分案之核銷案號，長度 30（case_no）","","","","","","","","","",,,,,"",,,,"LTCFeeAuditDetailModel.auditResult.caseNo",1,1,"","","ClaimResponse.identifier.where(system='http://ltc-ig.fhir.tw/identifier/feeaudit/case-no').value"
"LTCFeeAuditDetailModel.auditResult.records","LTCFeeAuditDetailModel.auditResult.records","","","",0,1,"","","","integer {[]} {[]}
","服務記錄筆數","本分案申請之服務記錄總筆數（records），為審核通過服務記錄（approve_records）與錯誤服務記錄（err_records）之筆數合計","","","","","","","","","",,,,,"",,,,"LTCFeeAuditDetailModel.auditResult.records",0,1,"","","ClaimResponse.extension('http://ltc-ig.fhir.tw/StructureDefinition/Ext-TW-LTC-FeeAudit-AuditSummary').extension('records').valueInteger"
"LTCFeeAuditDetailModel.auditResult.cases","LTCFeeAuditDetailModel.auditResult.cases","","","",0,1,"","","","integer {[]} {[]}
","個案數","本分案申請之個案數（cases）","","","","","","","","","",,,,,"",,,,"LTCFeeAuditDetailModel.auditResult.cases",0,1,"","","ClaimResponse.extension('http://ltc-ig.fhir.tw/StructureDefinition/Ext-TW-LTC-FeeAudit-AuditSummary').extension('cases').valueInteger"
"LTCFeeAuditDetailModel.auditResult.amount","LTCFeeAuditDetailModel.auditResult.amount","","","",0,1,"","","","decimal {[]} {[]}
","申請核銷金額","本分案申請核銷之總金額（amount）","","","","","","","","","",,,,,"",,,,"LTCFeeAuditDetailModel.auditResult.amount",0,1,"","","ClaimResponse.total.where(category.coding.code='submitted').amount"
"LTCFeeAuditDetailModel.auditResult.auditMan","LTCFeeAuditDetailModel.auditResult.auditMan","","","",0,1,"","","","string {[]} {[]}
","承辦人員","承辦審核之人員姓名，長度 10（audit_man）","","","","","","","","","",,,,,"",,,,"LTCFeeAuditDetailModel.auditResult.auditMan",0,1,"","","ClaimResponse.extension('http://ltc-ig.fhir.tw/StructureDefinition/Ext-TW-LTC-FeeAudit-AuditSummary').extension('auditMan').valueString"
"LTCFeeAuditDetailModel.auditResult.auditReason","LTCFeeAuditDetailModel.auditResult.auditReason","","","",0,1,"","","","string {[]} {[]}
","承辦審核意見","承辦人員之審核意見說明，長度 4000（audit_reason）","","","","","","","","","",,,,,"",,,,"LTCFeeAuditDetailModel.auditResult.auditReason",0,1,"","","ClaimResponse.disposition"
"LTCFeeAuditDetailModel.auditResult.docVer","LTCFeeAuditDetailModel.auditResult.docVer","","","",0,1,"","","","string {[]} {[]}
","總表版次","核銷總表之版次，長度 15（doc_ver）","","","","","","","","","",,,,,"",,,,"LTCFeeAuditDetailModel.auditResult.docVer",0,1,"","","ClaimResponse.identifier.where(system='http://ltc-ig.fhir.tw/identifier/feeaudit/doc-ver').value"
"LTCFeeAuditDetailModel.auditResult.verDt","LTCFeeAuditDetailModel.auditResult.verDt","","","",0,1,"","","","string {[]} {[]}
","版次時間","總表版次產生時間，格式 yyyyMMddhhmmss，長度 14（ver_dt）","","","","","","","","","",,,,,"",,,,"LTCFeeAuditDetailModel.auditResult.verDt",0,1,"","","ClaimResponse.created"
"LTCFeeAuditDetailModel.auditResult.approveCaseNum","LTCFeeAuditDetailModel.auditResult.approveCaseNum","","","",0,1,"","","","integer {[]} {[]}
","核定個案數","審核核定通過之個案數（approve_case_num）","","","","","","","","","",,,,,"",,,,"LTCFeeAuditDetailModel.auditResult.approveCaseNum",0,1,"","","ClaimResponse.extension('http://ltc-ig.fhir.tw/StructureDefinition/Ext-TW-LTC-FeeAudit-AuditSummary').extension('approveCaseNum').valueInteger"
"LTCFeeAuditDetailModel.auditResult.approveRecordCount","LTCFeeAuditDetailModel.auditResult.approveRecordCount","","","",0,1,"","","","integer {[]} {[]}
","核定服務記錄數","審核核定通過之服務記錄筆數（approve_record_count）","","","","","","","","","",,,,,"",,,,"LTCFeeAuditDetailModel.auditResult.approveRecordCount",0,1,"","","ClaimResponse.extension('http://ltc-ig.fhir.tw/StructureDefinition/Ext-TW-LTC-FeeAudit-AuditSummary').extension('approveRecordCount').valueInteger"
"LTCFeeAuditDetailModel.auditResult.approveFee","LTCFeeAuditDetailModel.auditResult.approveFee","","","",0,1,"","","","decimal {[]} {[]}
","核定金額","審核核定之給付金額（approve_fee）","","","","","","","","","",,,,,"",,,,"LTCFeeAuditDetailModel.auditResult.approveFee",0,1,"","","ClaimResponse.total.where(category.coding.code='approveFee').amount"
"LTCFeeAuditDetailModel.auditResult.aSvcFee","LTCFeeAuditDetailModel.auditResult.aSvcFee","","","",0,1,"","","","decimal {[]} {[]}
","政策鼓勵金額","A 碼加成之政策鼓勵給付金額（a_svc_fee）","","","","","","","","","",,,,,"",,,,"LTCFeeAuditDetailModel.auditResult.aSvcFee",0,1,"","","ClaimResponse.total.where(category.coding.code='aSvcFee').amount"
"LTCFeeAuditDetailModel.auditResult.tempPaymentStatus","LTCFeeAuditDetailModel.auditResult.tempPaymentStatus","","","",0,1,"","","","string {[]} {[]}
","暫付申請狀態","暫付申請之處理狀態，長度 15，有申請暫付才顯示（temp_payment_status）","","","","","","","","","",,,,,"",,,,"LTCFeeAuditDetailModel.auditResult.tempPaymentStatus",0,1,"","","ClaimResponse.extension('http://ltc-ig.fhir.tw/StructureDefinition/Ext-TW-LTC-FeeAudit-AuditSummary').extension('tempPaymentStatus').valueString"
"LTCFeeAuditDetailModel.auditResult.tempPaymentFee","LTCFeeAuditDetailModel.auditResult.tempPaymentFee","","","",0,1,"","","","decimal {[]} {[]}
","分案暫付金額","本分案之暫付金額，有申請暫付才顯示（temp_payment_fee）","","","","","","","","","",,,,,"",,,,"LTCFeeAuditDetailModel.auditResult.tempPaymentFee",0,1,"","","ClaimResponse.total.where(category.coding.code='tempPaymentFee').amount"
"LTCFeeAuditDetailModel.auditResult.tempPaymentDocUrl","LTCFeeAuditDetailModel.auditResult.tempPaymentDocUrl","","","",0,1,"","","","url {[]} {[]}
","暫付總表下載路徑","暫付總表檔案之下載路徑，長度 200（temp_payment_doc_url）","","","","","","","","","",,,,,"",,,,"LTCFeeAuditDetailModel.auditResult.tempPaymentDocUrl",0,1,"","","ClaimResponse.extension('http://ltc-ig.fhir.tw/StructureDefinition/Ext-TW-LTC-FeeAudit-DocUrl').where(extension('docType').valueCodeableConcept.coding.code='tempPaymentDoc').extension('url').valueUrl"
"LTCFeeAuditDetailModel.auditResult.caseSummaryNoticeUrl","LTCFeeAuditDetailModel.auditResult.caseSummaryNoticeUrl","","","",0,1,"","","","url {[]} {[]}
","總表下載路徑","核銷總表檔案之下載路徑，長度 200（case_summary_notice_url）","","","","","","","","","",,,,,"",,,,"LTCFeeAuditDetailModel.auditResult.caseSummaryNoticeUrl",0,1,"","","ClaimResponse.extension('http://ltc-ig.fhir.tw/StructureDefinition/Ext-TW-LTC-FeeAudit-DocUrl').where(extension('docType').valueCodeableConcept.coding.code='caseSummaryNotice').extension('url').valueUrl"
"LTCFeeAuditDetailModel.auditResult.caseSvcListUrl","LTCFeeAuditDetailModel.auditResult.caseSvcListUrl","","","",0,1,"","","","url {[]} {[]}
","清冊路徑","服務記錄清冊之下載路徑，長度 200（case_svc_list_url）","","","","","","","","","",,,,,"",,,,"LTCFeeAuditDetailModel.auditResult.caseSvcListUrl",0,1,"","","ClaimResponse.extension('http://ltc-ig.fhir.tw/StructureDefinition/Ext-TW-LTC-FeeAudit-DocUrl').where(extension('docType').valueCodeableConcept.coding.code='caseSvcList').extension('url').valueUrl"
"LTCFeeAuditDetailModel.auditResult.caseSvcListExcelUrl","LTCFeeAuditDetailModel.auditResult.caseSvcListExcelUrl","","","",0,1,"","","","url {[]} {[]}
","清冊 EXCEL 下載路徑","服務記錄清冊 EXCEL 檔之下載路徑，長度 200（case_svc_list_excel_url）","","","","","","","","","",,,,,"",,,,"LTCFeeAuditDetailModel.auditResult.caseSvcListExcelUrl",0,1,"","","ClaimResponse.extension('http://ltc-ig.fhir.tw/StructureDefinition/Ext-TW-LTC-FeeAudit-DocUrl').where(extension('docType').valueCodeableConcept.coding.code='caseSvcListExcel').extension('url').valueUrl"
"LTCFeeAuditDetailModel.auditResult.caseASvcListUrl","LTCFeeAuditDetailModel.auditResult.caseASvcListUrl","","","",0,1,"","","","url {[]} {[]}
","A 碼清冊路徑","A 碼加成清冊之下載路徑，長度 200（case_a_svc_list_url）","","","","","","","","","",,,,,"",,,,"LTCFeeAuditDetailModel.auditResult.caseASvcListUrl",0,1,"","","ClaimResponse.extension('http://ltc-ig.fhir.tw/StructureDefinition/Ext-TW-LTC-FeeAudit-DocUrl').where(extension('docType').valueCodeableConcept.coding.code='caseASvcList').extension('url').valueUrl"
"LTCFeeAuditDetailModel.auditResult.caseASvcListExcelUrl","LTCFeeAuditDetailModel.auditResult.caseASvcListExcelUrl","","","",0,1,"","","","url {[]} {[]}
","A 碼清冊 EXCEL 下載路徑","A 碼加成清冊 EXCEL 檔之下載路徑，長度 200（case_a_svc_list_excel_url）","","","","","","","","","",,,,,"",,,,"LTCFeeAuditDetailModel.auditResult.caseASvcListExcelUrl",0,1,"","","ClaimResponse.extension('http://ltc-ig.fhir.tw/StructureDefinition/Ext-TW-LTC-FeeAudit-DocUrl').where(extension('docType').valueCodeableConcept.coding.code='caseASvcListExcel').extension('url').valueUrl"
"LTCFeeAuditDetailModel.auditResult.caseErrListUrl","LTCFeeAuditDetailModel.auditResult.caseErrListUrl","","","",0,1,"","","","url {[]} {[]}
","申請記錄不通過清冊路徑","申請記錄審核不通過清冊之下載路徑，長度 200（case_err_list_url）","","","","","","","","","",,,,,"",,,,"LTCFeeAuditDetailModel.auditResult.caseErrListUrl",0,1,"","","ClaimResponse.extension('http://ltc-ig.fhir.tw/StructureDefinition/Ext-TW-LTC-FeeAudit-DocUrl').where(extension('docType').valueCodeableConcept.coding.code='caseErrList').extension('url').valueUrl"
"LTCFeeAuditDetailModel.auditResult.caseErrListExcelUrl","LTCFeeAuditDetailModel.auditResult.caseErrListExcelUrl","","","",0,1,"","","","url {[]} {[]}
","申請記錄不通過 EXCEL 清冊路徑","申請記錄審核不通過清冊 EXCEL 檔之下載路徑，長度 200（case_err_list_excel_url）","","","","","","","","","",,,,,"",,,,"LTCFeeAuditDetailModel.auditResult.caseErrListExcelUrl",0,1,"","","ClaimResponse.extension('http://ltc-ig.fhir.tw/StructureDefinition/Ext-TW-LTC-FeeAudit-DocUrl').where(extension('docType').valueCodeableConcept.coding.code='caseErrListExcel').extension('url').valueUrl"
"LTCFeeAuditDetailModel.auditResult.transNos","LTCFeeAuditDetailModel.auditResult.transNos","","","",0,*,"","","","string {[]} {[]}
","分案已處理之單號","本分案已處理之申請單單號陣列（trans_nos）","","","","","","","","","",,,,,"",,,,"LTCFeeAuditDetailModel.auditResult.transNos",0,*,"","","ClaimResponse.extension('http://ltc-ig.fhir.tw/StructureDefinition/Ext-TW-LTC-FeeAudit-AuditSummary').extension('transNo').valueString"
"LTCFeeAuditDetailModel.auditResult.incInAcc","LTCFeeAuditDetailModel.auditResult.incInAcc","","","",0,1,"","","","decimal {[]} {[]}
","核增金額","審核後核增之金額（inc_in_acc）","","","","","","","","","",,,,,"",,,,"LTCFeeAuditDetailModel.auditResult.incInAcc",0,1,"","","ClaimResponse.total.where(category.coding.code='incInAcc').amount"
"LTCFeeAuditDetailModel.auditResult.incInReason","LTCFeeAuditDetailModel.auditResult.incInReason","","","",0,1,"","","","string {[]} {[]}
","核增原因","核增金額之原因說明，長度 4000（inc_in_reason）","","","","","","","","","",,,,,"",,,,"LTCFeeAuditDetailModel.auditResult.incInReason",0,1,"","","ClaimResponse.processNote.text"
"LTCFeeAuditDetailModel.auditResult.decInAcc","LTCFeeAuditDetailModel.auditResult.decInAcc","","","",0,1,"","","","decimal {[]} {[]}
","核減金額","審核後核減之金額（dec_in_acc）","","","","","","","","","",,,,,"",,,,"LTCFeeAuditDetailModel.auditResult.decInAcc",0,1,"","","ClaimResponse.total.where(category.coding.code='decInAcc').amount"
"LTCFeeAuditDetailModel.auditResult.decInReason","LTCFeeAuditDetailModel.auditResult.decInReason","","","",0,1,"","","","string {[]} {[]}
","核減原因","核減金額之原因說明，長度 4000（dec_in_reason）","","","","","","","","","",,,,,"",,,,"LTCFeeAuditDetailModel.auditResult.decInReason",0,1,"","","ClaimResponse.processNote.text"
"LTCFeeAuditDetailModel.auditResult.approveRecords","LTCFeeAuditDetailModel.auditResult.approveRecords","","","",0,*,"","","","BackboneElement {[]} {[]}
","審核通過服務記錄","審核通過之服務記錄明細，多筆（approve_records）","","","","","","","","","",,,,,"",,,,"LTCFeeAuditDetailModel.auditResult.approveRecords",0,*,"","ele-1:All FHIR elements must have a @value or children {hasValue() or (children().count() > id.count())}
","ClaimResponse.item"
"LTCFeeAuditDetailModel.auditResult.approveRecords.id","LTCFeeAuditDetailModel.auditResult.approveRecords.id","","","",0,1,"","","","string {[]} {[]}
","Unique id for inter-element referencing","Unique id for the element within a resource (for internal references). This may be any string value that does not contain spaces.","","","","","","","","","",,,,,"",,,,"Element.id",0,1,"",""
"LTCFeeAuditDetailModel.auditResult.approveRecords.extension","LTCFeeAuditDetailModel.auditResult.approveRecords.extension","","extensions
user content","",0,*,"","","","Extension {[]} {[]}
","Additional content defined by implementations","May be used to represent additional information that is not part of the basic definition of the element. To make the use of extensions safe and manageable, there is a strict set of governance  applied to the definition and use of extensions. Though any implementer can define an extension, there is a set of requirements that SHALL be met as part of the definition of the extension.","There can be no stigma associated with the use of extensions by any application, project, or standard - regardless of the institution or jurisdiction that uses or defines the extensions.  The use of extensions is what allows the FHIR specification to retain a core level of simplicity for everyone.","","","","","","","","",,,,,"","value:url}
","Extensions are always sliced by (at least) url",,"open","Element.extension",0,*,"","ele-1:All FHIR elements must have a @value or children {hasValue() or (children().count() > id.count())}
ext-1:Must have either extensions or value[x], not both {extension.exists() != value.exists()}"
"LTCFeeAuditDetailModel.auditResult.approveRecords.modifierExtension","LTCFeeAuditDetailModel.auditResult.approveRecords.modifierExtension","","extensions
user contentmodifiers","",0,*,"","Y","Y","Extension {[]} {[]}
","Extensions that cannot be ignored even if unrecognized","May be used to represent additional information that is not part of the basic definition of the element and that modifies the understanding of the element in which it is contained and/or the understanding of the containing element's descendants. Usually modifier elements provide negation or qualification. To make the use of extensions safe and manageable, there is a strict set of governance applied to the definition and use of extensions. Though any implementer can define an extension, there is a set of requirements that SHALL be met as part of the definition of the extension. Applications processing a resource are required to check for modifier extensions.

Modifier extensions SHALL NOT change the meaning of any elements on Resource or DomainResource (including cannot change the meaning of modifierExtension itself).","There can be no stigma associated with the use of extensions by any application, project, or standard - regardless of the institution or jurisdiction that uses or defines the extensions.  The use of extensions is what allows the FHIR specification to retain a core level of simplicity for everyone.","Modifier extensions allow for extensions that *cannot* be safely ignored to be clearly distinguished from the vast majority of extensions which can be safely ignored.  This promotes interoperability by eliminating the need for implementers to prohibit the presence of extensions. For further information, see the [definition of modifier extensions](http://hl7.org/fhir/R4/extensibility.html#modifierExtension).","","","","","","","",,,,,"",,,,"BackboneElement.modifierExtension",0,*,"","ele-1:All FHIR elements must have a @value or children {hasValue() or (children().count() > id.count())}
ext-1:Must have either extensions or value[x], not both {extension.exists() != value.exists()}"
"LTCFeeAuditDetailModel.auditResult.approveRecords.sourceSystem","LTCFeeAuditDetailModel.auditResult.approveRecords.sourceSystem","","","",0,1,"","","","string {[]} {[]}
","來源系統別","服務記錄之來源系統別，長度 20（source_system）","","","","","","","","","",,,,,"",,,,"LTCFeeAuditDetailModel.auditResult.approveRecords.sourceSystem",0,1,"","","ClaimResponse.item.extension('http://ltc-ig.fhir.tw/StructureDefinition/Ext-TW-LTC-FeeAudit-RecordRef').extension('sourceSystem').valueString"
"LTCFeeAuditDetailModel.auditResult.approveRecords.objid","LTCFeeAuditDetailModel.auditResult.approveRecords.objid","","","",0,1,"","","","string {[]} {[]}
","識別碼","服務記錄之識別碼，長度 20（objid）","","","","","","","","","",,,,,"",,,,"LTCFeeAuditDetailModel.auditResult.approveRecords.objid",0,1,"","","ClaimResponse.item.extension('http://ltc-ig.fhir.tw/StructureDefinition/Ext-TW-LTC-FeeAudit-RecordRef').extension('objid').valueString"
"LTCFeeAuditDetailModel.auditResult.approveRecords.transNo","LTCFeeAuditDetailModel.auditResult.approveRecords.transNo","","","",0,1,"","","","string {[]} {[]}
","交易序號","服務記錄申報時之交易序號，長度 10（trans_no）","","","","","","","","","",,,,,"",,,,"LTCFeeAuditDetailModel.auditResult.approveRecords.transNo",0,1,"","","ClaimResponse.item.extension('http://ltc-ig.fhir.tw/StructureDefinition/Ext-TW-LTC-FeeAudit-RecordRef').extension('transNo').valueString"
"LTCFeeAuditDetailModel.auditResult.approveRecords.price","LTCFeeAuditDetailModel.auditResult.approveRecords.price","","","",0,1,"","","","decimal {[]} {[]}
","單價","該筆服務記錄之核定單價（price）","","","","","","","","","",,,,,"",,,,"LTCFeeAuditDetailModel.auditResult.approveRecords.price",0,1,"","","ClaimResponse.item.adjudication.where(category.coding.code='price').amount"
"LTCFeeAuditDetailModel.auditResult.approveRecords.copayment","LTCFeeAuditDetailModel.auditResult.approveRecords.copayment","","","",0,1,"","","","decimal {[]} {[]}
","自付額","該筆服務記錄之個案自付額（copayment）","","","","","","","","","",,,,,"",,,,"LTCFeeAuditDetailModel.auditResult.approveRecords.copayment",0,1,"","","ClaimResponse.item.adjudication.where(category.coding.code='copayment').amount"
"LTCFeeAuditDetailModel.auditResult.errRecords","LTCFeeAuditDetailModel.auditResult.errRecords","","","",0,*,"","","","BackboneElement {[]} {[]}
","錯誤服務記錄","審核不通過（錯誤）之服務記錄明細，多筆（err_records）","","","","","","","","","",,,,,"",,,,"LTCFeeAuditDetailModel.auditResult.errRecords",0,*,"","ele-1:All FHIR elements must have a @value or children {hasValue() or (children().count() > id.count())}
","ClaimResponse.error"
"LTCFeeAuditDetailModel.auditResult.errRecords.id","LTCFeeAuditDetailModel.auditResult.errRecords.id","","","",0,1,"","","","string {[]} {[]}
","Unique id for inter-element referencing","Unique id for the element within a resource (for internal references). This may be any string value that does not contain spaces.","","","","","","","","","",,,,,"",,,,"Element.id",0,1,"",""
"LTCFeeAuditDetailModel.auditResult.errRecords.extension","LTCFeeAuditDetailModel.auditResult.errRecords.extension","","extensions
user content","",0,*,"","","","Extension {[]} {[]}
","Additional content defined by implementations","May be used to represent additional information that is not part of the basic definition of the element. To make the use of extensions safe and manageable, there is a strict set of governance  applied to the definition and use of extensions. Though any implementer can define an extension, there is a set of requirements that SHALL be met as part of the definition of the extension.","There can be no stigma associated with the use of extensions by any application, project, or standard - regardless of the institution or jurisdiction that uses or defines the extensions.  The use of extensions is what allows the FHIR specification to retain a core level of simplicity for everyone.","","","","","","","","",,,,,"","value:url}
","Extensions are always sliced by (at least) url",,"open","Element.extension",0,*,"","ele-1:All FHIR elements must have a @value or children {hasValue() or (children().count() > id.count())}
ext-1:Must have either extensions or value[x], not both {extension.exists() != value.exists()}"
"LTCFeeAuditDetailModel.auditResult.errRecords.modifierExtension","LTCFeeAuditDetailModel.auditResult.errRecords.modifierExtension","","extensions
user contentmodifiers","",0,*,"","Y","Y","Extension {[]} {[]}
","Extensions that cannot be ignored even if unrecognized","May be used to represent additional information that is not part of the basic definition of the element and that modifies the understanding of the element in which it is contained and/or the understanding of the containing element's descendants. Usually modifier elements provide negation or qualification. To make the use of extensions safe and manageable, there is a strict set of governance applied to the definition and use of extensions. Though any implementer can define an extension, there is a set of requirements that SHALL be met as part of the definition of the extension. Applications processing a resource are required to check for modifier extensions.

Modifier extensions SHALL NOT change the meaning of any elements on Resource or DomainResource (including cannot change the meaning of modifierExtension itself).","There can be no stigma associated with the use of extensions by any application, project, or standard - regardless of the institution or jurisdiction that uses or defines the extensions.  The use of extensions is what allows the FHIR specification to retain a core level of simplicity for everyone.","Modifier extensions allow for extensions that *cannot* be safely ignored to be clearly distinguished from the vast majority of extensions which can be safely ignored.  This promotes interoperability by eliminating the need for implementers to prohibit the presence of extensions. For further information, see the [definition of modifier extensions](http://hl7.org/fhir/R4/extensibility.html#modifierExtension).","","","","","","","",,,,,"",,,,"BackboneElement.modifierExtension",0,*,"","ele-1:All FHIR elements must have a @value or children {hasValue() or (children().count() > id.count())}
ext-1:Must have either extensions or value[x], not both {extension.exists() != value.exists()}"
"LTCFeeAuditDetailModel.auditResult.errRecords.sourceSystem","LTCFeeAuditDetailModel.auditResult.errRecords.sourceSystem","","","",0,1,"","","","string {[]} {[]}
","來源系統別","服務記錄之來源系統別，長度 20（source_system）","","","","","","","","","",,,,,"",,,,"LTCFeeAuditDetailModel.auditResult.errRecords.sourceSystem",0,1,"","","ClaimResponse.error.extension('http://ltc-ig.fhir.tw/StructureDefinition/Ext-TW-LTC-FeeAudit-RecordRef').extension('sourceSystem').valueString"
"LTCFeeAuditDetailModel.auditResult.errRecords.objid","LTCFeeAuditDetailModel.auditResult.errRecords.objid","","","",0,1,"","","","string {[]} {[]}
","識別碼","服務記錄之識別碼，長度 20（objid）","","","","","","","","","",,,,,"",,,,"LTCFeeAuditDetailModel.auditResult.errRecords.objid",0,1,"","","ClaimResponse.error.extension('http://ltc-ig.fhir.tw/StructureDefinition/Ext-TW-LTC-FeeAudit-RecordRef').extension('objid').valueString"
"LTCFeeAuditDetailModel.auditResult.errRecords.transNo","LTCFeeAuditDetailModel.auditResult.errRecords.transNo","","","",0,1,"","","","string {[]} {[]}
","交易序號","服務記錄申報時之交易序號，長度 10（trans_no）","","","","","","","","","",,,,,"",,,,"LTCFeeAuditDetailModel.auditResult.errRecords.transNo",0,1,"","","ClaimResponse.error.extension('http://ltc-ig.fhir.tw/StructureDefinition/Ext-TW-LTC-FeeAudit-RecordRef').extension('transNo').valueString"
"LTCFeeAuditDetailModel.auditResult.errRecords.errCode","LTCFeeAuditDetailModel.auditResult.errRecords.errCode","","","",0,1,"","","","string {[]} {[]}
","錯誤碼","審核不通過之錯誤代碼，長度 5（err_code）","","","","","","","","","",,,,,"",,,,"LTCFeeAuditDetailModel.auditResult.errRecords.errCode",0,1,"","","ClaimResponse.error.code.coding.code"
"LTCFeeAuditDetailModel.auditResult.errRecords.errMessage","LTCFeeAuditDetailModel.auditResult.errRecords.errMessage","","","",0,1,"","","","string {[]} {[]}
","錯誤原因","審核不通過之錯誤原因說明，長度 200（err_message）","","","","","","","","","",,,,,"",,,,"LTCFeeAuditDetailModel.auditResult.errRecords.errMessage",0,1,"","","ClaimResponse.error.code.text"
"LTCFeeAuditDetailModel.auditResult.aSvcRecords","LTCFeeAuditDetailModel.auditResult.aSvcRecords","","","",0,*,"","","","BackboneElement {[]} {[]}
","A 碼加成資料區","A 碼加成（政策鼓勵）之給付明細，多筆（a_svc_records）","","","","","","","","","",,,,,"",,,,"LTCFeeAuditDetailModel.auditResult.aSvcRecords",0,*,"","ele-1:All FHIR elements must have a @value or children {hasValue() or (children().count() > id.count())}
","ClaimResponse.addItem"
"LTCFeeAuditDetailModel.auditResult.aSvcRecords.id","LTCFeeAuditDetailModel.auditResult.aSvcRecords.id","","","",0,1,"","","","string {[]} {[]}
","Unique id for inter-element referencing","Unique id for the element within a resource (for internal references). This may be any string value that does not contain spaces.","","","","","","","","","",,,,,"",,,,"Element.id",0,1,"",""
"LTCFeeAuditDetailModel.auditResult.aSvcRecords.extension","LTCFeeAuditDetailModel.auditResult.aSvcRecords.extension","","extensions
user content","",0,*,"","","","Extension {[]} {[]}
","Additional content defined by implementations","May be used to represent additional information that is not part of the basic definition of the element. To make the use of extensions safe and manageable, there is a strict set of governance  applied to the definition and use of extensions. Though any implementer can define an extension, there is a set of requirements that SHALL be met as part of the definition of the extension.","There can be no stigma associated with the use of extensions by any application, project, or standard - regardless of the institution or jurisdiction that uses or defines the extensions.  The use of extensions is what allows the FHIR specification to retain a core level of simplicity for everyone.","","","","","","","","",,,,,"","value:url}
","Extensions are always sliced by (at least) url",,"open","Element.extension",0,*,"","ele-1:All FHIR elements must have a @value or children {hasValue() or (children().count() > id.count())}
ext-1:Must have either extensions or value[x], not both {extension.exists() != value.exists()}"
"LTCFeeAuditDetailModel.auditResult.aSvcRecords.modifierExtension","LTCFeeAuditDetailModel.auditResult.aSvcRecords.modifierExtension","","extensions
user contentmodifiers","",0,*,"","Y","Y","Extension {[]} {[]}
","Extensions that cannot be ignored even if unrecognized","May be used to represent additional information that is not part of the basic definition of the element and that modifies the understanding of the element in which it is contained and/or the understanding of the containing element's descendants. Usually modifier elements provide negation or qualification. To make the use of extensions safe and manageable, there is a strict set of governance applied to the definition and use of extensions. Though any implementer can define an extension, there is a set of requirements that SHALL be met as part of the definition of the extension. Applications processing a resource are required to check for modifier extensions.

Modifier extensions SHALL NOT change the meaning of any elements on Resource or DomainResource (including cannot change the meaning of modifierExtension itself).","There can be no stigma associated with the use of extensions by any application, project, or standard - regardless of the institution or jurisdiction that uses or defines the extensions.  The use of extensions is what allows the FHIR specification to retain a core level of simplicity for everyone.","Modifier extensions allow for extensions that *cannot* be safely ignored to be clearly distinguished from the vast majority of extensions which can be safely ignored.  This promotes interoperability by eliminating the need for implementers to prohibit the presence of extensions. For further information, see the [definition of modifier extensions](http://hl7.org/fhir/R4/extensibility.html#modifierExtension).","","","","","","","",,,,,"",,,,"BackboneElement.modifierExtension",0,*,"","ele-1:All FHIR elements must have a @value or children {hasValue() or (children().count() > id.count())}
ext-1:Must have either extensions or value[x], not both {extension.exists() != value.exists()}"
"LTCFeeAuditDetailModel.auditResult.aSvcRecords.refSourceSystem","LTCFeeAuditDetailModel.auditResult.aSvcRecords.refSourceSystem","","","",0,1,"","","","string {[]} {[]}
","審核通過服務記錄來源系統別","所加成之審核通過服務記錄來源系統別，長度 20（ref_source_system）","","","","","","","","","",,,,,"",,,,"LTCFeeAuditDetailModel.auditResult.aSvcRecords.refSourceSystem",0,1,"","","ClaimResponse.addItem.extension('http://ltc-ig.fhir.tw/StructureDefinition/Ext-TW-LTC-FeeAudit-RecordRef').extension('sourceSystem').valueString"
"LTCFeeAuditDetailModel.auditResult.aSvcRecords.refObjid","LTCFeeAuditDetailModel.auditResult.aSvcRecords.refObjid","","","",0,1,"","","","string {[]} {[]}
","審核通過服務記錄識別碼","所加成之審核通過服務記錄識別碼，長度 20（ref_objid）","","","","","","","","","",,,,,"",,,,"LTCFeeAuditDetailModel.auditResult.aSvcRecords.refObjid",0,1,"","","ClaimResponse.addItem.extension('http://ltc-ig.fhir.tw/StructureDefinition/Ext-TW-LTC-FeeAudit-RecordRef').extension('objid').valueString"
"LTCFeeAuditDetailModel.auditResult.aSvcRecords.aGovItemCd","LTCFeeAuditDetailModel.auditResult.aSvcRecords.aGovItemCd","","","",0,1,"","","","string {[]} {[]}
","A 碼","A 碼加成之給付項目代碼，長度 10（a_gov_item_cd）","","","","","","","","","",,,,,"",,,,"LTCFeeAuditDetailModel.auditResult.aSvcRecords.aGovItemCd",0,1,"","","ClaimResponse.addItem.productOrService"
"LTCFeeAuditDetailModel.auditResult.aSvcRecords.price","LTCFeeAuditDetailModel.auditResult.aSvcRecords.price","","","",0,1,"","","","decimal {[]} {[]}
","單價","該筆 A 碼加成之單價（price）","","","","","","","","","",,,,,"",,,,"LTCFeeAuditDetailModel.auditResult.aSvcRecords.price",0,1,"","","ClaimResponse.addItem.adjudication.where(category.coding.code='price').amount"
