URL,Version,Status,OIDs,Name,Title,Description,Uses,Used,Sources
http://hl7.org/fhir/ValueSet/administrative-gender,4.0.1,active,"2.16.840.1.113883.4.642.3.1",AdministrativeGender,AdministrativeGender,"The gender of a person used for administrative purposes.","StructureDefinition/HAHCareDataset","hl7.fhir.r4.core"
http://hl7.org/fhir/ValueSet/body-site,4.0.1,draft,"2.16.840.1.113883.4.642.3.141",SNOMEDCTBodyStructures,SNOMED CT Body Structures,"This value set includes all codes from [SNOMED CT](http://snomed.info/sct) where concept is-a 442083009 (Anatomical or acquired body site (body structure)).","StructureDefinition/PASportObservationMeanHeartRate,StructureDefinition/PASportObservationBodyFatPercentage,StructureDefinition/PASportObservationExtracellularWater,StructureDefinition/PASportObservationTotalBodyWater,StructureDefinition/PASportObservationMineral,StructureDefinition/PASportObservationCellMass,StructureDefinition/PASportObservationRestingHeartRate,StructureDefinition/PASportObservationSoftLeanMass,StructureDefinition/PASportObservationGaitCycle,StructureDefinition/PASportObservationWeight,StructureDefinition/PASportObservationHeight,StructureDefinition/PASportObservationObesityDegree,StructureDefinition/PASportObservationWaistHipRate,StructureDefinition/PASportObservationExtracellularWaterRatio,StructureDefinition/PASportObservationBodyAge,StructureDefinition/PASportObservationBodyBoneMass,StructureDefinition/PASportObservationBodyFatMass,StructureDefinition/PASportObservationWeightTraining,StructureDefinition/PASportObservationWaist,StructureDefinition/PASportObservationPeripheralOxygenSaturation,StructureDefinition/PASportObservationGlucose,StructureDefinition/PASportObservationBodyTemperature,StructureDefinition/PASportObservationHeartRate,StructureDefinition/PASportObservationVisceralFatIndex,StructureDefinition/PASportObservationBasalMetabolicRate,StructureDefinition/PASportObservationHeartRateVariability,StructureDefinition/PASportObservationGaitType,StructureDefinition/PASportObservationProtein,StructureDefinition/PASportObservationIntracellularWater,StructureDefinition/PASportObservationSkeletalMuscleMassIndex,StructureDefinition/PASportObservationFatFreeMass,StructureDefinition/PASportObservationRespiratoryRate,StructureDefinition/PASportObservationSkeletalMuscleMass,StructureDefinition/PASportObservationVisceralFatArea","SCT"
http://hl7.org/fhir/ValueSet/care-team-status,4.0.1,draft,"2.16.840.1.113883.4.642.3.153",CareTeamStatus,CareTeamStatus,"Indicates the status of the care team.","StructureDefinition/LTCCareTeam","hl7.fhir.r4.core"
http://hl7.org/fhir/ValueSet/claim-use,4.0.1,draft,"2.16.840.1.113883.4.642.3.544",Use,Use,"The purpose of the Claim: predetermination, preauthorization, claim.","StructureDefinition/LTC-Claim-Export","hl7.fhir.r4.core"
http://hl7.org/fhir/ValueSet/condition-severity,4.0.1,draft,"2.16.840.1.113883.4.642.3.168",Condition/DiagnosisSeverity,Condition/Diagnosis Severity,"Preferred value set for Condition/Diagnosis severity grading.","ValueSet/ConditionSeverityVS-TWLTC","SCT"
http://hl7.org/fhir/ValueSet/consent-state-codes,4.0.1,draft,"2.16.840.1.113883.4.642.3.755",ConsentState,ConsentState,"Indicates the state of the consent.","StructureDefinition/HAHCareDataset","hl7.fhir.r4.core"
http://hl7.org/fhir/ValueSet/data-absent-reason,4.0.1,active,"2.16.840.1.113883.4.642.3.5",DataAbsentReason,DataAbsentReason,"Used to specify why the normally expected content of the data element is missing.","StructureDefinition/HNWound","THO"
http://hl7.org/fhir/ValueSet/diagnostic-report-status,4.0.1,draft,"2.16.840.1.113883.4.642.3.235",DiagnosticReportStatus,DiagnosticReportStatus,"The status of the diagnostic report.","StructureDefinition/HAHCareDataset","hl7.fhir.r4.core"
http://hl7.org/fhir/ValueSet/encounter-status,4.0.1,draft,"2.16.840.1.113883.4.642.3.246",EncounterStatus,EncounterStatus,"Current state of the encounter.","StructureDefinition/HAHCareDataset","hl7.fhir.r4.core"
http://hl7.org/fhir/ValueSet/episode-of-care-status,4.0.1,draft,"2.16.840.1.113883.4.642.3.664",EpisodeOfCareStatus,EpisodeOfCareStatus,"The status of the episode of care.","StructureDefinition/HAHCareDataset","hl7.fhir.r4.core"
http://hl7.org/fhir/ValueSet/event-status,4.0.1,draft,"2.16.840.1.113883.4.642.3.109",EventStatus,EventStatus,"Codes identifying the lifecycle stage of an event.","StructureDefinition/HAHCareDataset,StructureDefinition/LTCProcedureCareActivity","hl7.fhir.r4.core"
http://hl7.org/fhir/ValueSet/goal-status,4.0.1,draft,"2.16.840.1.113883.4.642.3.271",GoalLifecycleStatus,GoalLifecycleStatus,"Codes that reflect the current state of a goal and whether the goal is still being targeted.","StructureDefinition/HAHCareDataset","hl7.fhir.r4.core"
http://hl7.org/fhir/ValueSet/medication-admin-status,4.0.1,draft,"2.16.840.1.113883.4.642.3.340",MedicationAdministration Status Codes,Medication administration  status  codes,"MedicationAdministration Status Codes","StructureDefinition/HAHCareDataset,StructureDefinition/LTCMedicationAdministration","THO"
http://hl7.org/fhir/ValueSet/medication-codes,4.0.1,draft,"2.16.840.1.113883.4.642.3.375",SNOMEDCTMedicationCodes,SNOMED CT Medication Codes,"This value set includes all drug or medicament substance codes and all pharmaceutical/biologic products from SNOMED CT - provided as an exemplar value set.","StructureDefinition/LTCMedicationAdministration","SCT"
http://hl7.org/fhir/ValueSet/medicationrequest-intent,4.0.1,draft,"2.16.840.1.113883.4.642.3.1321",medicationRequest Intent,Medication request  intent,"MedicationRequest Intent Codes","StructureDefinition/HAHCareDataset","hl7.fhir.r4.core"
http://hl7.org/fhir/ValueSet/medicationrequest-status,4.0.1,draft,"2.16.840.1.113883.4.642.3.1320",medicationrequest Status,Medicationrequest  status,"MedicationRequest Status Codes","StructureDefinition/HAHCareDataset","hl7.fhir.r4.core"
http://hl7.org/fhir/ValueSet/observation-methods,4.0.1,draft,"2.16.840.1.113883.4.642.3.395",ObservationMethods,Observation Methods,"Observation Method codes from [SNOMED CT](http://snomed.info/sct) where concept is-a 272394005 (Technique (qualifier value)) or is-a 129264002 (Action (qualifier value)) or is-a 386053000 (Evaluation procedure(procedure))","StructureDefinition/PASportObservationMeanHeartRate,StructureDefinition/PASportObservationBodyFatPercentage,StructureDefinition/PASportObservationExtracellularWater,StructureDefinition/PASportObservationTotalBodyWater,StructureDefinition/PASportObservationMineral,StructureDefinition/PASportObservationCellMass,StructureDefinition/PASportObservationRestingHeartRate,StructureDefinition/PASportObservationSoftLeanMass,StructureDefinition/PASportObservationGaitCycle,StructureDefinition/PASportObservationWeight,StructureDefinition/PASportObservationHeight,StructureDefinition/PASportObservationObesityDegree,StructureDefinition/PASportObservationWaistHipRate,StructureDefinition/PASportObservationExtracellularWaterRatio,StructureDefinition/PASportObservationBodyAge,StructureDefinition/PASportObservationBodyBoneMass,StructureDefinition/PASportObservationBodyFatMass,StructureDefinition/PASportObservationWeightTraining,StructureDefinition/PASportObservationWaist,StructureDefinition/PASportObservationPeripheralOxygenSaturation,StructureDefinition/PASportObservationGlucose,StructureDefinition/PASportObservationBodyTemperature,StructureDefinition/PASportObservationHeartRate,StructureDefinition/PASportObservationVisceralFatIndex,StructureDefinition/PASportObservationBasalMetabolicRate,StructureDefinition/PASportObservationHeartRateVariability,StructureDefinition/PASportObservationGaitType,StructureDefinition/PASportObservationProtein,StructureDefinition/PASportObservationIntracellularWater,StructureDefinition/PASportObservationSkeletalMuscleMassIndex,StructureDefinition/PASportObservationFatFreeMass,StructureDefinition/PASportObservationRespiratoryRate,StructureDefinition/PASportObservationSkeletalMuscleMass,StructureDefinition/PASportObservationVisceralFatArea","SCT"
http://hl7.org/fhir/ValueSet/observation-status,4.0.1,active,"2.16.840.1.113883.4.642.3.400",ObservationStatus,ObservationStatus,"Codes providing the status of an observation.","StructureDefinition/HAHCareDataset","hl7.fhir.r4.core"
http://hl7.org/fhir/ValueSet/participant-role,4.0.1,draft,"2.16.840.1.113883.4.642.3.152",ParticipantRoles,Participant Roles,"Roles of participants that may be included in a care team.  Defined as: Is a Person, Healthcare professional (occupation) or Healthcare related organization (qualifier value).","StructureDefinition/LTCCareTeam","SCT"
http://hl7.org/fhir/ValueSet/publication-status,4.0.1,active,"2.16.840.1.113883.4.642.3.3",PublicationStatus,PublicationStatus,"The lifecycle status of an artifact.","StructureDefinition/LTCQuestionnaire","hl7.fhir.r4.core"
http://hl7.org/fhir/ValueSet/request-intent,4.0.1,draft,"2.16.840.1.113883.4.642.3.113",RequestIntent,RequestIntent,"Codes indicating the degree of authority/intentionality associated with a request.","StructureDefinition/HAHCareDataset","hl7.fhir.r4.core"
http://hl7.org/fhir/ValueSet/request-status,4.0.1,draft,"2.16.840.1.113883.4.642.3.111",RequestStatus,RequestStatus,"Codes identifying the lifecycle stage of a request.","StructureDefinition/HAHCareDataset","hl7.fhir.r4.core"
http://hl7.org/fhir/ValueSet/route-codes,4.0.1,draft,"2.16.840.1.113883.4.642.3.98",SNOMEDCTRouteCodes,SNOMED CT Route Codes,"This value set includes all Route codes from SNOMED CT - provided as an exemplar.","StructureDefinition/LTCMedicationAdministration","SCT"
http://hl7.org/fhir/ValueSet/task-status,4.0.1,draft,"2.16.840.1.113883.4.642.3.790",TaskStatus,TaskStatus,"The current status of the task.","StructureDefinition/HAHCareDataset","hl7.fhir.r4.core"
http://ltc-ig.fhir.tw/ValueSet/AddressUseVS-TWLTC,1.1.0,active,"2.25.74479291720515125532267282249642267508",AddressUseVSTWLTC,地址用途擴展值集,"地址的用途，新增戶籍地與現居地等代碼",,"Internal"
http://ltc-ig.fhir.tw/ValueSet/ConditionDisabilityTypeVS-TWLTC,1.1.0,active,"2.25.321758608038491974232931062581721483610",ConditionDisabilityTypeVSTWLTC,身心障礙類型值集,"個案身心障礙類型","StructureDefinition/LTCConditionDisabilityType","Internal"
http://ltc-ig.fhir.tw/ValueSet/ConditionDisabilityVS-TWLTC,1.1.0,active,"2.25.87500079605613807043050943031366402975",ConditionDisabilityVSTWLTC,身心障礙手冊持有狀況值集,"個案持有身心障礙手冊的狀況","StructureDefinition/LTCConditionDisability","Internal"
http://ltc-ig.fhir.tw/ValueSet/ConditionSeverityVS-TWLTC,1.1.0,active,"2.25.290717288293434558866263121671520644301",ConditionSeverityVSTWLTC,疾病嚴重度擴展值集,"用以表述疾病嚴重度之擴展值集，包含疾病嚴重度之描述內容。配合身心障礙手冊障礙程度分級，包含輕度、中度、重度、極重度等代碼。","StructureDefinition/LTCConditionDisabilityType","SCT"
http://ltc-ig.fhir.tw/ValueSet/EconomyStatusVS-TWLTC,1.1.0,active,"2.25.277024788164347100560362132953014393040",EconomyStatusVSTWLTC,個案經濟狀況值集,"用以表述個案經濟狀況之值集，包含個案經濟狀況之描述內容。","StructureDefinition/ExtPatientEconomyStatus-TWLTC","Internal"
http://ltc-ig.fhir.tw/ValueSet/EducationStatusVS-TWLTC,1.1.0,active,"2.25.264892108691424086956090133934518960920",EducationStatusVSTWLTC,教育程度值集,"用以表述教育程度之值集，包含教育程度之描述內容。","StructureDefinition/ExtPatientEducationStatus-TWLTC","Internal"
http://ltc-ig.fhir.tw/ValueSet/ExerciseHistoryVS-Sport,1.1.0,active,"2.25.339599518222940892970780100406147484135",ExerciseHistoryVSSport,身體活動量測-最近(目前)運動史值集,"最近(目前)運動史。本 ValueSet 繼承自身體活動量測 IG，後續將配合原始 IG 進行更新。",,"SCT"
http://ltc-ig.fhir.tw/ValueSet/FallHistoryResultVS-TWLTC,1.1.0,active,"2.25.115369481939195704806136599724148707602",FallHistoryResultVSTWLTC,跌倒紀錄結果值集,"紀錄住民跌倒的偵測結果。","StructureDefinition/LTCObservationFallingHistory","LOINC"
http://ltc-ig.fhir.tw/ValueSet/GaitCycleVS-Sport,1.1.0,active,"2.25.287099124258231051216636463428916743191",GaitCycleVSSport,身體活動量測-步態週期值集,"一個步伐的完整過程，從一隻腳接觸地面開始到同一隻腳再次接觸地面結束。這個過程可以分為兩個主要階段：支撐期（stance phase）和擺動期（swing phase）。本 ValueSet 繼承自身體活動量測 IG，後續將配合原始 IG 進行更新。",,"Internal"
http://ltc-ig.fhir.tw/ValueSet/GaitTypeVS-Sport,1.1.0,active,"2.25.87450635089000044283605225525837307585",GaitTypeVSSport,身體活動量測-步態分析值集,"用於描述步態（walking gait）時腳的着地位置和運動模式。本 ValueSet 繼承自身體活動量測 IG，後續將配合原始 IG 進行更新。","StructureDefinition/PASportObservationGaitType","SCT"
http://ltc-ig.fhir.tw/ValueSet/GoalDescriptionVS-TWLTC,1.1.0,active,"2.25.178125711072361151936479110609637557300",GoalDescriptionVSTWLTC,照顧目標描述值集,"照顧目標的描述值集，用以表述長期照顧情境中涉及之照顧目標描述內容。本值集列舉臺灣長期照顧情境常用之 SNOMED CT 照顧目標代碼，綁定強度為 extensible，實作者可依需求使用其他 SNOMED CT 或 LOINC 代碼。","StructureDefinition/LTCGoal","SCT"
http://ltc-ig.fhir.tw/ValueSet/ICD-10-PCS-2023-TW-F-VS,1.1.0,active,"2.25.117037232722564749633108736248946724683",ICD10PCS2023TWFVS,臺灣 2023 年中文版 ICD-10-PCS-F 值集,"臺灣 2023 年中文版 ICD-10-PCS 復健及診斷性聽力學(Physical Rehabilitation and Diagnostic Audiology)，章節數值為「F」。 包括：復健、診斷性聽力學。 代碼出版日期：2023-11-10；資料所屬單位：衛生福利部中央健康保險署。 因原始資料無代碼版本資訊，故使用其法規「公布日期」作為版本資訊。本 ValueSet 繼承自身體活動量測 IG，後續將配合原始 IG 進行更新。","StructureDefinition/PASportServiceRequest","Internal"
http://ltc-ig.fhir.tw/ValueSet/PatientIdentityVS-TWLTC,1.1.0,active,"2.25.305024746164004866710557731153486000865",PatientIdentityVSTWLTC,個案身分別值集,"個案身分別的值集","StructureDefinition/ExtPatientIdentity-TWLTC","Internal"
http://ltc-ig.fhir.tw/ValueSet/ReferralCarePlanVS-TWLTC,1.1.0,active,"2.25.64751612194387231425492984710444044495",ReferralCarePlanVSTWLTC,轉介單申請服務種類值集,"轉介單申請服務種類的值集","StructureDefinition/LTCCarePlanReferral","Internal"
http://ltc-ig.fhir.tw/ValueSet/ReferralConditionCaregiverVS-TWLTC,1.1.0,active,"2.25.166193561574044356154290069329504631161",ReferralConditionCaregiverVSTWLTC,看護狀況值集,"個案雇用看護的狀況","StructureDefinition/LTCConditionCaregiver","Internal"
http://ltc-ig.fhir.tw/ValueSet/ReferralConditionCrushVS-TWLTC,1.1.0,active,"2.25.124757791910943408406775589187202221698",ReferralConditionCrushVSTWLTC,壓傷狀況值集,"個案壓傷的狀況","StructureDefinition/LTCConditionCrush","Internal"
http://ltc-ig.fhir.tw/ValueSet/ReferralConditionResidenceVS-TWLTC,1.1.0,active,"2.25.91399101256539222749831668650894952345",ReferralConditionResidenceVSTWLTC,居住狀況值集,"個案的居住狀況","StructureDefinition/LTCConditionResidence","Internal"
http://ltc-ig.fhir.tw/ValueSet/ReferralConditionTubeVS-TWLTC,1.1.0,active,"2.25.253197882496686084669009825017125945834",ReferralConditionTubeVSTWLTC,管路狀況值集,"個案持有管路的狀況","StructureDefinition/LTCConditionTube","Internal"
http://ltc-ig.fhir.tw/ValueSet/RelationshipTypeVS-TWLTC,1.1.0,active,"2.25.201597545885992489564101901823159969635",RelationshipTypeVSTWLTC,關係類型擴展值集,"關係人與個案的關係類型擴展代碼值集，新增孫媳婦、孫女婿、聘用看護-本國籍、聘用看護-外國籍等代碼","StructureDefinition/LTCRelatedPerson","THO (V3),THO (V2),Internal"
http://ltc-ig.fhir.tw/ValueSet/ServiceRequestPAVS-Sport,1.1.0,active,"2.25.108081609301721935419141474874375089116",ServiceRequestPAVSSport,身體活動量測-適用運動處方之服務請求代碼值集,"適用運動處方之服務請求代碼。本 ValueSet 繼承自身體活動量測 IG，後續將配合原始 IG 進行更新。","StructureDefinition/PASportServiceRequest","SCT"
http://ltc-ig.fhir.tw/ValueSet/SportTrainingVS-Sport,1.1.0,active,"2.25.62818101448678794587536818280703838807",SportTrainingVSSport,身體活動量測-重量訓練代碼值集,"定義重量訓練各個方面的代碼，包括使用的重量、執行的組數以及每組的重複次數。本 ValueSet 繼承自身體活動量測 IG，後續將配合原始 IG 進行更新。",,"Internal"
http://ltc-ig.fhir.tw/ValueSet/TempCodeVS-Sport,1.1.0,active,"2.25.274626690570919936419037161228615609864",TempCodeVSSport,身體活動量測-暫用代碼值集,"身體活動量測暫時使用的代碼，目前無官方代碼。本 ValueSet 繼承自身體活動量測 IG，後續將配合官方代碼更新。",,"Internal"
http://ltc-ig.fhir.tw/ValueSet/TreadmillTypeVS-Sport,1.1.0,active,"2.25.82104155355568824777434375135779318240",TreadmillTypeVSSport,身體活動量測-跑步機類型值集,"用於描述跑步機的類型。本 ValueSet 繼承自身體活動量測 IG，後續將配合原始 IG 進行更新。","StructureDefinition/PASportObservationTreadmill","SCT"
http://ltc-ig.fhir.tw/ValueSet/hah-communication,1.1.0,draft,,HAHCommunicationVS,在宅急症－溝通類型值集,"區分照會、交班與衛教內容。","StructureDefinition/HAHCommunication","Internal"
http://ltc-ig.fhir.tw/ValueSet/hah-eligibility,1.1.0,draft,,HAHEligibilityVS,在宅急症－收案評估結果值集,"本次收案評估的建議結果。","StructureDefinition/HAHCareDataset,StructureDefinition/HAHAssessmentResponse,Questionnaire/hah-intake-assessment","Internal"
http://ltc-ig.fhir.tw/ValueSet/hah-outcome,1.1.0,draft,,HAHOutcomeVS,在宅急症－療程結束原因值集,"本次療程已結束時填寫的原因。","StructureDefinition/ExtHAHOutcome,StructureDefinition/HAHCareDataset","Internal"
http://ltc-ig.fhir.tw/ValueSet/hah-section,1.1.0,draft,,HAHSectionVS,在宅急症－摘要章節值集,"摘要文件中的臨床章節。","StructureDefinition/HAHCompositionSummary","Internal"
http://ltc-ig.fhir.tw/ValueSet/hah-service,1.1.0,draft,,HAHServiceVS,在宅急症－服務項目值集,"服務請求與工作可用的本地分類；詳細檢驗或處置仍應使用適切標準代碼。","StructureDefinition/HAHVisitTask,StructureDefinition/HAHServiceRequest","Internal"
http://ltc-ig.fhir.tw/ValueSet/hah-summary-type,1.1.0,draft,,HAHSummaryTypeVS,在宅急症－摘要種類值集,"結案或轉銜摘要。","StructureDefinition/HAHCompositionSummary,StructureDefinition/HAHCareDataset","Internal"
http://ltc-ig.fhir.tw/ValueSet/hah-visit-mode,1.1.0,draft,,HAHVisitModeVS,在宅急症－訪視方式值集,"實地、視訊或電話評估。","StructureDefinition/HAHCareDataset,StructureDefinition/ExtHAHVisitMode","Internal"
http://ltc-ig.fhir.tw/ValueSet/hn-api,1.1.0,active,"2.25.327029042831774211468818290978451932487",HNAPIVS,居家護理－API 作業值集,"限定 V5.0.16 的十二支 API 名稱。","StructureDefinition/HNAPITask","Internal"
http://ltc-ig.fhir.tw/ValueSet/hn-collection,1.1.0,active,"2.25.303919743223251822680213880309982753488",HNCollectionVS,居家護理－共照名單種類,"指定需更新的共照名單。","StructureDefinition/ExtHNCollectionUpdate","Internal"
http://ltc-ig.fhir.tw/ValueSet/hn-disability-type,1.1.0,active,"2.25.57490884695334546608865020451243411787",HNDisabilityTypeVS,居家護理－身障類別,"重用長照新制身心障礙類型代碼，限居護 V5.0.16 的第一至第八類。","Questionnaire/hn-basedata,StructureDefinition/HNBaseDataResponse,StructureDefinition/HNBaseDataModel","Internal"
http://ltc-ig.fhir.tw/ValueSet/hn-update-action,1.1.0,active,"2.25.206248524088810760731602015317753358895",HNUpdateActionVS,居家護理－共照名單更新方式,"區分未填或 null 的保留、非空陣列的取代及空陣列的清空。","StructureDefinition/ExtHNCollectionUpdate","Internal"
http://ltc-ig.fhir.tw/ValueSet/hn-vs-00697b86a7bc,1.1.0,draft,"2.25.294209081876094077202097818346458470965",HNAnswerVS00697b86a7bc,居家護理－左上肢選項,"限定左上肢可填入的 V5.0.16 選項。","StructureDefinition/HNBodyEvaluationsResponse,StructureDefinition/HNBodyEvaluationsModel,Questionnaire/hn-bodyevaluations","Internal"
http://ltc-ig.fhir.tw/ValueSet/hn-vs-0467df08a056,1.1.0,draft,"2.25.189608729951553171280526041396554124420",HNAnswerVS0467df08a056,居家護理－排便輔助多選選項,"限定排便輔助多選可填入的 V5.0.16 選項。","StructureDefinition/HNBodyEvaluationsResponse,StructureDefinition/HNBodyEvaluationsModel,Questionnaire/hn-bodyevaluations","Internal"
http://ltc-ig.fhir.tw/ValueSet/hn-vs-04e9c37073f4,1.1.0,draft,"2.25.303330707716125816048158790879545645161",HNAnswerVS04e9c37073f4,居家護理－紀錄來源選項,"限定紀錄來源可填入的 V5.0.16 選項。","StructureDefinition/HNCareRecordModel,StructureDefinition/HNCareRecordResponse,Questionnaire/hn-carerecord","Internal"
http://ltc-ig.fhir.tw/ValueSet/hn-vs-0655870f5454,1.1.0,draft,"2.25.325568702833567893600020090280871185049",HNAnswerVS0655870f5454,居家護理－溝通選項,"限定溝通可填入的 V5.0.16 選項。","StructureDefinition/HNBodyEvaluationsResponse,StructureDefinition/HNBodyEvaluationsModel,Questionnaire/hn-bodyevaluations","Internal"
http://ltc-ig.fhir.tw/ValueSet/hn-vs-076f2d014436,1.1.0,draft,"2.25.99773248073930889740996074958004720720",HNAnswerVS076f2d014436,居家護理－樓梯選項,"限定樓梯可填入的 V5.0.16 選項。","StructureDefinition/HNADLsResponse,Questionnaire/hn-adls,StructureDefinition/HNADLsModel","Internal"
http://ltc-ig.fhir.tw/ValueSet/hn-vs-082869c8d896,1.1.0,draft,"2.25.262530139607192467487881984529138839126",HNAnswerVS082869c8d896,居家護理－個案類型選項,"限定個案類型可填入的 V5.0.16 選項。","Questionnaire/hn-basedata,StructureDefinition/HNBaseDataResponse,StructureDefinition/HNBaseDataModel","Internal"
http://ltc-ig.fhir.tw/ValueSet/hn-vs-0a65df60cccf,1.1.0,draft,"2.25.325336354892396014835711230814890522188",HNAnswerVS0a65df60cccf,居家護理－項目分類選項,"限定項目分類可填入的 V5.0.16 選項。","StructureDefinition/HNCareRecordModel,StructureDefinition/HNCareRecordResponse,Questionnaire/hn-carerecord","Internal"
http://ltc-ig.fhir.tw/ValueSet/hn-vs-13d13792ca45,1.1.0,draft,"2.25.331852711887651932886383168502717036965",HNAnswerVS13d13792ca45,居家護理－溫度選項,"限定溫度可填入的 V5.0.16 選項。","StructureDefinition/HNBodyEvaluationsResponse,StructureDefinition/HNBodyEvaluationsModel,Questionnaire/hn-bodyevaluations","Internal"
http://ltc-ig.fhir.tw/ValueSet/hn-vs-14764e5914f7,1.1.0,draft,"2.25.104709048415922433631427692989887298839",HNAnswerVS14764e5914f7,居家護理－評估項目選項,"限定評估項目可填入的 V5.0.16 選項。","StructureDefinition/HNCareRecordModel,StructureDefinition/HNCareRecordResponse,Questionnaire/hn-carerecord","Internal"
http://ltc-ig.fhir.tw/ValueSet/hn-vs-15ba9c15ead1,1.1.0,draft,"2.25.196437414705180533755439020932526401878",HNAnswerVS15ba9c15ead1,居家護理－備食選項,"限定備食可填入的 V5.0.16 選項。","StructureDefinition/HNIADLsModel,Questionnaire/hn-iadls,StructureDefinition/HNIADLsResponse","Internal"
http://ltc-ig.fhir.tw/ValueSet/hn-vs-19264db8df7b,1.1.0,draft,"2.25.46427079544254199940473143262610640000",HNAnswerVS19264db8df7b,居家護理－有無與未知選項,"限定有無與未知可填入的 V5.0.16 選項。","StructureDefinition/HNBodyEvaluationsResponse,StructureDefinition/HNHealthyHabitsResponse,Questionnaire/hn-drugsafeties,StructureDefinition/HNDrugSafetiesResponse,StructureDefinition/HNBodyEvaluationsModel,StructureDefinition/HNDrugSafetiesModel,Questionnaire/hn-bodyevaluations,Questionnaire/hn-healthyhabits,StructureDefinition/HNHealthyHabitsModel","Internal"
http://ltc-ig.fhir.tw/ValueSet/hn-vs-1a72d15a5965,1.1.0,draft,"2.25.139177464520617106912554017088892473991",HNAnswerVS1a72d15a5965,居家護理－肌力-輔具多選選項,"限定肌力-輔具多選可填入的 V5.0.16 選項。","StructureDefinition/HNBodyEvaluationsResponse,StructureDefinition/HNBodyEvaluationsModel,Questionnaire/hn-bodyevaluations","Internal"
http://ltc-ig.fhir.tw/ValueSet/hn-vs-1c0dbbd93870,1.1.0,draft,"2.25.189517575852414774347997275902492797528",HNAnswerVS1c0dbbd93870,居家護理－服藥選項,"限定服藥可填入的 V5.0.16 選項。","StructureDefinition/HNIADLsModel,Questionnaire/hn-iadls,StructureDefinition/HNIADLsResponse","Internal"
http://ltc-ig.fhir.tw/ValueSet/hn-vs-1c644096303f,1.1.0,draft,"2.25.55871459565657547161924413728067078291",HNAnswerVS1c644096303f,居家護理－有輔助器多選選項,"限定有輔助器多選可填入的 V5.0.16 選項。","StructureDefinition/HNBodyEvaluationsResponse,StructureDefinition/HNBodyEvaluationsModel,Questionnaire/hn-bodyevaluations","Internal"
http://ltc-ig.fhir.tw/ValueSet/hn-vs-1ffa1d5d3bef,1.1.0,draft,"2.25.145308206149008344165079825682621662683",HNAnswerVS1ffa1d5d3bef,居家護理－行動能力問題選項,"限定行動能力問題可填入的 V5.0.16 選項。","StructureDefinition/HNBodyEvaluationsResponse,StructureDefinition/HNBodyEvaluationsModel,Questionnaire/hn-bodyevaluations","Internal"
http://ltc-ig.fhir.tw/ValueSet/hn-vs-2029890a4c12,1.1.0,draft,"2.25.205646740206617662172157159090298984246",HNAnswerVS2029890a4c12,居家護理－緊急聯絡人關係選項,"限定緊急聯絡人關係可填入的 V5.0.16 選項。","Questionnaire/hn-basedata,StructureDefinition/HNBaseDataResponse,StructureDefinition/HNBaseDataModel","Internal"
http://ltc-ig.fhir.tw/ValueSet/hn-vs-2a3bd76ba6eb,1.1.0,draft,"2.25.140576923652561890349648914749919093301",HNAnswerVS2a3bd76ba6eb,居家護理－今天是幾年幾月幾日？__年__月__日選項,"限定今天是幾年幾月幾日？__年__月__日可填入的 V5.0.16 選項。","StructureDefinition/HNDementiasResponse,Questionnaire/hn-dementias,StructureDefinition/HNDementiasModel","Internal"
http://ltc-ig.fhir.tw/ValueSet/hn-vs-2fd20e6427ff,1.1.0,draft,"2.25.334471448234452063083389731433006436358",HNAnswerVS2fd20e6427ff,居家護理－視力-部位多選選項,"限定視力-部位多選可填入的 V5.0.16 選項。","StructureDefinition/HNBodyEvaluationsResponse,StructureDefinition/HNBodyEvaluationsModel,Questionnaire/hn-bodyevaluations","Internal"
http://ltc-ig.fhir.tw/ValueSet/hn-vs-3330cbe2f937,1.1.0,draft,"2.25.210924545851858311328560548884658717905",HNAnswerVS3330cbe2f937,居家護理－說話選項,"限定說話可填入的 V5.0.16 選項。","StructureDefinition/HNBodyEvaluationsResponse,StructureDefinition/HNBodyEvaluationsModel,Questionnaire/hn-bodyevaluations","Internal"
http://ltc-ig.fhir.tw/ValueSet/hn-vs-3435b7eace88,1.1.0,draft,"2.25.86149792653855327536929354683897232041",HNAnswerVS3435b7eace88,居家護理－特殊進食多選選項,"限定特殊進食多選可填入的 V5.0.16 選項。","StructureDefinition/HNBodyEvaluationsResponse,StructureDefinition/HNBodyEvaluationsModel,Questionnaire/hn-bodyevaluations","Internal"
http://ltc-ig.fhir.tw/ValueSet/hn-vs-3435e7a5a84d,1.1.0,draft,"2.25.224833679709358411708812927165720783826",HNAnswerVS3435e7a5a84d,居家護理－洗衣選項,"限定洗衣可填入的 V5.0.16 選項。","StructureDefinition/HNIADLsModel,Questionnaire/hn-iadls,StructureDefinition/HNIADLsResponse","Internal"
http://ltc-ig.fhir.tw/ValueSet/hn-vs-365bfce838bb,1.1.0,draft,"2.25.232155523067191870855729925583247706859",HNAnswerVS365bfce838bb,居家護理－行為選項,"限定行為可填入的 V5.0.16 選項。","StructureDefinition/HNBodyEvaluationsResponse,StructureDefinition/HNBodyEvaluationsModel,Questionnaire/hn-bodyevaluations","Internal"
http://ltc-ig.fhir.tw/ValueSet/hn-vs-38762eb1c742,1.1.0,draft,"2.25.96562761045375509397463580250518048188",HNAnswerVS38762eb1c742,居家護理－使用資源多選選項,"限定使用資源多選可填入的 V5.0.16 選項。","StructureDefinition/HNCareRecordModel,StructureDefinition/HNCareRecordResponse,Questionnaire/hn-carerecord","Internal"
http://ltc-ig.fhir.tw/ValueSet/hn-vs-3baefb430e5b,1.1.0,draft,"2.25.320996269017317727014512409961720306498",HNAnswerVS3baefb430e5b,居家護理－行動力選項,"限定行動力可填入的 V5.0.16 選項。","Questionnaire/hn-mnasfs,StructureDefinition/HNMNASFsResponse,StructureDefinition/HNMNASFsModel","Internal"
http://ltc-ig.fhir.tw/ValueSet/hn-vs-3bbfa4b4f8db,1.1.0,draft,"2.25.68228807338489623080725366839321364157",HNAnswerVS3bbfa4b4f8db,居家護理－跌倒多選選項,"限定跌倒多選可填入的 V5.0.16 選項。","StructureDefinition/HNBodyEvaluationsResponse,StructureDefinition/HNBodyEvaluationsModel,Questionnaire/hn-bodyevaluations","Internal"
http://ltc-ig.fhir.tw/ValueSet/hn-vs-3c038851248f,1.1.0,draft,"2.25.225183720435307435405947754074934423141",HNAnswerVS3c038851248f,居家護理－洗澡選項,"限定洗澡可填入的 V5.0.16 選項。","StructureDefinition/HNADLsResponse,Questionnaire/hn-adls,StructureDefinition/HNADLsModel","Internal"
http://ltc-ig.fhir.tw/ValueSet/hn-vs-3d4ed1f2575b,1.1.0,draft,"2.25.42731771123791160638822905458815589219",HNAnswerVS3d4ed1f2575b,居家護理－腸蠕動選項,"限定腸蠕動可填入的 V5.0.16 選項。","StructureDefinition/HNBodyEvaluationsResponse,StructureDefinition/HNBodyEvaluationsModel,Questionnaire/hn-bodyevaluations","Internal"
http://ltc-ig.fhir.tw/ValueSet/hn-vs-40193bb109d6,1.1.0,draft,"2.25.288084804537005338278824586124863384215",HNAnswerVS40193bb109d6,居家護理－福利種類多選選項,"限定福利種類多選可填入的 V5.0.16 選項。","Questionnaire/hn-basedata,StructureDefinition/HNBaseDataResponse,StructureDefinition/HNBaseDataModel","Internal"
http://ltc-ig.fhir.tw/ValueSet/hn-vs-415683173294,1.1.0,draft,"2.25.319626655780691739070809366735760243479",HNAnswerVS415683173294,居家護理－口腔外觀多選選項,"限定口腔外觀多選可填入的 V5.0.16 選項。","StructureDefinition/HNBodyEvaluationsResponse,StructureDefinition/HNBodyEvaluationsModel,Questionnaire/hn-bodyevaluations","Internal"
http://ltc-ig.fhir.tw/ValueSet/hn-vs-41cb9f76208c,1.1.0,draft,"2.25.37933252757540681296639376939032595441",HNAnswerVS41cb9f76208c,居家護理－理財選項,"限定理財可填入的 V5.0.16 選項。","StructureDefinition/HNIADLsModel,Questionnaire/hn-iadls,StructureDefinition/HNIADLsResponse","Internal"
http://ltc-ig.fhir.tw/ValueSet/hn-vs-46c8866533a0,1.1.0,draft,"2.25.151381712476425967239751227169498821393",HNAnswerVS46c8866533a0,居家護理－行為多選選項,"限定行為多選可填入的 V5.0.16 選項。","StructureDefinition/HNBodyEvaluationsResponse,StructureDefinition/HNBodyEvaluationsModel,Questionnaire/hn-bodyevaluations","Internal"
http://ltc-ig.fhir.tw/ValueSet/hn-vs-49fe20230ec3,1.1.0,draft,"2.25.289355627531236977102033212170544551583",HNAnswerVS49fe20230ec3,居家護理－有無選項,"限定有無可填入的 V5.0.16 選項。","StructureDefinition/HNBodyEvaluationsResponse,Questionnaire/hn-drugsafeties,StructureDefinition/HNDrugSafetiesResponse,Questionnaire/hn-basedata,StructureDefinition/HNBodyEvaluationsModel,StructureDefinition/HNDrugSafetiesModel,StructureDefinition/HNBaseDataResponse,Questionnaire/hn-bodyevaluations,StructureDefinition/HNBaseDataModel","Internal"
http://ltc-ig.fhir.tw/ValueSet/hn-vs-4a8dcdb04d9b,1.1.0,draft,"2.25.189901454547221192622251836724406339416",HNAnswerVS4a8dcdb04d9b,居家護理－家庭經濟狀況選項,"限定家庭經濟狀況可填入的 V5.0.16 選項。","Questionnaire/hn-basedata,StructureDefinition/HNBaseDataResponse,StructureDefinition/HNBaseDataModel","Internal"
http://ltc-ig.fhir.tw/ValueSet/hn-vs-4abebe47a94c,1.1.0,draft,"2.25.123531869420368873941215485583898416368",HNAnswerVS4abebe47a94c,居家護理－事件類型選項,"限定事件類型可填入的 V5.0.16 選項。","StructureDefinition/HNCareRecordModel,StructureDefinition/HNCareRecordResponse,Questionnaire/hn-carerecord","Internal"
http://ltc-ig.fhir.tw/ValueSet/hn-vs-5154109e8985,1.1.0,draft,"2.25.89923828473280229109904514083980819285",HNAnswerVS5154109e8985,居家護理－足部護理評估狀態選項,"限定足部護理評估狀態可填入的 V5.0.16 選項。","StructureDefinition/HNCareRecordModel,StructureDefinition/HNCareRecordResponse,Questionnaire/hn-carerecord","Internal"
http://ltc-ig.fhir.tw/ValueSet/hn-vs-523a43c4a46a,1.1.0,draft,"2.25.232788398708565154741595025427832804600",HNAnswerVS523a43c4a46a,居家護理－是否存在多重用藥問題選項,"限定是否存在多重用藥問題可填入的 V5.0.16 選項。","Questionnaire/hn-drugsafeties,StructureDefinition/HNDrugSafetiesResponse,StructureDefinition/HNDrugSafetiesModel","Internal"
http://ltc-ig.fhir.tw/ValueSet/hn-vs-543807b1d856,1.1.0,draft,"2.25.334361399454260006424501105777046070732",HNAnswerVS543807b1d856,居家護理－交通選項,"限定交通可填入的 V5.0.16 選項。","StructureDefinition/HNIADLsModel,Questionnaire/hn-iadls,StructureDefinition/HNIADLsResponse","Internal"
http://ltc-ig.fhir.tw/ValueSet/hn-vs-548098d5ace2,1.1.0,draft,"2.25.134445305041884122790785731287582888588",HNAnswerVS548098d5ace2,居家護理－潮溼程度選項,"限定潮溼程度可填入的 V5.0.16 選項。","StructureDefinition/HNPressureInjuriesResponse,StructureDefinition/HNPressureInjuriesModel,Questionnaire/hn-pressureinjuries","Internal"
http://ltc-ig.fhir.tw/ValueSet/hn-vs-5509cc9b0f4c,1.1.0,draft,"2.25.186786168720411692248048717485344484391",HNAnswerVS5509cc9b0f4c,居家護理－移位選項,"限定移位可填入的 V5.0.16 選項。","StructureDefinition/HNADLsResponse,Questionnaire/hn-adls,StructureDefinition/HNADLsModel","Internal"
http://ltc-ig.fhir.tw/ValueSet/hn-vs-58e4d598f859,1.1.0,draft,"2.25.259766125604152179920464932975932487231",HNAnswerVS58e4d598f859,居家護理－是否選項,"限定是否可填入的 V5.0.16 選項。","StructureDefinition/HNADLsResponse,Questionnaire/hn-fallrisks,StructureDefinition/HNDementiasResponse,Questionnaire/hn-dementias,StructureDefinition/HNMNASFsModel,StructureDefinition/HNIADLsResponse,Questionnaire/hn-pressureinjuries,StructureDefinition/HNSOFsModel,Questionnaire/hn-geriatricdepressionscales,StructureDefinition/HNHealthyHabitsResponse,StructureDefinition/HNGeriatricDepressionScalesResponse,StructureDefinition/HNPressureInjuriesResponse,Questionnaire/hn-iadls,StructureDefinition/HNFallRisksResponse,StructureDefinition/HNADLsModel,StructureDefinition/HNGeriatricDepressionScalesModel,Questionnaire/hn-healthyhabits,StructureDefinition/HNFallRisksModel,StructureDefinition/HNPressureInjuriesModel,StructureDefinition/HNCareRecordResponse,Questionnaire/hn-painevaluations,Questionnaire/hn-mnasfs,StructureDefinition/HNMNASFsResponse,Questionnaire/hn-medicalhistories,StructureDefinition/HNMedicalHistoriesResponse,StructureDefinition/HNSOFsResponse,Questionnaire/hn-bodyevaluations,StructureDefinition/HNHealthyHabitsModel,StructureDefinition/HNBodyEvaluationsResponse,StructureDefinition/HNCareRecordModel,Questionnaire/hn-adls,StructureDefinition/HNMedicalHistoriesModel,Questionnaire/hn-drugsafeties,StructureDefinition/HNPainEvaluationsResponse,StructureDefinition/HNDrugSafetiesResponse,StructureDefinition/HNBodyEvaluationsModel,Questionnaire/hn-carerecord,StructureDefinition/HNIADLsModel,Questionnaire/hn-sofs,StructureDefinition/HNDrugSafetiesModel,StructureDefinition/HNDementiasModel,StructureDefinition/HNPainEvaluationsModel","Internal"
http://ltc-ig.fhir.tw/ValueSet/hn-vs-5a0da2e50fde,1.1.0,draft,"2.25.147384154274176596936907685045565161018",HNAnswerVS5a0da2e50fde,居家護理－如廁選項,"限定如廁可填入的 V5.0.16 選項。","StructureDefinition/HNADLsResponse,Questionnaire/hn-adls,StructureDefinition/HNADLsModel","Internal"
http://ltc-ig.fhir.tw/ValueSet/hn-vs-5cb9bbd6d620,1.1.0,draft,"2.25.278593389214699667141890332966696160929",HNAnswerVS5cb9bbd6d620,居家護理－排尿型態選項,"限定排尿型態可填入的 V5.0.16 選項。","StructureDefinition/HNBodyEvaluationsResponse,StructureDefinition/HNBodyEvaluationsModel,Questionnaire/hn-bodyevaluations","Internal"
http://ltc-ig.fhir.tw/ValueSet/hn-vs-5d29c89b2d60,1.1.0,draft,"2.25.306245113063243942686583160310207425580",HNAnswerVS5d29c89b2d60,居家護理－若BMI 無法取得，用小腿圍或臂中圍代替(公分)選項,"限定若BMI 無法取得，用小腿圍或臂中圍代替(公分)可填入的 V5.0.16 選項。","Questionnaire/hn-mnasfs,StructureDefinition/HNMNASFsResponse,StructureDefinition/HNMNASFsModel","Internal"
http://ltc-ig.fhir.tw/ValueSet/hn-vs-5f4a5d3ebea4,1.1.0,draft,"2.25.280521813996784078034457876298858362659",HNAnswerVS5f4a5d3ebea4,居家護理－神經精神問題選項,"限定神經精神問題可填入的 V5.0.16 選項。","Questionnaire/hn-mnasfs,StructureDefinition/HNMNASFsResponse,StructureDefinition/HNMNASFsModel","Internal"
http://ltc-ig.fhir.tw/ValueSet/hn-vs-5f96e05811ec,1.1.0,draft,"2.25.307933459521967882034123161586322310799",HNAnswerVS5f96e05811ec,居家護理－飲酒狀態選項,"限定飲酒狀態可填入的 V5.0.16 選項。","StructureDefinition/HNHealthyHabitsResponse,Questionnaire/hn-healthyhabits,StructureDefinition/HNHealthyHabitsModel","Internal"
http://ltc-ig.fhir.tw/ValueSet/hn-vs-6380f9a50deb,1.1.0,draft,"2.25.141332771717088300457490805109149739150",HNAnswerVS6380f9a50deb,居家護理－睜眼選項,"限定睜眼可填入的 V5.0.16 選項。","StructureDefinition/HNBodyEvaluationsResponse,StructureDefinition/HNBodyEvaluationsModel,Questionnaire/hn-bodyevaluations","Internal"
http://ltc-ig.fhir.tw/ValueSet/hn-vs-66dfb92df102,1.1.0,draft,"2.25.279514654465903985351225453304945213094",HNAnswerVS66dfb92df102,居家護理－知覺感受選項,"限定知覺感受可填入的 V5.0.16 選項。","StructureDefinition/HNPressureInjuriesResponse,StructureDefinition/HNPressureInjuriesModel,Questionnaire/hn-pressureinjuries","Internal"
http://ltc-ig.fhir.tw/ValueSet/hn-vs-6892f4f30c24,1.1.0,draft,"2.25.124536926131538732335515283279559745579",HNAnswerVS6892f4f30c24,居家護理－緊急事件類型選項,"限定緊急事件類型可填入的 V5.0.16 選項。","Questionnaire/hn-staffegy,StructureDefinition/HNStaffEgyModel,StructureDefinition/HNStaffEgyResponse","Internal"
http://ltc-ig.fhir.tw/ValueSet/hn-vs-6d733f47d6f4,1.1.0,draft,"2.25.337681940730560668388851930046134106785",HNAnswerVS6d733f47d6f4,居家護理－藥物類別多選選項,"限定藥物類別多選可填入的 V5.0.16 選項。","StructureDefinition/HNBodyEvaluationsResponse,StructureDefinition/HNBodyEvaluationsModel,Questionnaire/hn-bodyevaluations","Internal"
http://ltc-ig.fhir.tw/ValueSet/hn-vs-723d296bd93d,1.1.0,draft,"2.25.228728423545659924499134611301424595157",HNAnswerVS723d296bd93d,居家護理－穿脫選項,"限定穿脫可填入的 V5.0.16 選項。","StructureDefinition/HNADLsResponse,Questionnaire/hn-adls,StructureDefinition/HNADLsModel","Internal"
http://ltc-ig.fhir.tw/ValueSet/hn-vs-738f974cf008,1.1.0,draft,"2.25.282780987563733695819785810102153198511",HNAnswerVS738f974cf008,居家護理－主要照顧者關係選項,"限定主要照顧者關係可填入的 V5.0.16 選項。","Questionnaire/hn-basedata,StructureDefinition/HNBaseDataResponse,StructureDefinition/HNBaseDataModel","Internal"
http://ltc-ig.fhir.tw/ValueSet/hn-vs-75dc5876369b,1.1.0,draft,"2.25.66633944791334089765916443638179145417",HNAnswerVS75dc5876369b,居家護理－結案原因選項,"限定結案原因可填入的 V5.0.16 選項。","Questionnaire/hn-caseclose,StructureDefinition/HNCaseCloseModel,StructureDefinition/HNCaseCloseResponse","Internal"
http://ltc-ig.fhir.tw/ValueSet/hn-vs-78444472aa70,1.1.0,draft,"2.25.221887972072564885138204884398949467093",HNAnswerVS78444472aa70,居家護理－活動能力選項,"限定活動能力可填入的 V5.0.16 選項。","StructureDefinition/HNPressureInjuriesResponse,StructureDefinition/HNPressureInjuriesModel,Questionnaire/hn-pressureinjuries","Internal"
http://ltc-ig.fhir.tw/ValueSet/hn-vs-784e3567e13b,1.1.0,draft,"2.25.191759364976976914167729176552811933132",HNAnswerVS784e3567e13b,居家護理－運動選項,"限定運動可填入的 V5.0.16 選項。","StructureDefinition/HNBodyEvaluationsResponse,StructureDefinition/HNBodyEvaluationsModel,Questionnaire/hn-bodyevaluations","Internal"
http://ltc-ig.fhir.tw/ValueSet/hn-vs-7bc89358fe37,1.1.0,draft,"2.25.127107768713918090403238853085041725947",HNAnswerVS7bc89358fe37,居家護理－聽力-部位多選選項,"限定聽力-部位多選可填入的 V5.0.16 選項。","StructureDefinition/HNBodyEvaluationsResponse,StructureDefinition/HNBodyEvaluationsModel,Questionnaire/hn-bodyevaluations","Internal"
http://ltc-ig.fhir.tw/ValueSet/hn-vs-7c98e63372ac,1.1.0,draft,"2.25.62628778062788862375825146562225318337",HNAnswerVS7c98e63372ac,居家護理－口腔外觀選項,"限定口腔外觀可填入的 V5.0.16 選項。","StructureDefinition/HNBodyEvaluationsResponse,StructureDefinition/HNBodyEvaluationsModel,Questionnaire/hn-bodyevaluations","Internal"
http://ltc-ig.fhir.tw/ValueSet/hn-vs-7ce3f119b854,1.1.0,draft,"2.25.339626796846781394340552663376861431801",HNAnswerVS7ce3f119b854,居家護理－消化狀態選項,"限定消化狀態可填入的 V5.0.16 選項。","StructureDefinition/HNBodyEvaluationsResponse,StructureDefinition/HNBodyEvaluationsModel,Questionnaire/hn-bodyevaluations","Internal"
http://ltc-ig.fhir.tw/ValueSet/hn-vs-7d118ae5ad21,1.1.0,draft,"2.25.2221033918870499235460446629655668062",HNAnswerVS7d118ae5ad21,居家護理－發生時段選項,"限定發生時段可填入的 V5.0.16 選項。","StructureDefinition/HNCareRecordModel,StructureDefinition/HNCareRecordResponse,Questionnaire/hn-carerecord","Internal"
http://ltc-ig.fhir.tw/ValueSet/hn-vs-7f8a5cfdf9c9,1.1.0,draft,"2.25.56262613044544545196127970124064387688",HNAnswerVS7f8a5cfdf9c9,居家護理－排便型態選項,"限定排便型態可填入的 V5.0.16 選項。","StructureDefinition/HNBodyEvaluationsResponse,StructureDefinition/HNBodyEvaluationsModel,Questionnaire/hn-bodyevaluations","Internal"
http://ltc-ig.fhir.tw/ValueSet/hn-vs-85c814c9b8ba,1.1.0,draft,"2.25.64005444427884601563771578878040745738",HNAnswerVS85c814c9b8ba,居家護理－吸菸狀態選項,"限定吸菸狀態可填入的 V5.0.16 選項。","StructureDefinition/HNHealthyHabitsResponse,Questionnaire/hn-healthyhabits,StructureDefinition/HNHealthyHabitsModel","Internal"
http://ltc-ig.fhir.tw/ValueSet/hn-vs-8aa8b9aed3b2,1.1.0,draft,"2.25.18111047810395780957885142341253424729",HNAnswerVS8aa8b9aed3b2,居家護理－有輔助器選項,"限定有輔助器可填入的 V5.0.16 選項。","StructureDefinition/HNBodyEvaluationsResponse,StructureDefinition/HNBodyEvaluationsModel,Questionnaire/hn-bodyevaluations","Internal"
http://ltc-ig.fhir.tw/ValueSet/hn-vs-8bcd09f153b7,1.1.0,draft,"2.25.164879648753831433890807551302858034422",HNAnswerVS8bcd09f153b7,居家護理－教育程度選項,"限定教育程度可填入的 V5.0.16 選項。","Questionnaire/hn-basedata,StructureDefinition/HNBaseDataResponse,StructureDefinition/HNBaseDataModel","Internal"
http://ltc-ig.fhir.tw/ValueSet/hn-vs-8c7bcb320a01,1.1.0,draft,"2.25.238244618766236828514718936232296782456",HNAnswerVS8c7bcb320a01,居家護理－大便選項,"限定大便可填入的 V5.0.16 選項。","StructureDefinition/HNADLsResponse,Questionnaire/hn-adls,StructureDefinition/HNADLsModel","Internal"
http://ltc-ig.fhir.tw/ValueSet/hn-vs-924b837448d2,1.1.0,draft,"2.25.160635928306489661154068005677891219286",HNAnswerVS924b837448d2,居家護理－婚姻狀況選項,"限定婚姻狀況可填入的 V5.0.16 選項。","Questionnaire/hn-basedata,StructureDefinition/HNBaseDataResponse,StructureDefinition/HNBaseDataModel","Internal"
http://ltc-ig.fhir.tw/ValueSet/hn-vs-94d2d2fdf018,1.1.0,draft,"2.25.275963709798283800578874629056141892968",HNAnswerVS94d2d2fdf018,居家護理－成員職稱選項,"限定成員職稱可填入的 V5.0.16 選項。","Questionnaire/hn-staffegy,StructureDefinition/HNStaffEgyModel,StructureDefinition/HNCaseDescResponse,StructureDefinition/HNCaseDescModel,Questionnaire/hn-basedata,StructureDefinition/HNBaseDataResponse,Questionnaire/hn-casedesc,StructureDefinition/HNBaseDataModel,StructureDefinition/HNStaffEgyResponse","Internal"
http://ltc-ig.fhir.tw/ValueSet/hn-vs-9570830f5a60,1.1.0,draft,"2.25.216030153186045269702211193934064705294",HNAnswerVS9570830f5a60,居家護理－關係選項,"限定關係可填入的 V5.0.16 選項。","Questionnaire/hn-basedata,StructureDefinition/HNBaseDataResponse,StructureDefinition/HNBaseDataModel","Internal"
http://ltc-ig.fhir.tw/ValueSet/hn-vs-9a2ed66b6061,1.1.0,draft,"2.25.76102853236229330301910749089123963212",HNAnswerVS9a2ed66b6061,居家護理－走動選項,"限定走動可填入的 V5.0.16 選項。","StructureDefinition/HNADLsResponse,Questionnaire/hn-adls,StructureDefinition/HNADLsModel","Internal"
http://ltc-ig.fhir.tw/ValueSet/hn-vs-9bf58092b1d4,1.1.0,draft,"2.25.305529965453742755188022896283239708532",HNAnswerVS9bf58092b1d4,居家護理－主要職業選項,"限定主要職業可填入的 V5.0.16 選項。","Questionnaire/hn-basedata,StructureDefinition/HNBaseDataResponse,StructureDefinition/HNBaseDataModel","Internal"
http://ltc-ig.fhir.tw/ValueSet/hn-vs-9d4f84a14066,1.1.0,draft,"2.25.63752690834272500050016216364972673811",HNAnswerVS9d4f84a14066,居家護理－營養攝取選項,"限定營養攝取可填入的 V5.0.16 選項。","StructureDefinition/HNPressureInjuriesResponse,StructureDefinition/HNPressureInjuriesModel,Questionnaire/hn-pressureinjuries","Internal"
http://ltc-ig.fhir.tw/ValueSet/hn-vs-a051b2c062af,1.1.0,draft,"2.25.284979812376314021256330943417295353991",HNAnswerVSa051b2c062af,居家護理－假牙狀況選項,"限定假牙狀況可填入的 V5.0.16 選項。","StructureDefinition/HNBodyEvaluationsResponse,StructureDefinition/HNBodyEvaluationsModel,Questionnaire/hn-bodyevaluations","Internal"
http://ltc-ig.fhir.tw/ValueSet/hn-vs-a370027f399e,1.1.0,draft,"2.25.330685521281219406495204004413230877130",HNAnswerVSa370027f399e,居家護理－言語狀態選項,"限定言語狀態可填入的 V5.0.16 選項。","Questionnaire/hn-painevaluations,StructureDefinition/HNPainEvaluationsResponse,StructureDefinition/HNPainEvaluationsModel","Internal"
http://ltc-ig.fhir.tw/ValueSet/hn-vs-a5f17d46becb,1.1.0,draft,"2.25.211915606251829288403076525164030838356",HNAnswerVSa5f17d46becb,居家護理－嚼食檳榔狀態選項,"限定嚼食檳榔狀態可填入的 V5.0.16 選項。","StructureDefinition/HNHealthyHabitsResponse,Questionnaire/hn-healthyhabits,StructureDefinition/HNHealthyHabitsModel","Internal"
http://ltc-ig.fhir.tw/ValueSet/hn-vs-a88d0ac6ee1a,1.1.0,draft,"2.25.311446720360817253978083594833910034778",HNAnswerVSa88d0ac6ee1a,居家護理－排便顏色選項,"限定排便顏色可填入的 V5.0.16 選項。","StructureDefinition/HNBodyEvaluationsResponse,StructureDefinition/HNBodyEvaluationsModel,Questionnaire/hn-bodyevaluations","Internal"
http://ltc-ig.fhir.tw/ValueSet/hn-vs-a946985c2125,1.1.0,draft,"2.25.266361318982741309837233771803175032749",HNAnswerVSa946985c2125,居家護理－主要照顧時間選項,"限定主要照顧時間可填入的 V5.0.16 選項。","Questionnaire/hn-basedata,StructureDefinition/HNBaseDataResponse,StructureDefinition/HNBaseDataModel","Internal"
http://ltc-ig.fhir.tw/ValueSet/hn-vs-ab16e9d81e7b,1.1.0,draft,"2.25.335083813568270267033094033846055193881",HNAnswerVSab16e9d81e7b,居家護理－傷口分類選項,"限定傷口分類可填入的 V5.0.16 選項。","StructureDefinition/HNCareRecordModel,StructureDefinition/HNCareRecordResponse,Questionnaire/hn-carerecord","Internal"
http://ltc-ig.fhir.tw/ValueSet/hn-vs-acfe4f6c5f3a,1.1.0,draft,"2.25.96788025535129283947955814355584822552",HNAnswerVSacfe4f6c5f3a,居家護理－濕度選項,"限定濕度可填入的 V5.0.16 選項。","StructureDefinition/HNBodyEvaluationsResponse,StructureDefinition/HNBodyEvaluationsModel,Questionnaire/hn-bodyevaluations","Internal"
http://ltc-ig.fhir.tw/ValueSet/hn-vs-afadc3bb2a88,1.1.0,draft,"2.25.329236632023121400007361742473790553764",HNAnswerVSafadc3bb2a88,居家護理－視力-輔具多選選項,"限定視力-輔具多選可填入的 V5.0.16 選項。","StructureDefinition/HNBodyEvaluationsResponse,StructureDefinition/HNBodyEvaluationsModel,Questionnaire/hn-bodyevaluations","Internal"
http://ltc-ig.fhir.tw/ValueSet/hn-vs-b0ba220a4535,1.1.0,draft,"2.25.339721365571799735169255662337070245564",HNAnswerVSb0ba220a4535,居家護理－損傷類型選項,"限定損傷類型可填入的 V5.0.16 選項。","StructureDefinition/HNCareRecordModel,StructureDefinition/HNCareRecordResponse,Questionnaire/hn-carerecord","Internal"
http://ltc-ig.fhir.tw/ValueSet/hn-vs-b42a51b1139e,1.1.0,draft,"2.25.79302898901089867588435424534799862661",HNAnswerVSb42a51b1139e,居家護理－腹部狀態選項,"限定腹部狀態可填入的 V5.0.16 選項。","StructureDefinition/HNBodyEvaluationsResponse,StructureDefinition/HNBodyEvaluationsModel,Questionnaire/hn-bodyevaluations","Internal"
http://ltc-ig.fhir.tw/ValueSet/hn-vs-b455f8b9ce05,1.1.0,draft,"2.25.122964994173728640319467448925010596597",HNAnswerVSb455f8b9ce05,居家護理－家務選項,"限定家務可填入的 V5.0.16 選項。","StructureDefinition/HNIADLsModel,Questionnaire/hn-iadls,StructureDefinition/HNIADLsResponse","Internal"
http://ltc-ig.fhir.tw/ValueSet/hn-vs-b5e899beaa3a,1.1.0,draft,"2.25.114720051205992197828340677190764569942",HNAnswerVSb5e899beaa3a,居家護理－排尿型態多選選項,"限定排尿型態多選可填入的 V5.0.16 選項。","StructureDefinition/HNBodyEvaluationsResponse,StructureDefinition/HNBodyEvaluationsModel,Questionnaire/hn-bodyevaluations","Internal"
http://ltc-ig.fhir.tw/ValueSet/hn-vs-b63e1293c409,1.1.0,draft,"2.25.305320348493893048765794526338358558194",HNAnswerVSb63e1293c409,居家護理－主要醫療決定者關係選項,"限定主要醫療決定者關係可填入的 V5.0.16 選項。","Questionnaire/hn-basedata,StructureDefinition/HNBaseDataResponse,StructureDefinition/HNBaseDataModel","Internal"
http://ltc-ig.fhir.tw/ValueSet/hn-vs-b8e0b67e2012,1.1.0,draft,"2.25.281476430614408685765165825566103943477",HNAnswerVSb8e0b67e2012,居家護理－身體質量指數(BMI)=體重(公斤)/身高(公尺)2選項,"限定身體質量指數(BMI)=體重(公斤)/身高(公尺)2可填入的 V5.0.16 選項。","Questionnaire/hn-mnasfs,StructureDefinition/HNMNASFsResponse,StructureDefinition/HNMNASFsModel","Internal"
http://ltc-ig.fhir.tw/ValueSet/hn-vs-bc943cb432ce,1.1.0,draft,"2.25.287900982285925662448252845208089214295",HNAnswerVSbc943cb432ce,居家護理－需求類型選項,"限定需求類型可填入的 V5.0.16 選項。","StructureDefinition/HNCaseSummaryResponse,Questionnaire/hn-casesummary,StructureDefinition/HNCaseSummaryModel","Internal"
http://ltc-ig.fhir.tw/ValueSet/hn-vs-bcd0a25d02b9,1.1.0,draft,"2.25.227030127964254592522523904430611787640",HNAnswerVSbcd0a25d02b9,居家護理－摩擦力/剪力選項,"限定摩擦力/剪力可填入的 V5.0.16 選項。","StructureDefinition/HNPressureInjuriesResponse,StructureDefinition/HNPressureInjuriesModel,Questionnaire/hn-pressureinjuries","Internal"
http://ltc-ig.fhir.tw/ValueSet/hn-vs-bff7df80c996,1.1.0,draft,"2.25.329638873075854850597334598353324186886",HNAnswerVSbff7df80c996,居家護理－近三個月體重變化選項,"限定近三個月體重變化可填入的 V5.0.16 選項。","Questionnaire/hn-mnasfs,StructureDefinition/HNMNASFsResponse,StructureDefinition/HNMNASFsModel","Internal"
http://ltc-ig.fhir.tw/ValueSet/hn-vs-c020bc6f582f,1.1.0,draft,"2.25.131652330762808014462155887711337347376",HNAnswerVSc020bc6f582f,居家護理－進食選項,"限定進食可填入的 V5.0.16 選項。","StructureDefinition/HNADLsResponse,Questionnaire/hn-adls,StructureDefinition/HNADLsModel","Internal"
http://ltc-ig.fhir.tw/ValueSet/hn-vs-c0e4f2d08eec,1.1.0,draft,"2.25.111511791109712617607938554968495951272",HNAnswerVSc0e4f2d08eec,居家護理－排尿顏色選項,"限定排尿顏色可填入的 V5.0.16 選項。","StructureDefinition/HNBodyEvaluationsResponse,StructureDefinition/HNBodyEvaluationsModel,Questionnaire/hn-bodyevaluations","Internal"
http://ltc-ig.fhir.tw/ValueSet/hn-vs-c1223cdffc0c,1.1.0,draft,"2.25.207693512401620546307543737269892006586",HNAnswerVSc1223cdffc0c,居家護理－衛生選項,"限定衛生可填入的 V5.0.16 選項。","StructureDefinition/HNADLsResponse,Questionnaire/hn-adls,StructureDefinition/HNADLsModel","Internal"
http://ltc-ig.fhir.tw/ValueSet/hn-vs-c34dc3f43d82,1.1.0,draft,"2.25.194844880471192331200792147759971387556",HNAnswerVSc34dc3f43d82,居家護理－睡眠多選選項,"限定睡眠多選可填入的 V5.0.16 選項。","StructureDefinition/HNBodyEvaluationsResponse,StructureDefinition/HNBodyEvaluationsModel,Questionnaire/hn-bodyevaluations","Internal"
http://ltc-ig.fhir.tw/ValueSet/hn-vs-c8a0ace9ffad,1.1.0,draft,"2.25.128695279898115277698479217947213958035",HNAnswerVSc8a0ace9ffad,居家護理－服務項目多選選項,"限定服務項目多選可填入的 V5.0.16 選項。","StructureDefinition/HNCareRecordModel,StructureDefinition/HNCareRecordResponse,Questionnaire/hn-carerecord","Internal"
http://ltc-ig.fhir.tw/ValueSet/hn-vs-c8f650cb37b1,1.1.0,draft,"2.25.95637205195167613937695295166116908438",HNAnswerVSc8f650cb37b1,居家護理－性別選項,"限定性別可填入的 V5.0.16 選項。","Questionnaire/hn-basedata,StructureDefinition/HNBaseDataResponse,StructureDefinition/HNBaseDataModel","Internal"
http://ltc-ig.fhir.tw/ValueSet/hn-vs-c93d67023284,1.1.0,draft,"2.25.40134430528788670270864801770500270799",HNAnswerVSc93d67023284,居家護理－水腫等級選項,"限定水腫等級可填入的 V5.0.16 選項。","StructureDefinition/HNBodyEvaluationsResponse,StructureDefinition/HNBodyEvaluationsModel,Questionnaire/hn-bodyevaluations","Internal"
http://ltc-ig.fhir.tw/ValueSet/hn-vs-cbfa2194bae7,1.1.0,draft,"2.25.37598417318187057451535658234576631772",HNAnswerVScbfa2194bae7,居家護理－購物選項,"限定購物可填入的 V5.0.16 選項。","StructureDefinition/HNIADLsModel,Questionnaire/hn-iadls,StructureDefinition/HNIADLsResponse","Internal"
http://ltc-ig.fhir.tw/ValueSet/hn-vs-cf479df80e62,1.1.0,draft,"2.25.61365216258789314163981473444825569839",HNAnswerVScf479df80e62,居家護理－服用頻率選項,"限定服用頻率可填入的 V5.0.16 選項。","StructureDefinition/HNBodyEvaluationsResponse,StructureDefinition/HNBodyEvaluationsModel,Questionnaire/hn-bodyevaluations","Internal"
http://ltc-ig.fhir.tw/ValueSet/hn-vs-cfb0b454818b,1.1.0,draft,"2.25.71913059517361379677766485408659120264",HNAnswerVScfb0b454818b,居家護理－過去三個月之中，是否因食慾不佳、消化問題、咀嚼或吞嚥困難，以致進食量減少？選項,"限定過去三個月之中，是否因食慾不佳、消化問題、咀嚼或吞嚥困難，以致進食量減少？可填入的 V5.0.16 選項。","Questionnaire/hn-mnasfs,StructureDefinition/HNMNASFsResponse,StructureDefinition/HNMNASFsModel","Internal"
http://ltc-ig.fhir.tw/ValueSet/hn-vs-d20974b4a161,1.1.0,draft,"2.25.51545171855998980550428718471373542949",HNAnswerVSd20974b4a161,居家護理－小便選項,"限定小便可填入的 V5.0.16 選項。","StructureDefinition/HNADLsResponse,Questionnaire/hn-adls,StructureDefinition/HNADLsModel","Internal"
http://ltc-ig.fhir.tw/ValueSet/hn-vs-d2f289370ed0,1.1.0,draft,"2.25.258716152478094029655482204990271172763",HNAnswerVSd2f289370ed0,居家護理－語言選項,"限定語言可填入的 V5.0.16 選項。","StructureDefinition/HNBodyEvaluationsResponse,StructureDefinition/HNBodyEvaluationsModel,Questionnaire/hn-bodyevaluations","Internal"
http://ltc-ig.fhir.tw/ValueSet/hn-vs-d782d810cfdd,1.1.0,draft,"2.25.40596858929399312210335009225595415286",HNAnswerVSd782d810cfdd,居家護理－心臟問題(只包含心臟)選項,"限定心臟問題(只包含心臟)可填入的 V5.0.16 選項。","StructureDefinition/HNMedicalHistoriesModel,Questionnaire/hn-medicalhistories,StructureDefinition/HNMedicalHistoriesResponse","Internal"
http://ltc-ig.fhir.tw/ValueSet/hn-vs-d9301962abbf,1.1.0,draft,"2.25.306676706602285137562304321073983045858",HNAnswerVSd9301962abbf,居家護理－溝通-影響日常活動選項,"限定溝通-影響日常活動可填入的 V5.0.16 選項。","StructureDefinition/HNBodyEvaluationsResponse,StructureDefinition/HNBodyEvaluationsModel,Questionnaire/hn-bodyevaluations","Internal"
http://ltc-ig.fhir.tw/ValueSet/hn-vs-d93b34f7b736,1.1.0,draft,"2.25.176504774529506654165769873606293314173",HNAnswerVSd93b34f7b736,居家護理－居住所選項,"限定居住所可填入的 V5.0.16 選項。","StructureDefinition/HNCareRecordModel,StructureDefinition/HNCareRecordResponse,Questionnaire/hn-carerecord","Internal"
http://ltc-ig.fhir.tw/ValueSet/hn-vs-dc054900d0e6,1.1.0,draft,"2.25.247982841822733590826626757528926546995",HNAnswerVSdc054900d0e6,居家護理－理解選項,"限定理解可填入的 V5.0.16 選項。","StructureDefinition/HNBodyEvaluationsResponse,StructureDefinition/HNBodyEvaluationsModel,Questionnaire/hn-bodyevaluations","Internal"
http://ltc-ig.fhir.tw/ValueSet/hn-vs-de533dbea66c,1.1.0,draft,"2.25.63144714112076583117501864330830175253",HNAnswerVSde533dbea66c,居家護理－傷口等級選項,"限定傷口等級可填入的 V5.0.16 選項。","StructureDefinition/HNCareRecordModel,StructureDefinition/HNCareRecordResponse,Questionnaire/hn-carerecord","Internal"
http://ltc-ig.fhir.tw/ValueSet/hn-vs-dfa44a5bba0b,1.1.0,draft,"2.25.296343778493273049505421623570078288854",HNAnswerVSdfa44a5bba0b,居家護理－操作項目與流程選項,"限定操作項目與流程可填入的 V5.0.16 選項。","StructureDefinition/HNCareRecordModel,StructureDefinition/HNCareRecordResponse,Questionnaire/hn-carerecord","Internal"
http://ltc-ig.fhir.tw/ValueSet/hn-vs-ec686161641f,1.1.0,draft,"2.25.273335722836459689773286611933281661322",HNAnswerVSec686161641f,居家護理－排尿輔助多選選項,"限定排尿輔助多選可填入的 V5.0.16 選項。","StructureDefinition/HNBodyEvaluationsResponse,StructureDefinition/HNBodyEvaluationsModel,Questionnaire/hn-bodyevaluations","Internal"
http://ltc-ig.fhir.tw/ValueSet/hn-vs-ed3fafa578d2,1.1.0,draft,"2.25.570402435202243260750277659138445675",HNAnswerVSed3fafa578d2,居家護理－顏色選項,"限定顏色可填入的 V5.0.16 選項。","StructureDefinition/HNBodyEvaluationsResponse,StructureDefinition/HNBodyEvaluationsModel,Questionnaire/hn-bodyevaluations","Internal"
http://ltc-ig.fhir.tw/ValueSet/hn-vs-eee6be407d0e,1.1.0,draft,"2.25.294958225936370547035773283584908281509",HNAnswerVSeee6be407d0e,居家護理－假牙狀況多選選項,"限定假牙狀況多選可填入的 V5.0.16 選項。","StructureDefinition/HNBodyEvaluationsResponse,StructureDefinition/HNBodyEvaluationsModel,Questionnaire/hn-bodyevaluations","Internal"
http://ltc-ig.fhir.tw/ValueSet/hn-vs-ef3233b113ad,1.1.0,draft,"2.25.327133428541850930070371916550672466541",HNAnswerVSef3233b113ad,居家護理－收案來源選項,"限定收案來源可填入的 V5.0.16 選項。","Questionnaire/hn-basedata,StructureDefinition/HNBaseDataResponse,StructureDefinition/HNBaseDataModel","Internal"
http://ltc-ig.fhir.tw/ValueSet/hn-vs-ef4daeacd99a,1.1.0,draft,"2.25.52958970429411608950470289002842796678",HNAnswerVSef4daeacd99a,居家護理－視力選項,"限定視力可填入的 V5.0.16 選項。","StructureDefinition/HNBodyEvaluationsResponse,StructureDefinition/HNBodyEvaluationsModel,Questionnaire/hn-bodyevaluations","Internal"
http://ltc-ig.fhir.tw/ValueSet/hn-vs-f0b4522906b6,1.1.0,draft,"2.25.271520854898091838127932935443008620336",HNAnswerVSf0b4522906b6,居家護理－聽力-輔具多選選項,"限定聽力-輔具多選可填入的 V5.0.16 選項。","StructureDefinition/HNBodyEvaluationsResponse,StructureDefinition/HNBodyEvaluationsModel,Questionnaire/hn-bodyevaluations","Internal"
http://ltc-ig.fhir.tw/ValueSet/hn-vs-f466b3393017,1.1.0,draft,"2.25.80194301613835044317769621356286404946",HNAnswerVSf466b3393017,居家護理－移動能力選項,"限定移動能力可填入的 V5.0.16 選項。","StructureDefinition/HNPressureInjuriesResponse,StructureDefinition/HNPressureInjuriesModel,Questionnaire/hn-pressureinjuries","Internal"
http://ltc-ig.fhir.tw/ValueSet/hn-vs-f6130a2de850,1.1.0,draft,"2.25.221575434496329791617271443904260789888",HNAnswerVSf6130a2de850,居家護理－宗教信仰選項,"限定宗教信仰可填入的 V5.0.16 選項。","Questionnaire/hn-basedata,StructureDefinition/HNBaseDataResponse,StructureDefinition/HNBaseDataModel","Internal"
http://ltc-ig.fhir.tw/ValueSet/hn-vs-fa9ab3cef6b1,1.1.0,draft,"2.25.199222523116212438510610547489322562147",HNAnswerVSfa9ab3cef6b1,居家護理－電話選項,"限定電話可填入的 V5.0.16 選項。","StructureDefinition/HNIADLsModel,Questionnaire/hn-iadls,StructureDefinition/HNIADLsResponse","Internal"
http://ltc-ig.fhir.tw/ValueSet/hn-vs-fe3736bbd09e,1.1.0,draft,"2.25.55990846781425582329559045849522907852",HNAnswerVSfe3736bbd09e,居家護理－重大事件項目多選選項,"限定重大事件項目多選可填入的 V5.0.16 選項。","Questionnaire/hn-basedata,StructureDefinition/HNBaseDataResponse,StructureDefinition/HNBaseDataModel","Internal"
http://ltc-ig.fhir.tw/ValueSet/hn-wound-category,1.1.0,active,"2.25.254271797870941909812893506067219264895",HNWoundCategoryVS,居家護理－傷口分類,"V5.0.16 傷口分類；依分類選擇等級。","StructureDefinition/HNWound","Internal"
http://ltc-ig.fhir.tw/ValueSet/hn-wound-level,1.1.0,active,"2.25.184139835234128943076056409263447446053",HNWoundLevelVS,居家護理－傷口等級,"V5.0.16 傷口等級；依分類選擇等級。","StructureDefinition/HNWound","Internal"
http://ltc-ig.fhir.tw/ValueSet/vs-tw-ltc-assessment-component,1.1.0,active,"2.25.27344063291874303920991704683432444884",VS_TW_LTC_AssessmentComponent,長照 SDK－評估核定摘要欄位碼,"此 ValueSet 用於表示長照 SDK 評估核定摘要的欄位碼。","StructureDefinition/LTC-Observation-Assessment-CS100","Internal"
http://ltc-ig.fhir.tw/ValueSet/vs-tw-ltc-assessment-type,1.1.0,active,"2.25.129133727442852369936314224061153797751",VS_TW_LTC_AssessmentType,長照 SDK－評估類型,"此 ValueSet 用於表示長照 SDK 中的評估類型。","StructureDefinition/LTC-Observation-Assessment-Payload","Internal"
http://ltc-ig.fhir.tw/ValueSet/vs-tw-ltc-benefit-type,1.1.0,active,"2.25.95883731273416221461282627898263039903",VS_TW_LTC_BenefitType,長照 SDK－核定額度欄位,"此 ValueSet 用於表示長照 SDK 中的核定額度欄位。",,"Internal"
http://ltc-ig.fhir.tw/ValueSet/vs-tw-ltc-case-source,1.1.0,active,"2.25.181573312270388744808257498623487403042",VS_TW_LTC_Case_Source,長照 SDK－申請來源,"此 ValueSet 用於表示長照 SDK 中個案的申請來源。","StructureDefinition/Ext-TW-LTC-Case-Source","Internal"
http://ltc-ig.fhir.tw/ValueSet/vs-tw-ltc-case-status,1.1.0,active,"2.25.79478039264354521936255277994162212519",VS_TW_LTC_CaseStatus,長照 SDK－個案狀態,"此 ValueSet 用於表示長照 SDK 中個案的狀態，使用 FHIR EpisodeOfCare status 對應碼：active（服務中）、onhold（暫停服務）、finished（已結案）。","StructureDefinition/LTC-EpisodeOfCare-Payload","hl7.fhir.r4.core"
http://ltc-ig.fhir.tw/ValueSet/vs-tw-ltc-cmslevel,1.1.0,active,"2.25.71447470500936854795444662387229763480",VS_TW_LTC_CMSLevel,長照 SDK－CMS 等級,"此 ValueSet 用於表示長照 SDK 中的 CMS（照顧管理評估量表）等級。","StructureDefinition/LTC-Observation-Assessment-Payload","Internal"
http://ltc-ig.fhir.tw/ValueSet/vs-tw-ltc-feeaudit-aa10-status,1.1.0,active,"2.25.3771695048331836787133083509745613180",VS_TW_LTC_FeeAuditAA10Status,支付審查－AA10 申報狀態,"此 ValueSet 用於表示支付審核系統服務記錄申報之 AA10（夜間緊急服務）申報狀態（aa10_status）。","StructureDefinition/LTCClaimFeeApply","Internal"
http://ltc-ig.fhir.tw/ValueSet/vs-tw-ltc-feeaudit-adjudication,1.1.0,active,"2.25.95556605601195974745005247534016076129",VS_TW_LTC_FeeAuditAdjudication,支付審查－核定金額類別,"此 ValueSet 用於表示支付審核分案審核明細中各項金額的類別，代碼包含：approveFee（核定金額）、incInAcc（核增金額）、decInAcc（核減金額）、copayment（自付額）、aSvcFee（政策鼓勵金額）、tempPaymentFee（分案暫付金額）、price（單價）、submitted（申請核銷金額）。","StructureDefinition/LTCClaimResponseFeeAudit","Internal"
http://ltc-ig.fhir.tw/ValueSet/vs-tw-ltc-feeaudit-api-function,1.1.0,active,"2.25.307047869912765011373328719219011776827",VS_TW_LTC_FeeAuditApiFunction,支付審查－API 功能,"此 ValueSet 用於表示支付審核系統的 API 功能名稱，代碼包含：FeeApply（服務記錄申報）、ObjDel（服務紀錄刪除）、appCompletionNotice（申報確認通知）、appCancel（服務單位撤回）、CancelResultResponse（取消交易單處理結果回報）。","StructureDefinition/LTCTaskFeeAudit","Internal"
http://ltc-ig.fhir.tw/ValueSet/vs-tw-ltc-feeaudit-api-status,1.1.0,active,"2.25.252555818192652412548456054341878418513",VS_TW_LTC_FeeAuditApiStatus,支付審查－API 執行狀況,"此 ValueSet 用於表示支付審核系統 API 交易單的執行狀況，代碼包含：0（待處理）、1（處理中）、3（錯誤）、4（處理完成）。",,"Internal"
http://ltc-ig.fhir.tw/ValueSet/vs-tw-ltc-feeaudit-bd03-type,1.1.0,active,"2.25.54149582042487643135777127608838894979",VS_TW_LTC_FeeAuditBD03Type,支付審查－社區式服務交通接送服務使用類型,"此 ValueSet 用於表示支付審核系統服務記錄申報之社區式服務交通接送（BD03）服務使用類型（bd03_type）。","StructureDefinition/LTCClaimFeeApply","Internal"
http://ltc-ig.fhir.tw/ValueSet/vs-tw-ltc-feeaudit-case-status,1.1.0,active,"2.25.29256331818245997122471542520517452484",VS_TW_LTC_FeeAuditCaseStatus,支付審查－核銷狀況,"此 ValueSet 用於表示支付審核系統中分案的核銷狀況，代碼包含：0（已分案待電腦審核處理）、1（待通知收件）、2（已通知待收件）、3（審核中）、4（等待總表）、5（審計待審）、6（結案）。","StructureDefinition/LTCTaskFeeAudit","Internal"
http://ltc-ig.fhir.tw/ValueSet/vs-tw-ltc-feeaudit-city,1.1.0,active,"2.25.87189268891203527811029238040015403244",VS_TW_LTC_FeeAuditCity,支付審查－縣市代碼,"此 ValueSet 用於表示支付審核系統中分案、申請單與服務紀錄所屬之縣市，代碼取自 city_cd 代碼表，共 22 個直轄市、縣（市）：09007（連江縣）、09020（金門縣）、10002（宜蘭縣）、10004（新竹縣）、10005（苗栗縣）、10007（彰化縣）、10008（南投縣）、10009（雲林縣）、10010（嘉義縣）、10013（屏東縣）、10014（臺東縣）、10015（花蓮縣）、10016（澎湖縣）、10017（基隆市）、10018（新竹市）、10020（嘉義市）、63000（臺北市）、64000（高雄市）、65000（新北市）、66000（臺中市）、67000（臺南市）、68000（桃園市）。",,"Internal"
http://ltc-ig.fhir.tw/ValueSet/vs-tw-ltc-feeaudit-doc-type,1.1.0,active,"2.25.175303356490372765847214667943416369085",VS_TW_LTC_FeeAuditDocType,支付審查－清冊文件類別,"此 ValueSet 用於表示支付審核分案審核明細所提供之清冊與總表文件類別，代碼包含：tempPaymentDoc（暫付總表）、caseSummaryNotice（總表）、caseSvcList（清冊）、caseSvcListExcel（清冊EXCEL）、caseASvcList（A碼清冊）、caseASvcListExcel（A碼清冊EXCEL）、caseErrList（申請記錄不通過清冊）、caseErrListExcel（申請記錄不通過EXCEL清冊）。","StructureDefinition/Ext-TW-LTC-FeeAudit-DocUrl","Internal"
http://ltc-ig.fhir.tw/ValueSet/vs-tw-ltc-feeaudit-error-code,1.1.0,active,"2.25.268640805681867837409475407883849391422",VS_TW_LTC_FeeAuditErrorCode,支付審查－錯誤代碼,"此 ValueSet 涵蓋《衛生福利部 支付審核系統 API 規格說明書（照管平台）》所定義之全部錯誤代碼（err_code），用於服務紀錄申報、撤回、審查結果回覆等交易之錯誤原因表達，包含欄位必填與長度檢核（E1xxx）、格式檢核（E2xxx）、資料查詢與寫入異常（E4xxx）、審核規則檢核（E5xxx）及各支付碼專屬檢核（EBA、EBC、ECB、EGA、EOT、ESC 系列）共 176 項代碼。","StructureDefinition/LTCClaimResponseFeeAudit,StructureDefinition/LTCOperationOutcomeFeeAudit","Internal"
http://ltc-ig.fhir.tw/ValueSet/vs-tw-ltc-feeaudit-fee-type,1.1.0,active,"2.25.128625036571189743044951575120356827976",VS_TW_LTC_FeeAuditFeeType,支付審查－服務類別,"此 ValueSet 用於表示支付審核系統服務記錄申報之服務類別（svc_fee_tp），區分補助與自費。","StructureDefinition/LTCClaimFeeApply","Internal"
http://ltc-ig.fhir.tw/ValueSet/vs-tw-ltc-feeaudit-rtncode,1.1.0,active,"2.25.79245575021300575408374398407082029552",VS_TW_LTC_FeeAuditRtnCode,支付審查－API 回覆結果代碼,"此 ValueSet 涵蓋《衛生福利部 支付審核系統 API 規格說明書（照管平台）》Response 格式所定義之回覆結果代碼（rtncode），用於表示 API 交易之處理結果，代碼包含：0（成功回傳）、1～14（請求參數與申報條件檢核錯誤）、20（無訪問權限）、25（執行頻率限制）、30（輸入參數錯誤）、40（查無資料）、50（DB 錯誤）、90（發生無法預期錯誤）。",,"Internal"
http://ltc-ig.fhir.tw/ValueSet/vs-tw-ltc-feeaudit-supporting-info,1.1.0,active,"2.25.118212642271467441236280113162067439725",VS_TW_LTC_FeeAuditSupportingInfo,支付審查－服務紀錄補充資訊類別,"此 ValueSet 涵蓋支付審核系統「服務記錄申報（FeeApply）」中隨照顧組合代碼特化之補充資訊分類碼，適用於 Claim.supportingInfo.category，包含 AA00 個管服務、C 碼專業服務、交通接送（BD03、DA01）及各項申報旗標等類別。","StructureDefinition/LTCClaimFeeApply","Internal"
http://ltc-ig.fhir.tw/ValueSet/vs-tw-ltc-feeaudit-svc-item,1.1.0,active,"2.25.6311796706610641527872246543598030895",VS_TW_LTC_FeeAuditSvcItem,支付審查－服務項目,"此 ValueSet 用於表示支付審核系統（照管平台）個案服務紀錄之「服務項目」（svc_item），申報 AA00 必填寫。","StructureDefinition/LTCClaimFeeApply","Internal"
http://ltc-ig.fhir.tw/ValueSet/vs-tw-ltc-feeaudit-svc-people,1.1.0,active,"2.25.263477615735264541356733820075645660500",VS_TW_LTC_FeeAuditSvcPeople,支付審查－服務對象,"此 ValueSet 用於表示支付審核系統（照管平台）個案服務紀錄之「服務對象」（svc_people），申報 AA00 必填寫。","StructureDefinition/LTCClaimFeeApply","Internal"
http://ltc-ig.fhir.tw/ValueSet/vs-tw-ltc-feeaudit-svc-point,1.1.0,active,"2.25.6670809646636391603255258107027411322",VS_TW_LTC_FeeAuditSvcPoint,支付審查－服務重點,"此 ValueSet 用於表示支付審核系統（照管平台）個案服務紀錄之「服務重點」（svc_point），申報 AA00 填寫。","StructureDefinition/LTCClaimFeeApply","Internal"
http://ltc-ig.fhir.tw/ValueSet/vs-tw-ltc-feeaudit-svcc-goal-type,1.1.0,active,"2.25.96182734810406364532208953971617084104",VS_TW_LTC_FeeAuditSvccGoalType,支付審查－專業服務復能目標達成情形,"此 ValueSet 用於表示支付審核系統（照管平台）個案服務紀錄之「專業服務復能目標達成情形」（svcc_goal_type），申報 C 碼時填寫。","StructureDefinition/LTCClaimFeeApply","Internal"
http://ltc-ig.fhir.tw/ValueSet/vs-tw-ltc-incident-category,1.1.0,active,"2.25.285046306460579693442761879641101112226",VS_TW_LTC_Incident_Category,長照 SDK－異常紀錄－異常類別,"此 ValueSet 用於表示長照 SDK 異常紀錄的異常類別。","StructureDefinition/AdverseEvent-twltc","Internal"
http://ltc-ig.fhir.tw/ValueSet/vs-tw-ltc-incident-notifmethod,1.1.0,active,"2.25.271292784162725213325348808449085256640",VS_TW_LTC_Incident_NotificationMethod,長照 SDK－異常紀錄－通報方式,"此 ValueSet 用於表示長照 SDK 異常紀錄的通報方式。","StructureDefinition/Ext-TW-LTC-AdverseEvent-NotifMethod","Internal"
http://ltc-ig.fhir.tw/ValueSet/vs-tw-ltc-incident-texttype,1.1.0,active,"2.25.72353149064731800011146469076016921248",VS_TW_LTC_Incident_TextType,長照 SDK－異常紀錄－文字區塊類型,"此 ValueSet 用於表示長照 SDK 異常紀錄中的文字區塊類型。","StructureDefinition/Ext-TW-LTC-AdverseEvent-Description","Internal"
http://ltc-ig.fhir.tw/ValueSet/vs-tw-ltc-service-activity,1.1.0,active,"2.25.70179300046419878729203847297850524819",VS_TW_LTC_ServiceActivity,長照 SDK－服務活動,"此 ValueSet 彙整長照照管服務活動紀錄使用之代碼。","StructureDefinition/LTC-Communication-ServiceA","Internal"
http://ltc-ig.fhir.tw/ValueSet/vs-tw-ltc-service-group,1.1.0,active,"2.25.82732741697765837293825498696659376305",VS_TW_LTC_ServiceGroup,長照 SDK－服務別（核定）,"此 ValueSet 用於表示長照 SDK 中的服務別（核定）。",,"Internal"
http://ltc-ig.fhir.tw/ValueSet/vs-tw-ltc-service-item,1.1.0,active,"2.25.23077688075140443200708783698200494020",VS_TW_LTC_ServiceItem,臺灣長照服務項目,"此 ValueSet 涵蓋臺灣長照 2.0 給付之所有服務項目代碼，適用於長照服務之申請、核定與使用紀錄，包含照顧組合、專業服務、交通接送、喘息服務等項目。","StructureDefinition/LTCServiceRequest,StructureDefinition/LTCClaimResponseFeeAudit,StructureDefinition/LTC-Claim-Export,StructureDefinition/LTCClaimFeeApply,StructureDefinition/LTC-Communication-ServiceA,StructureDefinition/LTCProcedureCareActivity","Internal"
http://ltc-ig.fhir.tw/ValueSet/vs-tw-ltc-welfare-identity,1.1.0,active,"2.25.141347013463811167724069218213597407064",VS_TW_LTC_WelfareIdentity,長照 SDK－長照福利身分,"此 ValueSet 用於表示長照 SDK 中的長照福利身分。","StructureDefinition/LTC-Observation-Assessment-Payload","Internal"
http://terminology.hl7.org/ValueSet/v3-ParticipationMode,3.0.0,active,"2.16.840.1.113883.1.11.16543",ParticipationMode,ParticipationMode,"Identifies the primary means by which an Entity participates in an Act.","StructureDefinition/HNCommunication","THO (V3)"
https://twcore.mohw.gov.tw/ig/twcore/ValueSet/category-code-tw,0.3.0,active,,TWCategoryCode,臺灣衛福部資訊處類型代碼值集,"臺灣衛福部資訊處類型代碼值集","StructureDefinition/LTCObservationFallingHistory","tw.gov.mohw.twcore,THO"
