{
  "resourceType" : "CodeSystem",
  "id" : "EconomyStatusCS-TWLTC",
  "text" : {
    "status" : "generated",
    "div" : "<div xmlns=\"http://www.w3.org/1999/xhtml\"><p class=\"res-header-id\"><b>Generated Narrative: CodeSystem EconomyStatusCS-TWLTC</b></p><a name=\"EconomyStatusCS-TWLTC\"> </a><a name=\"hcEconomyStatusCS-TWLTC\"> </a><a name=\"EconomyStatusCS-TWLTC-en-US\"> </a><p>This case-sensitive code system <code>http://ltc-ig.fhir.tw/CodeSystem/EconomyStatusCS-TWLTC</code> defines the following codes:</p><table class=\"codes\"><tr><td style=\"white-space:nowrap\"><b>Code</b></td><td><b>Display</b></td><td><b>Definition</b></td></tr><tr><td style=\"white-space:nowrap\">poor<a name=\"EconomyStatusCS-TWLTC-poor\"> </a></td><td>貧寒</td><td>個案經濟狀況為貧寒。</td></tr><tr><td style=\"white-space:nowrap\">barely-maintain<a name=\"EconomyStatusCS-TWLTC-barely-maintain\"> </a></td><td>勉持</td><td>個案經濟狀況為勉持。</td></tr><tr><td style=\"white-space:nowrap\">well-off<a name=\"EconomyStatusCS-TWLTC-well-off\"> </a></td><td>小康</td><td>個案經濟狀況為小康。</td></tr><tr><td style=\"white-space:nowrap\">middle-class<a name=\"EconomyStatusCS-TWLTC-middle-class\"> </a></td><td>中產</td><td>個案經濟狀況為中產。</td></tr><tr><td style=\"white-space:nowrap\">wealthy<a name=\"EconomyStatusCS-TWLTC-wealthy\"> </a></td><td>富裕</td><td>個案經濟狀況為富裕。</td></tr></table></div>"
  },
  "url" : "http://ltc-ig.fhir.tw/CodeSystem/EconomyStatusCS-TWLTC",
  "version" : "0.1.1",
  "name" : "EconomyStatusCSTWLTC",
  "title" : "經濟狀況代碼",
  "status" : "active",
  "experimental" : false,
  "date" : "2024-08-25",
  "publisher" : "MI-TW",
  "contact" : [{
    "name" : "MI-TW",
    "telecom" : [{
      "system" : "url",
      "value" : "https://mitw.dicom.org.tw/"
    }]
  }],
  "description" : "用於表述個案的經濟狀況，在長照機構住民經濟狀況 Extension 中使用。\n此代碼比照警政署偵查筆錄制式格式之選項進行設計。",
  "caseSensitive" : true,
  "content" : "complete",
  "count" : 5,
  "concept" : [{
    "code" : "poor",
    "display" : "貧寒",
    "definition" : "個案經濟狀況為貧寒。"
  },
  {
    "code" : "barely-maintain",
    "display" : "勉持",
    "definition" : "個案經濟狀況為勉持。"
  },
  {
    "code" : "well-off",
    "display" : "小康",
    "definition" : "個案經濟狀況為小康。"
  },
  {
    "code" : "middle-class",
    "display" : "中產",
    "definition" : "個案經濟狀況為中產。"
  },
  {
    "code" : "wealthy",
    "display" : "富裕",
    "definition" : "個案經濟狀況為富裕。"
  }]
}