{
  "resourceType" : "CodeSystem",
  "id" : "ReferralConditionCrushCS-TWLTC",
  "text" : {
    "status" : "generated",
    "div" : "<div xmlns=\"http://www.w3.org/1999/xhtml\"><p class=\"res-header-id\"><b>Generated Narrative: CodeSystem ReferralConditionCrushCS-TWLTC</b></p><a name=\"ReferralConditionCrushCS-TWLTC\"> </a><a name=\"hcReferralConditionCrushCS-TWLTC\"> </a><a name=\"ReferralConditionCrushCS-TWLTC-en-US\"> </a><p>This case-sensitive code system <code>http://ltc-ig.fhir.tw/CodeSystem/ReferralConditionCrushCS-TWLTC</code> defines the following codes:</p><table class=\"codes\"><tr><td style=\"white-space:nowrap\"><b>Code</b></td><td><b>Display</b></td><td><b>Definition</b></td></tr><tr><td style=\"white-space:nowrap\">no-crush<a name=\"ReferralConditionCrushCS-TWLTC-no-crush\"> </a></td><td>無壓傷</td><td>個案無壓傷。</td></tr><tr><td style=\"white-space:nowrap\">crush<a name=\"ReferralConditionCrushCS-TWLTC-crush\"> </a></td><td>壓傷</td><td>個案有壓傷。</td></tr></table></div>"
  },
  "url" : "http://ltc-ig.fhir.tw/CodeSystem/ReferralConditionCrushCS-TWLTC",
  "version" : "0.2.0",
  "name" : "ReferralConditionCrushCSTWLTC",
  "title" : "轉介單壓傷狀況代碼",
  "status" : "active",
  "experimental" : false,
  "date" : "2024-08-25",
  "publisher" : "MI-TW",
  "contact" : [{
    "name" : "MI-TW",
    "telecom" : [{
      "system" : "url",
      "value" : "https://mitw.dicom.org.tw/"
    }]
  }],
  "description" : "用於表述個案的壓傷狀況。",
  "caseSensitive" : true,
  "content" : "complete",
  "count" : 2,
  "concept" : [{
    "code" : "no-crush",
    "display" : "無壓傷",
    "definition" : "個案無壓傷。"
  },
  {
    "code" : "crush",
    "display" : "壓傷",
    "definition" : "個案有壓傷。"
  }]
}