{
  "resourceType" : "CodeSystem",
  "id" : "ReferralConditionCaregiverCS-TWLTC",
  "text" : {
    "status" : "generated",
    "div" : "<div xmlns=\"http://www.w3.org/1999/xhtml\"><p class=\"res-header-id\"><b>Generated Narrative: CodeSystem ReferralConditionCaregiverCS-TWLTC</b></p><a name=\"ReferralConditionCaregiverCS-TWLTC\"> </a><a name=\"hcReferralConditionCaregiverCS-TWLTC\"> </a><a name=\"ReferralConditionCaregiverCS-TWLTC-en-US\"> </a><p>This case-sensitive code system <code>http://ltc-ig.fhir.tw/CodeSystem/ReferralConditionCaregiverCS-TWLTC</code> defines the following codes:</p><table class=\"codes\"><tr><td style=\"white-space:nowrap\"><b>Code</b></td><td><b>Display</b></td><td><b>Definition</b></td></tr><tr><td style=\"white-space:nowrap\">no-caregiver<a name=\"ReferralConditionCaregiverCS-TWLTC-no-caregiver\"> </a></td><td>無看護</td><td>個案無雇用看護。</td></tr><tr><td style=\"white-space:nowrap\">caregiver<a name=\"ReferralConditionCaregiverCS-TWLTC-caregiver\"> </a></td><td>有看護</td><td>個案有雇用看護。</td></tr></table></div>"
  },
  "url" : "http://ltc-ig.fhir.tw/CodeSystem/ReferralConditionCaregiverCS-TWLTC",
  "version" : "0.1.1",
  "name" : "ReferralConditionCaregiverCSTWLTC",
  "title" : "轉介單看護狀況代碼",
  "status" : "active",
  "experimental" : false,
  "date" : "2024-08-25",
  "publisher" : "MI-TW",
  "contact" : [{
    "name" : "MI-TW",
    "telecom" : [{
      "system" : "url",
      "value" : "https://mitw.dicom.org.tw/"
    }]
  }],
  "description" : "用於表述個案雇用看護的狀況。",
  "caseSensitive" : true,
  "content" : "complete",
  "count" : 2,
  "concept" : [{
    "code" : "no-caregiver",
    "display" : "無看護",
    "definition" : "個案無雇用看護。"
  },
  {
    "code" : "caregiver",
    "display" : "有看護",
    "definition" : "個案有雇用看護。"
  }]
}