{
  "resourceType" : "CodeSystem",
  "id" : "ConditionDisabilityLegacyTypeCS-TWLTC",
  "text" : {
    "status" : "generated",
    "div" : "<div xmlns=\"http://www.w3.org/1999/xhtml\"><p class=\"res-header-id\"><b>Generated Narrative: CodeSystem ConditionDisabilityLegacyTypeCS-TWLTC</b></p><a name=\"ConditionDisabilityLegacyTypeCS-TWLTC\"> </a><a name=\"hcConditionDisabilityLegacyTypeCS-TWLTC\"> </a><a name=\"ConditionDisabilityLegacyTypeCS-TWLTC-en-US\"> </a><p>This case-sensitive code system <code>http://ltc-ig.fhir.tw/CodeSystem/ConditionDisabilityLegacyTypeCS-TWLTC</code> defines the following codes:</p><table class=\"codes\"><tr><td style=\"white-space:nowrap\"><b>Code</b></td><td><b>Display</b></td><td><b>Definition</b></td></tr><tr><td style=\"white-space:nowrap\">01<a name=\"ConditionDisabilityLegacyTypeCS-TWLTC-01\"> </a></td><td>視覺障礙</td><td>視覺障礙</td></tr><tr><td style=\"white-space:nowrap\">02<a name=\"ConditionDisabilityLegacyTypeCS-TWLTC-02\"> </a></td><td>聽覺機能障礙</td><td>聽覺機能障礙</td></tr><tr><td style=\"white-space:nowrap\">03<a name=\"ConditionDisabilityLegacyTypeCS-TWLTC-03\"> </a></td><td>平衡機能障礙</td><td>平衡機能障礙</td></tr><tr><td style=\"white-space:nowrap\">04<a name=\"ConditionDisabilityLegacyTypeCS-TWLTC-04\"> </a></td><td>聲音機能或語言機能障礙</td><td>聲音機能或語言機能障礙</td></tr><tr><td style=\"white-space:nowrap\">05<a name=\"ConditionDisabilityLegacyTypeCS-TWLTC-05\"> </a></td><td>肢體障礙</td><td>肢體障礙</td></tr><tr><td style=\"white-space:nowrap\">06<a name=\"ConditionDisabilityLegacyTypeCS-TWLTC-06\"> </a></td><td>智能障礙</td><td>智能障礙</td></tr><tr><td style=\"white-space:nowrap\">07<a name=\"ConditionDisabilityLegacyTypeCS-TWLTC-07\"> </a></td><td>重要器官失去功能</td><td>重要器官失去功能</td></tr><tr><td style=\"white-space:nowrap\">08<a name=\"ConditionDisabilityLegacyTypeCS-TWLTC-08\"> </a></td><td>顏面損傷</td><td>顏面損傷</td></tr><tr><td style=\"white-space:nowrap\">09<a name=\"ConditionDisabilityLegacyTypeCS-TWLTC-09\"> </a></td><td>植物人</td><td>植物人</td></tr><tr><td style=\"white-space:nowrap\">10<a name=\"ConditionDisabilityLegacyTypeCS-TWLTC-10\"> </a></td><td>失智症</td><td>失智症</td></tr><tr><td style=\"white-space:nowrap\">11<a name=\"ConditionDisabilityLegacyTypeCS-TWLTC-11\"> </a></td><td>自閉症</td><td>自閉症</td></tr><tr><td style=\"white-space:nowrap\">12<a name=\"ConditionDisabilityLegacyTypeCS-TWLTC-12\"> </a></td><td>慢性精神病</td><td>慢性精神病</td></tr><tr><td style=\"white-space:nowrap\">13<a name=\"ConditionDisabilityLegacyTypeCS-TWLTC-13\"> </a></td><td>多重障礙</td><td>多重障礙（請再勾選各項障礙類別）</td></tr><tr><td style=\"white-space:nowrap\">14<a name=\"ConditionDisabilityLegacyTypeCS-TWLTC-14\"> </a></td><td>頑型（難治型）癲癇症</td><td>頑型（難治型）癲癇症</td></tr><tr><td style=\"white-space:nowrap\">15<a name=\"ConditionDisabilityLegacyTypeCS-TWLTC-15\"> </a></td><td>因罕見疾病而致身心功能障礙者</td><td>經中央衛生主管機關認定，因罕見疾病而致身心功能障礙者</td></tr><tr><td style=\"white-space:nowrap\">16<a name=\"ConditionDisabilityLegacyTypeCS-TWLTC-16\"> </a></td><td>其他</td><td>其他經中央衛生主管機關認定之障礙者（染色體異常、先天代謝異常、先天缺陷）</td></tr></table></div>"
  },
  "url" : "http://ltc-ig.fhir.tw/CodeSystem/ConditionDisabilityLegacyTypeCS-TWLTC",
  "version" : "0.1.1",
  "name" : "ConditionDisabilityLegacyTypeCSTWLTC",
  "title" : "個案身心障礙類型代碼（舊制）",
  "status" : "active",
  "experimental" : false,
  "date" : "2024-09-02",
  "publisher" : "MI-TW",
  "contact" : [{
    "name" : "MI-TW",
    "telecom" : [{
      "system" : "url",
      "value" : "https://mitw.dicom.org.tw/"
    }]
  }],
  "description" : "用於表述個案的身心障礙類型代碼（舊制）。",
  "caseSensitive" : true,
  "content" : "complete",
  "count" : 16,
  "concept" : [{
    "code" : "01",
    "display" : "視覺障礙",
    "definition" : "視覺障礙"
  },
  {
    "code" : "02",
    "display" : "聽覺機能障礙",
    "definition" : "聽覺機能障礙"
  },
  {
    "code" : "03",
    "display" : "平衡機能障礙",
    "definition" : "平衡機能障礙"
  },
  {
    "code" : "04",
    "display" : "聲音機能或語言機能障礙",
    "definition" : "聲音機能或語言機能障礙"
  },
  {
    "code" : "05",
    "display" : "肢體障礙",
    "definition" : "肢體障礙"
  },
  {
    "code" : "06",
    "display" : "智能障礙",
    "definition" : "智能障礙"
  },
  {
    "code" : "07",
    "display" : "重要器官失去功能",
    "definition" : "重要器官失去功能"
  },
  {
    "code" : "08",
    "display" : "顏面損傷",
    "definition" : "顏面損傷"
  },
  {
    "code" : "09",
    "display" : "植物人",
    "definition" : "植物人"
  },
  {
    "code" : "10",
    "display" : "失智症",
    "definition" : "失智症"
  },
  {
    "code" : "11",
    "display" : "自閉症",
    "definition" : "自閉症"
  },
  {
    "code" : "12",
    "display" : "慢性精神病",
    "definition" : "慢性精神病"
  },
  {
    "code" : "13",
    "display" : "多重障礙",
    "definition" : "多重障礙（請再勾選各項障礙類別）"
  },
  {
    "code" : "14",
    "display" : "頑型（難治型）癲癇症",
    "definition" : "頑型（難治型）癲癇症"
  },
  {
    "code" : "15",
    "display" : "因罕見疾病而致身心功能障礙者",
    "definition" : "經中央衛生主管機關認定，因罕見疾病而致身心功能障礙者"
  },
  {
    "code" : "16",
    "display" : "其他",
    "definition" : "其他經中央衛生主管機關認定之障礙者（染色體異常、先天代謝異常、先天缺陷）"
  }]
}