{
  "resourceType" : "CodeSystem",
  "id" : "ConditionDisabilityCS-TWLTC",
  "text" : {
    "status" : "generated",
    "div" : "<div xmlns=\"http://www.w3.org/1999/xhtml\"><p class=\"res-header-id\"><b>Generated Narrative: CodeSystem ConditionDisabilityCS-TWLTC</b></p><a name=\"ConditionDisabilityCS-TWLTC\"> </a><a name=\"hcConditionDisabilityCS-TWLTC\"> </a><a name=\"ConditionDisabilityCS-TWLTC-en-US\"> </a><p>This case-sensitive code system <code>http://ltc-ig.fhir.tw/CodeSystem/ConditionDisabilityCS-TWLTC</code> defines the following codes:</p><table class=\"codes\"><tr><td style=\"white-space:nowrap\"><b>Code</b></td><td><b>Display</b></td><td><b>Definition</b></td></tr><tr><td style=\"white-space:nowrap\">no-disability-handbook<a name=\"ConditionDisabilityCS-TWLTC-no-disability-handbook\"> </a></td><td>無身心障礙手冊</td><td>個案無身心障礙手冊。</td></tr><tr><td style=\"white-space:nowrap\">disability-handbook<a name=\"ConditionDisabilityCS-TWLTC-disability-handbook\"> </a></td><td>有身心障礙手冊</td><td>個案有身心障礙手冊，新舊制不分或未知。</td></tr><tr><td style=\"white-space:nowrap\">disability-handbook-new<a name=\"ConditionDisabilityCS-TWLTC-disability-handbook-new\"> </a></td><td>有身心障礙手冊－新制</td><td>個案有身心障礙手冊，為新制。</td></tr><tr><td style=\"white-space:nowrap\">disability-handbook-legacy<a name=\"ConditionDisabilityCS-TWLTC-disability-handbook-legacy\"> </a></td><td>有身心障礙手冊－舊制</td><td>個案有身心障礙手冊，為舊制。</td></tr></table></div>"
  },
  "url" : "http://ltc-ig.fhir.tw/CodeSystem/ConditionDisabilityCS-TWLTC",
  "version" : "0.1.1",
  "name" : "ConditionDisabilityCSTWLTC",
  "title" : "個案身心障礙手冊持有狀態代碼",
  "status" : "active",
  "experimental" : false,
  "date" : "2024-08-25",
  "publisher" : "MI-TW",
  "contact" : [{
    "name" : "MI-TW",
    "telecom" : [{
      "system" : "url",
      "value" : "https://mitw.dicom.org.tw/"
    }]
  }],
  "description" : "用於表述個案的身心障礙手冊持有狀態代碼。",
  "caseSensitive" : true,
  "content" : "complete",
  "count" : 4,
  "concept" : [{
    "code" : "no-disability-handbook",
    "display" : "無身心障礙手冊",
    "definition" : "個案無身心障礙手冊。"
  },
  {
    "code" : "disability-handbook",
    "display" : "有身心障礙手冊",
    "definition" : "個案有身心障礙手冊，新舊制不分或未知。"
  },
  {
    "code" : "disability-handbook-new",
    "display" : "有身心障礙手冊－新制",
    "definition" : "個案有身心障礙手冊，為新制。"
  },
  {
    "code" : "disability-handbook-legacy",
    "display" : "有身心障礙手冊－舊制",
    "definition" : "個案有身心障礙手冊，為舊制。"
  }]
}