{
  "resourceType" : "CodeSystem",
  "id" : "EducationStatusCS-TWLTC",
  "text" : {
    "status" : "generated",
    "div" : "<div xmlns=\"http://www.w3.org/1999/xhtml\"><p class=\"res-header-id\"><b>Generated Narrative: CodeSystem EducationStatusCS-TWLTC</b></p><a name=\"EducationStatusCS-TWLTC\"> </a><a name=\"hcEducationStatusCS-TWLTC\"> </a><a name=\"EducationStatusCS-TWLTC-en-US\"> </a><p>This case-sensitive code system <code>http://ltc-ig.fhir.tw/CodeSystem/EducationStatusCS-TWLTC</code> defines the following codes:</p><table class=\"codes\"><tr><td style=\"white-space:nowrap\"><b>Code</b></td><td><b>Display</b></td><td><b>Definition</b></td></tr><tr><td style=\"white-space:nowrap\">illiterate<a name=\"EducationStatusCS-TWLTC-illiterate\"> </a></td><td>不識字</td><td>個案教育程度為不識字。</td></tr><tr><td style=\"white-space:nowrap\">literate<a name=\"EducationStatusCS-TWLTC-literate\"> </a></td><td>識字</td><td>個案教育程度為識字，但未受正規教育（含私塾）。</td></tr><tr><td style=\"white-space:nowrap\">elementary<a name=\"EducationStatusCS-TWLTC-elementary\"> </a></td><td>國小</td><td>個案教育程度為國小。</td></tr><tr><td style=\"white-space:nowrap\">junior<a name=\"EducationStatusCS-TWLTC-junior\"> </a></td><td>國中</td><td>個案教育程度為國中。</td></tr><tr><td style=\"white-space:nowrap\">senior<a name=\"EducationStatusCS-TWLTC-senior\"> </a></td><td>高中（職）</td><td>個案教育程度為高中（職）。</td></tr><tr><td style=\"white-space:nowrap\">special-elementary<a name=\"EducationStatusCS-TWLTC-special-elementary\"> </a></td><td>特教班-國小</td><td>個案教育程度為特教班-國小。</td></tr><tr><td style=\"white-space:nowrap\">special-junior<a name=\"EducationStatusCS-TWLTC-special-junior\"> </a></td><td>特教班-國中</td><td>個案教育程度為特教班-國中。</td></tr><tr><td style=\"white-space:nowrap\">special-senior<a name=\"EducationStatusCS-TWLTC-special-senior\"> </a></td><td>特教班-高中職</td><td>個案教育程度為特教班-高中職。</td></tr><tr><td style=\"white-space:nowrap\">vocational<a name=\"EducationStatusCS-TWLTC-vocational\"> </a></td><td>五專</td><td>個案教育程度為五專。</td></tr><tr><td style=\"white-space:nowrap\">college<a name=\"EducationStatusCS-TWLTC-college\"> </a></td><td>大學（二三專）</td><td>個案教育程度為大學（二三專）。</td></tr><tr><td style=\"white-space:nowrap\">postgraduate<a name=\"EducationStatusCS-TWLTC-postgraduate\"> </a></td><td>研究所以上</td><td>個案教育程度為研究所以上。</td></tr><tr><td style=\"white-space:nowrap\">other<a name=\"EducationStatusCS-TWLTC-other\"> </a></td><td>其他</td><td>個案教育程度為其他。</td></tr></table></div>"
  },
  "url" : "http://ltc-ig.fhir.tw/CodeSystem/EducationStatusCS-TWLTC",
  "version" : "0.1.1",
  "name" : "EducationStatusCSTWLTC",
  "title" : "教育程度代碼",
  "status" : "active",
  "experimental" : false,
  "date" : "2024-09-02",
  "publisher" : "MI-TW",
  "contact" : [{
    "name" : "MI-TW",
    "telecom" : [{
      "system" : "url",
      "value" : "https://mitw.dicom.org.tw/"
    }]
  }],
  "description" : "用於表述個案的教育程度，在長照機構住民教育程度 Extension 中使用。",
  "caseSensitive" : true,
  "content" : "complete",
  "count" : 12,
  "concept" : [{
    "code" : "illiterate",
    "display" : "不識字",
    "definition" : "個案教育程度為不識字。"
  },
  {
    "code" : "literate",
    "display" : "識字",
    "definition" : "個案教育程度為識字，但未受正規教育（含私塾）。"
  },
  {
    "code" : "elementary",
    "display" : "國小",
    "definition" : "個案教育程度為國小。"
  },
  {
    "code" : "junior",
    "display" : "國中",
    "definition" : "個案教育程度為國中。"
  },
  {
    "code" : "senior",
    "display" : "高中（職）",
    "definition" : "個案教育程度為高中（職）。"
  },
  {
    "code" : "special-elementary",
    "display" : "特教班-國小",
    "definition" : "個案教育程度為特教班-國小。"
  },
  {
    "code" : "special-junior",
    "display" : "特教班-國中",
    "definition" : "個案教育程度為特教班-國中。"
  },
  {
    "code" : "special-senior",
    "display" : "特教班-高中職",
    "definition" : "個案教育程度為特教班-高中職。"
  },
  {
    "code" : "vocational",
    "display" : "五專",
    "definition" : "個案教育程度為五專。"
  },
  {
    "code" : "college",
    "display" : "大學（二三專）",
    "definition" : "個案教育程度為大學（二三專）。"
  },
  {
    "code" : "postgraduate",
    "display" : "研究所以上",
    "definition" : "個案教育程度為研究所以上。"
  },
  {
    "code" : "other",
    "display" : "其他",
    "definition" : "個案教育程度為其他。"
  }]
}