{
  "resourceType" : "CodeSystem",
  "id" : "ConditionDisabilityTypeCS-TWLTC",
  "text" : {
    "status" : "generated",
    "div" : "<div xmlns=\"http://www.w3.org/1999/xhtml\"><p class=\"res-header-id\"><b>Generated Narrative: CodeSystem ConditionDisabilityTypeCS-TWLTC</b></p><a name=\"ConditionDisabilityTypeCS-TWLTC\"> </a><a name=\"hcConditionDisabilityTypeCS-TWLTC\"> </a><a name=\"ConditionDisabilityTypeCS-TWLTC-en-US\"> </a><p>This case-sensitive code system <code>http://ltc-ig.fhir.tw/CodeSystem/ConditionDisabilityTypeCS-TWLTC</code> defines the following codes:</p><table class=\"codes\"><tr><td style=\"white-space:nowrap\"><b>Code</b></td><td><b>Display</b></td><td><b>Definition</b></td></tr><tr><td style=\"white-space:nowrap\">01<a name=\"ConditionDisabilityTypeCS-TWLTC-01\"> </a></td><td>第一類</td><td>神經系統構造及精神、心智功能</td></tr><tr><td style=\"white-space:nowrap\">02<a name=\"ConditionDisabilityTypeCS-TWLTC-02\"> </a></td><td>第二類</td><td>眼、耳及相關構造與感官功能及疼痛</td></tr><tr><td style=\"white-space:nowrap\">03<a name=\"ConditionDisabilityTypeCS-TWLTC-03\"> </a></td><td>第三類</td><td>涉及聲音與言語構造及其功能</td></tr><tr><td style=\"white-space:nowrap\">04<a name=\"ConditionDisabilityTypeCS-TWLTC-04\"> </a></td><td>第四類</td><td>循環、造血、免疫與呼吸系統構造及其功能</td></tr><tr><td style=\"white-space:nowrap\">05<a name=\"ConditionDisabilityTypeCS-TWLTC-05\"> </a></td><td>第五類</td><td>消化、新陳代謝與內分泌系統相關構造及其功能</td></tr><tr><td style=\"white-space:nowrap\">06<a name=\"ConditionDisabilityTypeCS-TWLTC-06\"> </a></td><td>第六類</td><td>泌尿與生殖系統相關構造及其功能</td></tr><tr><td style=\"white-space:nowrap\">07<a name=\"ConditionDisabilityTypeCS-TWLTC-07\"> </a></td><td>第七類</td><td>神經、肌肉、骨骼之移動相關構造及其功能</td></tr><tr><td style=\"white-space:nowrap\">08<a name=\"ConditionDisabilityTypeCS-TWLTC-08\"> </a></td><td>第八類</td><td>皮膚與相關構造及其功能</td></tr><tr><td style=\"white-space:nowrap\">09<a name=\"ConditionDisabilityTypeCS-TWLTC-09\"> </a></td><td>第九類</td><td>罕見疾病</td></tr><tr><td style=\"white-space:nowrap\">10<a name=\"ConditionDisabilityTypeCS-TWLTC-10\"> </a></td><td>第十類</td><td>其他類</td></tr><tr><td style=\"white-space:nowrap\">11<a name=\"ConditionDisabilityTypeCS-TWLTC-11\"> </a></td><td>第十一類</td><td>發展遲緩類</td></tr></table></div>"
  },
  "url" : "http://ltc-ig.fhir.tw/CodeSystem/ConditionDisabilityTypeCS-TWLTC",
  "version" : "0.1.1",
  "name" : "ConditionDisabilityTypeCSTWLTC",
  "title" : "個案身心障礙類型代碼（新制）",
  "status" : "active",
  "experimental" : false,
  "date" : "2024-09-02",
  "publisher" : "MI-TW",
  "contact" : [{
    "name" : "MI-TW",
    "telecom" : [{
      "system" : "url",
      "value" : "https://mitw.dicom.org.tw/"
    }]
  }],
  "description" : "用於表述個案的身心障礙類型代碼（新制）。",
  "caseSensitive" : true,
  "content" : "complete",
  "count" : 11,
  "concept" : [{
    "code" : "01",
    "display" : "第一類",
    "definition" : "神經系統構造及精神、心智功能"
  },
  {
    "code" : "02",
    "display" : "第二類",
    "definition" : "眼、耳及相關構造與感官功能及疼痛"
  },
  {
    "code" : "03",
    "display" : "第三類",
    "definition" : "涉及聲音與言語構造及其功能"
  },
  {
    "code" : "04",
    "display" : "第四類",
    "definition" : "循環、造血、免疫與呼吸系統構造及其功能"
  },
  {
    "code" : "05",
    "display" : "第五類",
    "definition" : "消化、新陳代謝與內分泌系統相關構造及其功能"
  },
  {
    "code" : "06",
    "display" : "第六類",
    "definition" : "泌尿與生殖系統相關構造及其功能"
  },
  {
    "code" : "07",
    "display" : "第七類",
    "definition" : "神經、肌肉、骨骼之移動相關構造及其功能"
  },
  {
    "code" : "08",
    "display" : "第八類",
    "definition" : "皮膚與相關構造及其功能"
  },
  {
    "code" : "09",
    "display" : "第九類",
    "definition" : "罕見疾病"
  },
  {
    "code" : "10",
    "display" : "第十類",
    "definition" : "其他類"
  },
  {
    "code" : "11",
    "display" : "第十一類",
    "definition" : "發展遲緩類"
  }]
}