{
  "resourceType" : "Composition",
  "id" : "ltc-composition-referral-example",
  "meta" : {
    "profile" : ["http://ltc-ig.fhir.tw/StructureDefinition/LTCCompositionReferral"]
  },
  "text" : {
    "status" : "generated",
    "div" : "<div xmlns=\"http://www.w3.org/1999/xhtml\"><p class=\"res-header-id\"><b>Generated Narrative: Composition ltc-composition-referral-example</b></p><a name=\"ltc-composition-referral-example\"> </a><a name=\"hcltc-composition-referral-example\"> </a><div style=\"display: inline-block; background-color: #d9e0e7; padding: 6px; margin: 4px; border: 1px solid #8da1b4; border-radius: 5px; line-height: 60%\"><p style=\"margin-bottom: 0px\"/><p style=\"margin-bottom: 0px\">Profile: <a href=\"StructureDefinition-LTCCompositionReferral.html\">長期照護管理中心個案服務初篩表/轉介單文件架構</a></p></div><p><b>status</b>: Final</p><p><b>type</b>: <span title=\"Codes:{http://loinc.org 11488-4}\">長期照顧管理中心個案服務初篩表/轉介單</span></p><p><b>date</b>: 2024-01-20 09:00:00+0800</p><p><b>author</b>: <a href=\"PractitionerRole-ltc-practitioner-role-nurse-example.html\">PractitionerRole Registered nurse</a></p><p><b>title</b>: 陳明慧女士長期照顧服務轉介單</p></div>"
  },
  "status" : "final",
  "type" : {
    "coding" : [{
      "system" : "http://loinc.org",
      "code" : "11488-4",
      "display" : "Consult note"
    }],
    "text" : "長期照顧管理中心個案服務初篩表/轉介單"
  },
  "subject" : {
    "reference" : "http://ltc-ig.fhir.tw/Patient/ltc-patient-referral-chen-ming-hui-example"
  },
  "date" : "2024-01-20T09:00:00+08:00",
  "author" : [{
    "reference" : "PractitionerRole/ltc-practitioner-role-nurse-example"
  }],
  "title" : "陳明慧女士長期照顧服務轉介單",
  "section" : [{
    "title" : "個案基本資料",
    "entry" : [{
      "reference" : "http://ltc-ig.fhir.tw/Patient/ltc-patient-referral-chen-ming-hui-example"
    }]
  },
  {
    "title" : "身心障礙手冊",
    "entry" : [{
      "reference" : "http://ltc-ig.fhir.tw/Condition/ltc-condition-disability-example"
    },
    {
      "reference" : "http://ltc-ig.fhir.tw/Condition/ltc-condition-disability-type-limb-example"
    }]
  },
  {
    "title" : "管路",
    "entry" : [{
      "reference" : "http://ltc-ig.fhir.tw/Condition/ltc-condition-tube-nasogastric-example"
    }]
  },
  {
    "title" : "壓傷",
    "entry" : [{
      "reference" : "http://ltc-ig.fhir.tw/Condition/ltc-condition-crush-stage2-example"
    }]
  },
  {
    "title" : "居住狀況",
    "entry" : [{
      "reference" : "http://ltc-ig.fhir.tw/Condition/ltc-condition-residence-not-alone-example"
    }]
  },
  {
    "title" : "看護",
    "entry" : [{
      "reference" : "http://ltc-ig.fhir.tw/Condition/ltc-condition-caregiver-family-example"
    }]
  },
  {
    "title" : "疾病狀況",
    "entry" : [{
      "reference" : "http://ltc-ig.fhir.tw/Condition/ltc-condition-diabetes-example"
    }]
  },
  {
    "title" : "案主(家)主要問題及需求",
    "entry" : [{
      "reference" : "http://ltc-ig.fhir.tw/Condition/ltc-condition-need-assistance-example"
    }]
  },
  {
    "title" : "欲申請服務之種類",
    "entry" : [{
      "reference" : "http://ltc-ig.fhir.tw/CarePlan/ltc-careplan-referral-home-service-example"
    }]
  },
  {
    "title" : "ADL 失能項目評估",
    "entry" : [{
      "reference" : "http://ltc-ig.fhir.tw/QuestionnaireResponse/ltc-questionnaire-response-adl-referral-example"
    }]
  },
  {
    "title" : "IADL 失能項目評估",
    "entry" : [{
      "reference" : "http://ltc-ig.fhir.tw/QuestionnaireResponse/ltc-questionnaire-response-iadl-referral-example"
    }]
  },
  {
    "title" : "長者衰弱評估",
    "entry" : [{
      "reference" : "http://ltc-ig.fhir.tw/QuestionnaireResponse/ltc-questionnaire-response-sof-example"
    }]
  },
  {
    "title" : "照顧者評估",
    "entry" : [{
      "reference" : "http://ltc-ig.fhir.tw/QuestionnaireResponse/ltc-questionnaire-response-caregiver-referral-example"
    }]
  },
  {
    "title" : "出入院情形",
    "entry" : [{
      "reference" : "http://ltc-ig.fhir.tw/Encounter/ltc-encounter-example"
    }]
  },
  {
    "title" : "填表者/轉介者資訊及簽名欄",
    "entry" : [{
      "reference" : "http://ltc-ig.fhir.tw/Practitioner/ltc-practitioner-nurse-example"
    }]
  },
  {
    "title" : "填表單位資訊",
    "entry" : [{
      "reference" : "http://ltc-ig.fhir.tw/Organization/ltc-organization-example"
    }]
  },
  {
    "title" : "關係人",
    "entry" : [{
      "reference" : "http://ltc-ig.fhir.tw/RelatedPerson/ltc-related-person-primary-caregiver-example"
    }]
  }]
}