{
  "resourceType" : "Composition",
  "id" : "ltc-composition-cms-example",
  "meta" : {
    "profile" : ["http://ltc-ig.fhir.tw/StructureDefinition/LTCCompositionCMS"]
  },
  "text" : {
    "status" : "generated",
    "div" : "<div xmlns=\"http://www.w3.org/1999/xhtml\"><p class=\"res-header-id\"><b>Generated Narrative: Composition ltc-composition-cms-example</b></p><a name=\"ltc-composition-cms-example\"> </a><a name=\"hcltc-composition-cms-example\"> </a><div style=\"display: inline-block; background-color: #d9e0e7; padding: 6px; margin: 4px; border: 1px solid #8da1b4; border-radius: 5px; line-height: 60%\"><p style=\"margin-bottom: 0px\"/><p style=\"margin-bottom: 0px\">Profile: <a href=\"StructureDefinition-LTCCompositionCMS.html\">照顧管理評估量表文件架構</a></p></div><p><b>status</b>: Final</p><p><b>type</b>: <span title=\"Codes:{http://loinc.org 11503-0}\">照顧管理評估量表</span></p><p><b>date</b>: 2024-01-15 14:30:00+0800</p><p><b>author</b>: <a href=\"PractitionerRole-ltc-practitioner-role-nurse-example.html\">PractitionerRole Registered nurse</a></p><p><b>title</b>: 陳明慧女士照顧管理評估量表</p></div>"
  },
  "status" : "final",
  "type" : {
    "coding" : [{
      "system" : "http://loinc.org",
      "code" : "11503-0",
      "display" : "Medical records"
    }],
    "text" : "照顧管理評估量表"
  },
  "subject" : {
    "reference" : "http://ltc-ig.fhir.tw/Patient/ltc-patient-cms-chen-ming-hui-example"
  },
  "date" : "2024-01-15T14:30:00+08:00",
  "author" : [{
    "reference" : "PractitionerRole/ltc-practitioner-role-nurse-example"
  }],
  "title" : "陳明慧女士照顧管理評估量表",
  "section" : [{
    "title" : "A. 個案基本資料",
    "entry" : [{
      "reference" : "http://ltc-ig.fhir.tw/Patient/ltc-patient-cms-chen-ming-hui-example"
    },
    {
      "reference" : "http://ltc-ig.fhir.tw/Condition/ltc-condition-disability-example"
    },
    {
      "reference" : "http://ltc-ig.fhir.tw/Condition/ltc-condition-disability-type-limb-example"
    }]
  },
  {
    "title" : "B. 照顧者基本資料",
    "entry" : [{
      "reference" : "http://ltc-ig.fhir.tw/RelatedPerson/ltc-related-person-primary-caregiver-example"
    },
    {
      "reference" : "http://ltc-ig.fhir.tw/Condition/ltc-condition-disability-example"
    },
    {
      "reference" : "http://ltc-ig.fhir.tw/Condition/ltc-condition-caregiver-family-example"
    }]
  },
  {
    "title" : "C. 個案溝通能力",
    "entry" : [{
      "reference" : "http://ltc-ig.fhir.tw/QuestionnaireResponse/ltc-questionnaire-response-communication-example"
    }]
  },
  {
    "title" : "D. 個案短期記憶力",
    "entry" : [{
      "reference" : "http://ltc-ig.fhir.tw/QuestionnaireResponse/ltc-questionnaire-response-memory-example"
    }]
  },
  {
    "title" : "E. 個案日常活動功能量表 (ADLs)",
    "entry" : [{
      "reference" : "http://ltc-ig.fhir.tw/QuestionnaireResponse/ltc-questionnaire-response-adl-example"
    }]
  },
  {
    "title" : "F. 個案工具性日常活動功能量表 (IADLs)",
    "entry" : [{
      "reference" : "http://ltc-ig.fhir.tw/QuestionnaireResponse/ltc-questionnaire-response-iadl-example"
    }]
  },
  {
    "title" : "G. 特殊複雜照護需要",
    "entry" : [{
      "reference" : "http://ltc-ig.fhir.tw/QuestionnaireResponse/ltc-questionnaire-response-special-care-example"
    }]
  },
  {
    "title" : "H. 居家環境與社會參與",
    "entry" : [{
      "reference" : "http://ltc-ig.fhir.tw/QuestionnaireResponse/ltc-questionnaire-response-society-example"
    }]
  },
  {
    "title" : "I. 情緒及行為型態",
    "entry" : [{
      "reference" : "http://ltc-ig.fhir.tw/QuestionnaireResponse/ltc-questionnaire-response-mental-example"
    }]
  },
  {
    "title" : "J. 主要照護者負荷",
    "entry" : [{
      "reference" : "http://ltc-ig.fhir.tw/QuestionnaireResponse/ltc-questionnaire-response-caregiver-load-example"
    }]
  },
  {
    "title" : "K. 主要照護者工作與支持",
    "entry" : [{
      "reference" : "http://ltc-ig.fhir.tw/QuestionnaireResponse/ltc-questionnaire-response-caregiver-support-example"
    }]
  }]
}