{
  "resourceType" : "Condition",
  "id" : "ltc-condition-disability-type-limb-example",
  "meta" : {
    "profile" : ["http://ltc-ig.fhir.tw/StructureDefinition/LTCConditionDisabilityType"]
  },
  "text" : {
    "status" : "generated",
    "div" : "<div xmlns=\"http://www.w3.org/1999/xhtml\"><p class=\"res-header-id\"><b>Generated Narrative: Condition ltc-condition-disability-type-limb-example</b></p><a name=\"ltc-condition-disability-type-limb-example\"> </a><a name=\"hcltc-condition-disability-type-limb-example\"> </a><div style=\"display: inline-block; background-color: #d9e0e7; padding: 6px; margin: 4px; border: 1px solid #8da1b4; border-radius: 5px; line-height: 60%\"><p style=\"margin-bottom: 0px\"/><p style=\"margin-bottom: 0px\">Profile: <a href=\"StructureDefinition-LTCConditionDisabilityType.html\">長期照顧－身心障礙類型</a></p></div><p><b>clinicalStatus</b>: <span title=\"Codes:{http://terminology.hl7.org/CodeSystem/condition-clinical active}\">Active</span></p><p><b>verificationStatus</b>: <span title=\"Codes:{http://terminology.hl7.org/CodeSystem/condition-ver-status confirmed}\">Confirmed</span></p><p><b>category</b>: <span title=\"Codes:{http://terminology.hl7.org/CodeSystem/condition-category problem-list-item}\">Problem List Item</span></p><p><b>severity</b>: <span title=\"Codes:{http://ltc-ig.fhir.tw/ValueSet/ConditionSeverityVS-TWLTC mild}\">輕度</span></p><p><b>code</b>: <span title=\"Codes:{http://ltc-ig.fhir.tw/ValueSet/ConditionDisabilityTypeVS-TWLTC limb-disability}\">肢體障礙</span></p><p><b>bodySite</b>: <span title=\"Codes:{http://snomed.info/sct 61685007}\">Lower limb structure</span></p><p><b>subject</b>: <a href=\"Patient-ltc-patient-chen-ming-hui.html\">陳明慧 Female, DoB: 1945-03-15 ( National Person Identifier: A123456789\u00a0(use:\u00a0official,\u00a0))</a></p><p><b>onset</b>: 2015-08-20</p><p><b>recorder</b>: <a href=\"PractitionerRole-ltc-practitioner-role-nurse-example.html\">PractitionerRole Registered nurse</a></p><p><b>note</b>: @2024-01-15</p><blockquote><div><p>左下肢功能輕度受限，影響行走功能，持有身心障礙手冊</p>\n</div></blockquote></div>"
  },
  "clinicalStatus" : {
    "coding" : [{
      "system" : "http://terminology.hl7.org/CodeSystem/condition-clinical",
      "code" : "active"
    }]
  },
  "verificationStatus" : {
    "coding" : [{
      "system" : "http://terminology.hl7.org/CodeSystem/condition-ver-status",
      "code" : "confirmed"
    }]
  },
  "category" : [{
    "coding" : [{
      "system" : "http://terminology.hl7.org/CodeSystem/condition-category",
      "code" : "problem-list-item",
      "display" : "Problem List Item"
    }]
  }],
  "severity" : {
    "coding" : [{
      "system" : "http://ltc-ig.fhir.tw/ValueSet/ConditionSeverityVS-TWLTC",
      "code" : "mild",
      "display" : "輕度"
    }]
  },
  "code" : {
    "coding" : [{
      "system" : "http://ltc-ig.fhir.tw/ValueSet/ConditionDisabilityTypeVS-TWLTC",
      "code" : "limb-disability",
      "display" : "肢體障礙"
    }]
  },
  "bodySite" : [{
    "coding" : [{
      "system" : "http://snomed.info/sct",
      "code" : "61685007",
      "display" : "Lower limb structure"
    }]
  }],
  "subject" : {
    "reference" : "Patient/ltc-patient-chen-ming-hui"
  },
  "onsetDateTime" : "2015-08-20",
  "recorder" : {
    "reference" : "PractitionerRole/ltc-practitioner-role-nurse-example"
  },
  "note" : [{
    "time" : "2024-01-15",
    "text" : "左下肢功能輕度受限，影響行走功能，持有身心障礙手冊"
  }]
}