{
  "resourceType" : "Condition",
  "id" : "ltc-condition-crush-stage2-example",
  "meta" : {
    "profile" : ["http://ltc-ig.fhir.tw/StructureDefinition/LTCConditionCrush"]
  },
  "text" : {
    "status" : "generated",
    "div" : "<div xmlns=\"http://www.w3.org/1999/xhtml\"><p class=\"res-header-id\"><b>Generated Narrative: Condition ltc-condition-crush-stage2-example</b></p><a name=\"ltc-condition-crush-stage2-example\"> </a><a name=\"hcltc-condition-crush-stage2-example\"> </a><div style=\"display: inline-block; background-color: #d9e0e7; padding: 6px; margin: 4px; border: 1px solid #8da1b4; border-radius: 5px; line-height: 60%\"><p style=\"margin-bottom: 0px\"/><p style=\"margin-bottom: 0px\">Profile: <a href=\"StructureDefinition-LTCConditionCrush.html\">長期照顧－壓傷狀況</a></p></div><p><b>clinicalStatus</b>: <span title=\"Codes:{http://terminology.hl7.org/CodeSystem/condition-clinical active}\">Active</span></p><p><b>verificationStatus</b>: <span title=\"Codes:{http://terminology.hl7.org/CodeSystem/condition-ver-status confirmed}\">Confirmed</span></p><p><b>category</b>: <span title=\"Codes:{http://terminology.hl7.org/CodeSystem/condition-category problem-list-item}\">Problem List Item</span></p><p><b>code</b>: <span title=\"Codes:{http://ltc-ig.fhir.tw/CodeSystem/ReferralConditionCrushCS-TWLTC crush}\">壓傷</span></p><p><b>bodySite</b>: <span title=\"Codes:{http://snomed.info/sct 54735007}\">Bone structure of sacrum</span></p><p><b>subject</b>: <a href=\"Patient-ltc-patient-chen-ming-hui.html\">陳明慧 Female, DoB: 1945-03-15 ( National Person Identifier (TWN):\u00a0A123456789\u00a0(use:\u00a0official,\u00a0))</a></p><p><b>onset</b>: 2024-01-10</p><p><b>recorder</b>: <a href=\"PractitionerRole-ltc-practitioner-role-nurse-example.html\">PractitionerRole Registered nurse</a></p><p><b>note</b>: @2024-01-15</p><blockquote><div><p>部位：薦骨部位，等級：第二期，大小：3x2 cm^2，正在進行傷口護理</p>\n</div></blockquote></div>"
  },
  "clinicalStatus" : {
    "coding" : [{
      "system" : "http://terminology.hl7.org/CodeSystem/condition-clinical",
      "code" : "active"
    }]
  },
  "verificationStatus" : {
    "coding" : [{
      "system" : "http://terminology.hl7.org/CodeSystem/condition-ver-status",
      "code" : "confirmed"
    }]
  },
  "category" : [{
    "coding" : [{
      "system" : "http://terminology.hl7.org/CodeSystem/condition-category",
      "code" : "problem-list-item",
      "display" : "Problem List Item"
    }]
  }],
  "code" : {
    "coding" : [{
      "system" : "http://ltc-ig.fhir.tw/CodeSystem/ReferralConditionCrushCS-TWLTC",
      "code" : "crush",
      "display" : "壓傷"
    }]
  },
  "bodySite" : [{
    "coding" : [{
      "system" : "http://snomed.info/sct",
      "code" : "54735007",
      "display" : "Bone structure of sacrum"
    }]
  }],
  "subject" : {
    "reference" : "Patient/ltc-patient-chen-ming-hui"
  },
  "onsetDateTime" : "2024-01-10",
  "recorder" : {
    "reference" : "PractitionerRole/ltc-practitioner-role-nurse-example"
  },
  "note" : [{
    "time" : "2024-01-15",
    "text" : "部位：薦骨部位，等級：第二期，大小：3x2 cm^2，正在進行傷口護理"
  }]
}