{
  "resourceType" : "Condition",
  "id" : "pasport-condition-exercise-history-example",
  "meta" : {
    "profile" : ["http://ltc-ig.fhir.tw/StructureDefinition/PASportConditionExerciseHistory"]
  },
  "text" : {
    "status" : "generated",
    "div" : "<div xmlns=\"http://www.w3.org/1999/xhtml\"><p class=\"res-header-id\"><b>Generated Narrative: Condition pasport-condition-exercise-history-example</b></p><a name=\"pasport-condition-exercise-history-example\"> </a><a name=\"hcpasport-condition-exercise-history-example\"> </a><div style=\"display: inline-block; background-color: #d9e0e7; padding: 6px; margin: 4px; border: 1px solid #8da1b4; border-radius: 5px; line-height: 60%\"><p style=\"margin-bottom: 0px\"/><p style=\"margin-bottom: 0px\">Profile: <a href=\"StructureDefinition-PASportConditionExerciseHistory.html\">運動處方－運動史</a></p></div><p><b>clinicalStatus</b>: <span title=\"Codes:{http://terminology.hl7.org/CodeSystem/condition-clinical active}\">Active</span></p><p><b>verificationStatus</b>: <span title=\"Codes:{http://terminology.hl7.org/CodeSystem/condition-ver-status confirmed}\">Confirmed</span></p><p><b>category</b>: <span title=\"Codes:{http://ltc-ig.fhir.tw/CodeSystem/TempCodeCS-Sport PhysicalActivity}\">Physical Activity</span></p><p><b>code</b>: <span title=\"Codes:{http://snomed.info/sct 229070002}\">患者過去有規律運動習慣，主要以散步和太極拳為主</span></p><p><b>subject</b>: <a href=\"Patient-ltc-patient-chen-ming-hui.html\">陳明慧 Female, DoB: 1945-03-15 ( National Person Identifier: A123456789\u00a0(use:\u00a0official,\u00a0))</a></p><p><b>onset</b>: 2020-01-01</p><p><b>recordedDate</b>: 2024-01-15</p><p><b>recorder</b>: <a href=\"PractitionerRole-ltc-practitioner-role-nurse-example.html\">PractitionerRole Registered nurse</a></p><h3>Evidences</h3><table class=\"grid\"><tr><td style=\"display: none\">-</td><td><b>Detail</b></td></tr><tr><td style=\"display: none\">*</td><td><a href=\"Observation-pasport-observation-heart-rate-example.html\">Observation Heart rate</a></td></tr></table><p><b>note</b>: @2024-01-15</p><blockquote><div><p>患者報告從60歲開始每日早晨散步30分鐘，並參加社區太極拳課程已有4年。近期因關節不適減少運動頻率，希望透過專業指導恢復運動習慣。</p>\n</div></blockquote></div>"
  },
  "clinicalStatus" : {
    "coding" : [{
      "system" : "http://terminology.hl7.org/CodeSystem/condition-clinical",
      "code" : "active"
    }]
  },
  "verificationStatus" : {
    "coding" : [{
      "system" : "http://terminology.hl7.org/CodeSystem/condition-ver-status",
      "code" : "confirmed"
    }]
  },
  "category" : [{
    "coding" : [{
      "system" : "http://ltc-ig.fhir.tw/CodeSystem/TempCodeCS-Sport",
      "code" : "PhysicalActivity",
      "display" : "Physical Activity"
    }]
  }],
  "code" : {
    "coding" : [{
      "system" : "http://snomed.info/sct",
      "code" : "229070002",
      "display" : "Exercise therapy"
    }],
    "text" : "患者過去有規律運動習慣，主要以散步和太極拳為主"
  },
  "subject" : {
    "reference" : "Patient/ltc-patient-chen-ming-hui"
  },
  "onsetDateTime" : "2020-01-01",
  "recordedDate" : "2024-01-15",
  "recorder" : {
    "reference" : "PractitionerRole/ltc-practitioner-role-nurse-example"
  },
  "evidence" : [{
    "detail" : [{
      "reference" : "Observation/pasport-observation-heart-rate-example"
    }]
  }],
  "note" : [{
    "time" : "2024-01-15",
    "text" : "患者報告從60歲開始每日早晨散步30分鐘，並參加社區太極拳課程已有4年。近期因關節不適減少運動頻率，希望透過專業指導恢復運動習慣。"
  }]
}