{
  "resourceType" : "Condition",
  "id" : "ltc-condition-disability-referral-example",
  "meta" : {
    "profile" : ["http://ltc-ig.fhir.tw/StructureDefinition/LTCConditionDisability"]
  },
  "text" : {
    "status" : "generated",
    "div" : "<div xmlns=\"http://www.w3.org/1999/xhtml\"><p class=\"res-header-id\"><b>Generated Narrative: Condition ltc-condition-disability-referral-example</b></p><a name=\"ltc-condition-disability-referral-example\"> </a><a name=\"hcltc-condition-disability-referral-example\"> </a><div style=\"display: inline-block; background-color: #d9e0e7; padding: 6px; margin: 4px; border: 1px solid #8da1b4; border-radius: 5px; line-height: 60%\"><p style=\"margin-bottom: 0px\"/><p style=\"margin-bottom: 0px\">Profile: <a href=\"StructureDefinition-LTCConditionDisability.html\">長期照顧－身心障礙手冊持有狀態</a></p></div><p><b>clinicalStatus</b>: <span title=\"Codes:{http://terminology.hl7.org/CodeSystem/condition-clinical active}\">Active</span></p><p><b>verificationStatus</b>: <span title=\"Codes:{http://terminology.hl7.org/CodeSystem/condition-ver-status confirmed}\">Confirmed</span></p><p><b>category</b>: <span title=\"Codes:{http://terminology.hl7.org/CodeSystem/condition-category problem-list-item}\">Problem List Item</span></p><p><b>code</b>: <span title=\"Codes:{http://ltc-ig.fhir.tw/CodeSystem/ConditionDisabilityCS-TWLTC disability-handbook}\">有身心障礙手冊</span></p><p><b>subject</b>: <a href=\"Patient-ltc-patient-referral-chen-ming-hui-example.html\">陳明慧 Female, DoB: 1945-03-15 ( National Person Identifier (TWN):\u00a0A123456789\u00a0(use:\u00a0official,\u00a0))</a></p><p><b>onset</b>: 2015-08-20</p><p><b>recorder</b>: <a href=\"PractitionerRole-ltc-practitioner-role-nurse-example.html\">PractitionerRole Registered nurse</a></p></div>"
  },
  "clinicalStatus" : {
    "coding" : [{
      "system" : "http://terminology.hl7.org/CodeSystem/condition-clinical",
      "code" : "active"
    }]
  },
  "verificationStatus" : {
    "coding" : [{
      "system" : "http://terminology.hl7.org/CodeSystem/condition-ver-status",
      "code" : "confirmed"
    }]
  },
  "category" : [{
    "coding" : [{
      "system" : "http://terminology.hl7.org/CodeSystem/condition-category",
      "code" : "problem-list-item"
    }]
  }],
  "code" : {
    "coding" : [{
      "system" : "http://ltc-ig.fhir.tw/CodeSystem/ConditionDisabilityCS-TWLTC",
      "code" : "disability-handbook"
    }]
  },
  "subject" : {
    "reference" : "Patient/ltc-patient-referral-chen-ming-hui-example"
  },
  "onsetDateTime" : "2015-08-20",
  "recorder" : {
    "reference" : "PractitionerRole/ltc-practitioner-role-nurse-example"
  }
}