{
  "resourceType" : "Condition",
  "id" : "ltc-condition-need-assistance-example",
  "meta" : {
    "profile" : ["http://ltc-ig.fhir.tw/StructureDefinition/LTCConditionNeed"]
  },
  "text" : {
    "status" : "generated",
    "div" : "<div xmlns=\"http://www.w3.org/1999/xhtml\"><p class=\"res-header-id\"><b>Generated Narrative: Condition ltc-condition-need-assistance-example</b></p><a name=\"ltc-condition-need-assistance-example\"> </a><a name=\"hcltc-condition-need-assistance-example\"> </a><div style=\"display: inline-block; background-color: #d9e0e7; padding: 6px; margin: 4px; border: 1px solid #8da1b4; border-radius: 5px; line-height: 60%\"><p style=\"margin-bottom: 0px\"/><p style=\"margin-bottom: 0px\">Profile: <a href=\"StructureDefinition-LTCConditionNeed.html\">長期照顧－主要問題及需求</a></p></div><p><b>clinicalStatus</b>: <span title=\"Codes:{http://terminology.hl7.org/CodeSystem/condition-clinical active}\">Active</span></p><p><b>verificationStatus</b>: <span title=\"Codes:{http://terminology.hl7.org/CodeSystem/condition-ver-status confirmed}\">Confirmed</span></p><p><b>category</b>: <span title=\"Codes:{http://terminology.hl7.org/CodeSystem/condition-category problem-list-item}\">Problem List Item</span></p><p><b>severity</b>: <span title=\"Codes:{http://snomed.info/sct 24484000}\">Severe</span></p><p><b>code</b>: <span title=\"Codes:{http://snomed.info/sct 296391000000100}\">需要協助刮鬍</span></p><p><b>subject</b>: <a href=\"Patient-ltc-patient-referral-chen-ming-hui-example.html\">陳明慧 Female, DoB: 1945-03-15 ( National Person Identifier (TWN):\u00a0A123456789\u00a0(use:\u00a0official,\u00a0))</a></p><p><b>onset</b>: 2024-01-15</p><p><b>recordedDate</b>: 2024-09-15</p><p><b>note</b>: </p><blockquote><div><p>個案由於身體功能退化，在日常生活活動上需要他人協助，包括洗澡、穿衣、進食等基本活動</p>\n</div></blockquote></div>"
  },
  "clinicalStatus" : {
    "coding" : [{
      "system" : "http://terminology.hl7.org/CodeSystem/condition-clinical",
      "code" : "active"
    }]
  },
  "verificationStatus" : {
    "coding" : [{
      "system" : "http://terminology.hl7.org/CodeSystem/condition-ver-status",
      "code" : "confirmed"
    }]
  },
  "category" : [{
    "coding" : [{
      "system" : "http://terminology.hl7.org/CodeSystem/condition-category",
      "code" : "problem-list-item"
    }]
  }],
  "severity" : {
    "coding" : [{
      "system" : "http://snomed.info/sct",
      "code" : "24484000",
      "display" : "Severe"
    }]
  },
  "code" : {
    "coding" : [{
      "system" : "http://snomed.info/sct",
      "code" : "296391000000100",
      "display" : "Needs assistance with shaving (finding)"
    }],
    "text" : "需要協助刮鬍"
  },
  "subject" : {
    "reference" : "Patient/ltc-patient-referral-chen-ming-hui-example"
  },
  "onsetDateTime" : "2024-01-15",
  "recordedDate" : "2024-09-15",
  "note" : [{
    "text" : "個案由於身體功能退化，在日常生活活動上需要他人協助，包括洗澡、穿衣、進食等基本活動"
  }]
}