{
  "resourceType" : "Goal",
  "id" : "ltc-goal-mobility-improvement-example",
  "meta" : {
    "profile" : ["http://ltc-ig.fhir.tw/StructureDefinition/LTCGoal"]
  },
  "text" : {
    "status" : "generated",
    "div" : "<div xmlns=\"http://www.w3.org/1999/xhtml\"><p class=\"res-header-id\"><b>Generated Narrative: Goal ltc-goal-mobility-improvement-example</b></p><a name=\"ltc-goal-mobility-improvement-example\"> </a><a name=\"hcltc-goal-mobility-improvement-example\"> </a><div style=\"display: inline-block; background-color: #d9e0e7; padding: 6px; margin: 4px; border: 1px solid #8da1b4; border-radius: 5px; line-height: 60%\"><p style=\"margin-bottom: 0px\"/><p style=\"margin-bottom: 0px\">Profile: <a href=\"StructureDefinition-LTCGoal.html\">長期照顧－照顧目標</a></p></div><p><b>lifecycleStatus</b>: Active</p><p><b>description</b>: <span title=\"Codes:{http://snomed.info/sct 710950005}\">改善住民行動能力</span></p><p><b>subject</b>: <a href=\"Patient-ltc-patient-referral-chen-ming-hui-example.html\">陳明慧 Female, DoB: 1945-03-15 ( National Person Identifier (TWN):\u00a0A123456789\u00a0(use:\u00a0official,\u00a0))</a></p><p><b>start</b>: 2024-01-15</p><h3>Targets</h3><table class=\"grid\"><tr><td style=\"display: none\">-</td><td><b>Measure</b></td><td><b>Detail[x]</b></td><td><b>Due[x]</b></td></tr><tr><td style=\"display: none\">*</td><td><span title=\"Codes:{http://snomed.info/sct 82971005}\">Impaired mobility (finding)</span></td><td>能夠獨立使用助行器行走50公尺</td><td>2024-04-15</td></tr></table><p><b>expressedBy</b>: <a href=\"PractitionerRole-ltc-practitioner-role-nurse-example.html\">PractitionerRole Registered nurse</a></p><p><b>note</b>: @2024-01-15</p><blockquote><div><p>住民目前需要部分協助才能行走，期望透過復健訓練達到獨立行走的目標</p>\n</div></blockquote></div>"
  },
  "lifecycleStatus" : "active",
  "description" : {
    "coding" : [{
      "system" : "http://snomed.info/sct",
      "code" : "710950005",
      "display" : "Progressive mobility (regime/therapy)"
    }],
    "text" : "改善住民行動能力"
  },
  "subject" : {
    "reference" : "Patient/ltc-patient-referral-chen-ming-hui-example"
  },
  "startDate" : "2024-01-15",
  "target" : [{
    "measure" : {
      "coding" : [{
        "system" : "http://snomed.info/sct",
        "code" : "82971005",
        "display" : "Impaired mobility (finding)"
      }]
    },
    "detailString" : "能夠獨立使用助行器行走50公尺",
    "dueDate" : "2024-04-15"
  }],
  "expressedBy" : {
    "reference" : "PractitionerRole/ltc-practitioner-role-nurse-example"
  },
  "note" : [{
    "time" : "2024-01-15",
    "text" : "住民目前需要部分協助才能行走，期望透過復健訓練達到獨立行走的目標"
  }]
}