{
  "resourceType" : "Goal",
  "id" : "pasport-goal-walking-steps-example",
  "meta" : {
    "profile" : ["http://ltc-ig.fhir.tw/StructureDefinition/PASportGoal"]
  },
  "text" : {
    "status" : "generated",
    "div" : "<div xmlns=\"http://www.w3.org/1999/xhtml\"><p class=\"res-header-id\"><b>Generated Narrative: Goal pasport-goal-walking-steps-example</b></p><a name=\"pasport-goal-walking-steps-example\"> </a><a name=\"hcpasport-goal-walking-steps-example\"> </a><div style=\"display: inline-block; background-color: #d9e0e7; padding: 6px; margin: 4px; border: 1px solid #8da1b4; border-radius: 5px; line-height: 60%\"><p style=\"margin-bottom: 0px\"/><p style=\"margin-bottom: 0px\">Profile: <a href=\"StructureDefinition-PASportGoal.html\">運動處方－運動目標</a></p></div><p><b>identifier</b>: <code>http://ltc-ig.fhir.tw/goal-id</code>/goal-walking-2024-001</p><p><b>lifecycleStatus</b>: Active</p><p><b>category</b>: <span title=\"Codes:{http://ltc-ig.fhir.tw/CodeSystem/TempCodeCS-Sport PhysicalActivity}\">Physical Activity</span></p><p><b>description</b>: <span title=\"Codes:\">患者每日步行步數目標：達到每日8000步，促進心血管健康和肌肉力量</span></p><p><b>subject</b>: <a href=\"Patient-ltc-patient-chen-ming-hui.html\">陳明慧 Female, DoB: 1945-03-15 ( National Person Identifier: A123456789\u00a0(use:\u00a0official,\u00a0))</a></p><p><b>start</b>: 2024-01-15</p><h3>Targets</h3><table class=\"grid\"><tr><td style=\"display: none\">-</td><td><b>Measure</b></td><td><b>Detail[x]</b></td><td><b>Due[x]</b></td></tr><tr><td style=\"display: none\">*</td><td><span title=\"Codes:{http://loinc.org 41950-7}\">Number of steps in 24 hour Measured</span></td><td>8000 steps per day<span style=\"background: LightGoldenRodYellow\"> (Details: UCUM  code/d = '/d')</span></td><td>2024-04-15</td></tr></table><p><b>statusDate</b>: 2024-01-15</p><p><b>note</b>: @2024-01-15</p><blockquote><div><p>考慮患者目前體能狀況，設定循序漸進的步數目標，最終達到每日8000步</p>\n</div></blockquote></div>"
  },
  "identifier" : [{
    "system" : "http://ltc-ig.fhir.tw/goal-id",
    "value" : "goal-walking-2024-001"
  }],
  "lifecycleStatus" : "active",
  "category" : [{
    "coding" : [{
      "system" : "http://ltc-ig.fhir.tw/CodeSystem/TempCodeCS-Sport",
      "code" : "PhysicalActivity",
      "display" : "Physical Activity"
    }]
  }],
  "description" : {
    "text" : "患者每日步行步數目標：達到每日8000步，促進心血管健康和肌肉力量"
  },
  "subject" : {
    "reference" : "Patient/ltc-patient-chen-ming-hui"
  },
  "startDate" : "2024-01-15",
  "target" : [{
    "measure" : {
      "coding" : [{
        "system" : "http://loinc.org",
        "code" : "41950-7",
        "display" : "Number of steps in 24 hour Measured"
      }]
    },
    "detailQuantity" : {
      "value" : 8000,
      "unit" : "steps per day",
      "system" : "http://unitsofmeasure.org",
      "code" : "/d"
    },
    "dueDate" : "2024-04-15"
  }],
  "statusDate" : "2024-01-15",
  "note" : [{
    "time" : "2024-01-15",
    "text" : "考慮患者目前體能狀況，設定循序漸進的步數目標，最終達到每日8000步"
  }]
}