{
  "resourceType" : "ImplementationGuide",
  "id" : "fhir.twltc",
  "text" : {
    "status" : "generated",
    "div" : "<div xmlns=\"http://www.w3.org/1999/xhtml\"><p class=\"res-header-id\"><b>Generated Narrative: ImplementationGuide fhir.twltc</b></p><a name=\"fhir.twltc\"> </a><a name=\"hcfhir.twltc\"> </a><a name=\"fhir.twltc-en-US\"> </a><h2>TaiwanLongTermCareImplementationGuide</h2><p>The official URL for this implementation guide is: </p><pre>http://ltc-ig.fhir.tw/ImplementationGuide/fhir.twltc</pre></div>"
  },
  "url" : "http://ltc-ig.fhir.tw/ImplementationGuide/fhir.twltc",
  "version" : "0.2.0",
  "name" : "TaiwanLongTermCareImplementationGuide",
  "title" : "臺灣長期照顧實作指引 (Taiwan Long-Term Care Implementation Guide)",
  "status" : "active",
  "date" : "2024-10-23T02:33:36+08:00",
  "publisher" : "MI-TW",
  "contact" : [{
    "name" : "MI-TW",
    "telecom" : [{
      "system" : "url",
      "value" : "https://mitw.dicom.org.tw/"
    }]
  }],
  "packageId" : "fhir.twltc",
  "license" : "CC0-1.0",
  "fhirVersion" : ["4.0.1"],
  "dependsOn" : [{
    "id" : "hl7tx",
    "extension" : [{
      "url" : "http://hl7.org/fhir/tools/StructureDefinition/implementationguide-dependency-comment",
      "valueMarkdown" : "Automatically added as a dependency - all IGs depend on HL7 Terminology"
    }],
    "uri" : "http://terminology.hl7.org/ImplementationGuide/hl7.terminology",
    "packageId" : "hl7.terminology.r4",
    "version" : "6.0.2"
  },
  {
    "id" : "hl7ext",
    "extension" : [{
      "url" : "http://hl7.org/fhir/tools/StructureDefinition/implementationguide-dependency-comment",
      "valueMarkdown" : "Automatically added as a dependency - all IGs depend on the HL7 Extension Pack"
    }],
    "uri" : "http://hl7.org/fhir/extensions/ImplementationGuide/hl7.fhir.uv.extensions",
    "packageId" : "hl7.fhir.uv.extensions.r4",
    "version" : "5.1.0"
  },
  {
    "id" : "tw_gov_mohw_twcore",
    "uri" : "https://twcore.mohw.gov.tw/ig/twcore/ImplementationGuide/tw.gov.mohw.twcore",
    "packageId" : "tw.gov.mohw.twcore",
    "version" : "0.3.0"
  }],
  "definition" : {
    "extension" : [{
      "extension" : [{
        "url" : "code",
        "valueString" : "copyrightyear"
      },
      {
        "url" : "value",
        "valueString" : "2024+"
      }],
      "url" : "http://hl7.org/fhir/tools/StructureDefinition/ig-parameter"
    },
    {
      "extension" : [{
        "url" : "code",
        "valueString" : "releaselabel"
      },
      {
        "url" : "value",
        "valueString" : "ci-build+trial-use"
      }],
      "url" : "http://hl7.org/fhir/tools/StructureDefinition/ig-parameter"
    },
    {
      "extension" : [{
        "url" : "code",
        "valueString" : "generate"
      },
      {
        "url" : "value",
        "valueString" : "example-narratives"
      }],
      "url" : "http://hl7.org/fhir/tools/StructureDefinition/ig-parameter"
    },
    {
      "extension" : [{
        "url" : "code",
        "valueString" : "generate-version"
      },
      {
        "url" : "value",
        "valueString" : "r4"
      }],
      "url" : "http://hl7.org/fhir/tools/StructureDefinition/ig-parameter"
    },
    {
      "extension" : [{
        "url" : "code",
        "valueString" : "version-comparison"
      },
      {
        "url" : "value",
        "valueString" : "none"
      }],
      "url" : "http://hl7.org/fhir/tools/StructureDefinition/ig-parameter"
    },
    {
      "extension" : [{
        "url" : "code",
        "valueString" : "autoload-resources"
      },
      {
        "url" : "value",
        "valueString" : "true"
      }],
      "url" : "http://hl7.org/fhir/tools/StructureDefinition/ig-parameter"
    },
    {
      "extension" : [{
        "url" : "code",
        "valueString" : "path-liquid"
      },
      {
        "url" : "value",
        "valueString" : "template/liquid"
      }],
      "url" : "http://hl7.org/fhir/tools/StructureDefinition/ig-parameter"
    },
    {
      "extension" : [{
        "url" : "code",
        "valueString" : "path-liquid"
      },
      {
        "url" : "value",
        "valueString" : "input/liquid"
      }],
      "url" : "http://hl7.org/fhir/tools/StructureDefinition/ig-parameter"
    },
    {
      "extension" : [{
        "url" : "code",
        "valueString" : "path-qa"
      },
      {
        "url" : "value",
        "valueString" : "temp/qa"
      }],
      "url" : "http://hl7.org/fhir/tools/StructureDefinition/ig-parameter"
    },
    {
      "extension" : [{
        "url" : "code",
        "valueString" : "path-temp"
      },
      {
        "url" : "value",
        "valueString" : "temp/pages"
      }],
      "url" : "http://hl7.org/fhir/tools/StructureDefinition/ig-parameter"
    },
    {
      "extension" : [{
        "url" : "code",
        "valueString" : "path-output"
      },
      {
        "url" : "value",
        "valueString" : "output"
      }],
      "url" : "http://hl7.org/fhir/tools/StructureDefinition/ig-parameter"
    },
    {
      "extension" : [{
        "url" : "code",
        "valueString" : "path-suppressed-warnings"
      },
      {
        "url" : "value",
        "valueString" : "input/ignoreWarnings.txt"
      }],
      "url" : "http://hl7.org/fhir/tools/StructureDefinition/ig-parameter"
    },
    {
      "extension" : [{
        "url" : "code",
        "valueString" : "path-history"
      },
      {
        "url" : "value",
        "valueString" : "http://ltc-ig.fhir.tw/history.html"
      }],
      "url" : "http://hl7.org/fhir/tools/StructureDefinition/ig-parameter"
    },
    {
      "extension" : [{
        "url" : "code",
        "valueString" : "template-html"
      },
      {
        "url" : "value",
        "valueString" : "template-page.html"
      }],
      "url" : "http://hl7.org/fhir/tools/StructureDefinition/ig-parameter"
    },
    {
      "extension" : [{
        "url" : "code",
        "valueString" : "template-md"
      },
      {
        "url" : "value",
        "valueString" : "template-page-md.html"
      }],
      "url" : "http://hl7.org/fhir/tools/StructureDefinition/ig-parameter"
    },
    {
      "extension" : [{
        "url" : "code",
        "valueString" : "apply-contact"
      },
      {
        "url" : "value",
        "valueString" : "true"
      }],
      "url" : "http://hl7.org/fhir/tools/StructureDefinition/ig-parameter"
    },
    {
      "extension" : [{
        "url" : "code",
        "valueString" : "apply-context"
      },
      {
        "url" : "value",
        "valueString" : "true"
      }],
      "url" : "http://hl7.org/fhir/tools/StructureDefinition/ig-parameter"
    },
    {
      "extension" : [{
        "url" : "code",
        "valueString" : "apply-copyright"
      },
      {
        "url" : "value",
        "valueString" : "true"
      }],
      "url" : "http://hl7.org/fhir/tools/StructureDefinition/ig-parameter"
    },
    {
      "extension" : [{
        "url" : "code",
        "valueString" : "apply-jurisdiction"
      },
      {
        "url" : "value",
        "valueString" : "true"
      }],
      "url" : "http://hl7.org/fhir/tools/StructureDefinition/ig-parameter"
    },
    {
      "extension" : [{
        "url" : "code",
        "valueString" : "apply-license"
      },
      {
        "url" : "value",
        "valueString" : "true"
      }],
      "url" : "http://hl7.org/fhir/tools/StructureDefinition/ig-parameter"
    },
    {
      "extension" : [{
        "url" : "code",
        "valueString" : "apply-publisher"
      },
      {
        "url" : "value",
        "valueString" : "true"
      }],
      "url" : "http://hl7.org/fhir/tools/StructureDefinition/ig-parameter"
    },
    {
      "extension" : [{
        "url" : "code",
        "valueString" : "apply-version"
      },
      {
        "url" : "value",
        "valueString" : "true"
      }],
      "url" : "http://hl7.org/fhir/tools/StructureDefinition/ig-parameter"
    },
    {
      "extension" : [{
        "url" : "code",
        "valueString" : "apply-wg"
      },
      {
        "url" : "value",
        "valueString" : "true"
      }],
      "url" : "http://hl7.org/fhir/tools/StructureDefinition/ig-parameter"
    },
    {
      "extension" : [{
        "url" : "code",
        "valueString" : "active-tables"
      },
      {
        "url" : "value",
        "valueString" : "true"
      }],
      "url" : "http://hl7.org/fhir/tools/StructureDefinition/ig-parameter"
    },
    {
      "extension" : [{
        "url" : "code",
        "valueString" : "fmm-definition"
      },
      {
        "url" : "value",
        "valueString" : "http://hl7.org/fhir/versions.html#maturity"
      }],
      "url" : "http://hl7.org/fhir/tools/StructureDefinition/ig-parameter"
    },
    {
      "extension" : [{
        "url" : "code",
        "valueString" : "propagate-status"
      },
      {
        "url" : "value",
        "valueString" : "true"
      }],
      "url" : "http://hl7.org/fhir/tools/StructureDefinition/ig-parameter"
    },
    {
      "extension" : [{
        "url" : "code",
        "valueString" : "excludelogbinaryformat"
      },
      {
        "url" : "value",
        "valueString" : "true"
      }],
      "url" : "http://hl7.org/fhir/tools/StructureDefinition/ig-parameter"
    },
    {
      "extension" : [{
        "url" : "code",
        "valueString" : "tabbed-snapshots"
      },
      {
        "url" : "value",
        "valueString" : "true"
      }],
      "url" : "http://hl7.org/fhir/tools/StructureDefinition/ig-parameter"
    },
    {
      "url" : "http://hl7.org/fhir/tools/StructureDefinition/ig-internal-dependency",
      "valueCode" : "hl7.fhir.uv.tools#0.2.0"
    },
    {
      "extension" : [{
        "url" : "code",
        "valueCode" : "copyrightyear"
      },
      {
        "url" : "value",
        "valueString" : "2024+"
      }],
      "url" : "http://hl7.org/fhir/tools/StructureDefinition/ig-parameter"
    },
    {
      "extension" : [{
        "url" : "code",
        "valueCode" : "releaselabel"
      },
      {
        "url" : "value",
        "valueString" : "ci-build+trial-use"
      }],
      "url" : "http://hl7.org/fhir/tools/StructureDefinition/ig-parameter"
    },
    {
      "extension" : [{
        "url" : "code",
        "valueCode" : "generate"
      },
      {
        "url" : "value",
        "valueString" : "example-narratives"
      }],
      "url" : "http://hl7.org/fhir/tools/StructureDefinition/ig-parameter"
    },
    {
      "extension" : [{
        "url" : "code",
        "valueCode" : "generate-version"
      },
      {
        "url" : "value",
        "valueString" : "r4"
      }],
      "url" : "http://hl7.org/fhir/tools/StructureDefinition/ig-parameter"
    },
    {
      "extension" : [{
        "url" : "code",
        "valueCode" : "version-comparison"
      },
      {
        "url" : "value",
        "valueString" : "none"
      }],
      "url" : "http://hl7.org/fhir/tools/StructureDefinition/ig-parameter"
    },
    {
      "extension" : [{
        "url" : "code",
        "valueCode" : "autoload-resources"
      },
      {
        "url" : "value",
        "valueString" : "true"
      }],
      "url" : "http://hl7.org/fhir/tools/StructureDefinition/ig-parameter"
    },
    {
      "extension" : [{
        "url" : "code",
        "valueCode" : "path-liquid"
      },
      {
        "url" : "value",
        "valueString" : "template/liquid"
      }],
      "url" : "http://hl7.org/fhir/tools/StructureDefinition/ig-parameter"
    },
    {
      "extension" : [{
        "url" : "code",
        "valueCode" : "path-liquid"
      },
      {
        "url" : "value",
        "valueString" : "input/liquid"
      }],
      "url" : "http://hl7.org/fhir/tools/StructureDefinition/ig-parameter"
    },
    {
      "extension" : [{
        "url" : "code",
        "valueCode" : "path-qa"
      },
      {
        "url" : "value",
        "valueString" : "temp/qa"
      }],
      "url" : "http://hl7.org/fhir/tools/StructureDefinition/ig-parameter"
    },
    {
      "extension" : [{
        "url" : "code",
        "valueCode" : "path-temp"
      },
      {
        "url" : "value",
        "valueString" : "temp/pages"
      }],
      "url" : "http://hl7.org/fhir/tools/StructureDefinition/ig-parameter"
    },
    {
      "extension" : [{
        "url" : "code",
        "valueCode" : "path-output"
      },
      {
        "url" : "value",
        "valueString" : "output"
      }],
      "url" : "http://hl7.org/fhir/tools/StructureDefinition/ig-parameter"
    },
    {
      "extension" : [{
        "url" : "code",
        "valueCode" : "path-suppressed-warnings"
      },
      {
        "url" : "value",
        "valueString" : "input/ignoreWarnings.txt"
      }],
      "url" : "http://hl7.org/fhir/tools/StructureDefinition/ig-parameter"
    },
    {
      "extension" : [{
        "url" : "code",
        "valueCode" : "path-history"
      },
      {
        "url" : "value",
        "valueString" : "http://ltc-ig.fhir.tw/history.html"
      }],
      "url" : "http://hl7.org/fhir/tools/StructureDefinition/ig-parameter"
    },
    {
      "extension" : [{
        "url" : "code",
        "valueCode" : "template-html"
      },
      {
        "url" : "value",
        "valueString" : "template-page.html"
      }],
      "url" : "http://hl7.org/fhir/tools/StructureDefinition/ig-parameter"
    },
    {
      "extension" : [{
        "url" : "code",
        "valueCode" : "template-md"
      },
      {
        "url" : "value",
        "valueString" : "template-page-md.html"
      }],
      "url" : "http://hl7.org/fhir/tools/StructureDefinition/ig-parameter"
    },
    {
      "extension" : [{
        "url" : "code",
        "valueCode" : "apply-contact"
      },
      {
        "url" : "value",
        "valueString" : "true"
      }],
      "url" : "http://hl7.org/fhir/tools/StructureDefinition/ig-parameter"
    },
    {
      "extension" : [{
        "url" : "code",
        "valueCode" : "apply-context"
      },
      {
        "url" : "value",
        "valueString" : "true"
      }],
      "url" : "http://hl7.org/fhir/tools/StructureDefinition/ig-parameter"
    },
    {
      "extension" : [{
        "url" : "code",
        "valueCode" : "apply-copyright"
      },
      {
        "url" : "value",
        "valueString" : "true"
      }],
      "url" : "http://hl7.org/fhir/tools/StructureDefinition/ig-parameter"
    },
    {
      "extension" : [{
        "url" : "code",
        "valueCode" : "apply-jurisdiction"
      },
      {
        "url" : "value",
        "valueString" : "true"
      }],
      "url" : "http://hl7.org/fhir/tools/StructureDefinition/ig-parameter"
    },
    {
      "extension" : [{
        "url" : "code",
        "valueCode" : "apply-license"
      },
      {
        "url" : "value",
        "valueString" : "true"
      }],
      "url" : "http://hl7.org/fhir/tools/StructureDefinition/ig-parameter"
    },
    {
      "extension" : [{
        "url" : "code",
        "valueCode" : "apply-publisher"
      },
      {
        "url" : "value",
        "valueString" : "true"
      }],
      "url" : "http://hl7.org/fhir/tools/StructureDefinition/ig-parameter"
    },
    {
      "extension" : [{
        "url" : "code",
        "valueCode" : "apply-version"
      },
      {
        "url" : "value",
        "valueString" : "true"
      }],
      "url" : "http://hl7.org/fhir/tools/StructureDefinition/ig-parameter"
    },
    {
      "extension" : [{
        "url" : "code",
        "valueCode" : "apply-wg"
      },
      {
        "url" : "value",
        "valueString" : "true"
      }],
      "url" : "http://hl7.org/fhir/tools/StructureDefinition/ig-parameter"
    },
    {
      "extension" : [{
        "url" : "code",
        "valueCode" : "active-tables"
      },
      {
        "url" : "value",
        "valueString" : "true"
      }],
      "url" : "http://hl7.org/fhir/tools/StructureDefinition/ig-parameter"
    },
    {
      "extension" : [{
        "url" : "code",
        "valueCode" : "fmm-definition"
      },
      {
        "url" : "value",
        "valueString" : "http://hl7.org/fhir/versions.html#maturity"
      }],
      "url" : "http://hl7.org/fhir/tools/StructureDefinition/ig-parameter"
    },
    {
      "extension" : [{
        "url" : "code",
        "valueCode" : "propagate-status"
      },
      {
        "url" : "value",
        "valueString" : "true"
      }],
      "url" : "http://hl7.org/fhir/tools/StructureDefinition/ig-parameter"
    },
    {
      "extension" : [{
        "url" : "code",
        "valueCode" : "excludelogbinaryformat"
      },
      {
        "url" : "value",
        "valueString" : "true"
      }],
      "url" : "http://hl7.org/fhir/tools/StructureDefinition/ig-parameter"
    },
    {
      "extension" : [{
        "url" : "code",
        "valueCode" : "tabbed-snapshots"
      },
      {
        "url" : "value",
        "valueString" : "true"
      }],
      "url" : "http://hl7.org/fhir/tools/StructureDefinition/ig-parameter"
    }],
    "resource" : [{
      "extension" : [{
        "url" : "http://hl7.org/fhir/tools/StructureDefinition/resource-information",
        "valueString" : "ValueSet"
      }],
      "reference" : {
        "reference" : "ValueSet/EconomyStatusVS-TWLTC"
      },
      "name" : "個案經濟狀況值集",
      "description" : "用以表述個案經濟狀況之值集，包含個案經濟狀況之描述內容。",
      "exampleBoolean" : false
    },
    {
      "extension" : [{
        "url" : "http://hl7.org/fhir/tools/StructureDefinition/resource-information",
        "valueString" : "StructureDefinition:extension"
      }],
      "reference" : {
        "reference" : "StructureDefinition/ExtPatientIdentity-TWLTC"
      },
      "name" : "個案身分別",
      "description" : "此 Extension 用以表述個案的身分別。",
      "exampleBoolean" : false
    },
    {
      "extension" : [{
        "url" : "http://hl7.org/fhir/tools/StructureDefinition/resource-information",
        "valueString" : "CodeSystem"
      }],
      "reference" : {
        "reference" : "CodeSystem/PatientIdentityCS-TWLTC"
      },
      "name" : "個案身分別代碼",
      "description" : "個案身分別代碼",
      "exampleBoolean" : false
    },
    {
      "extension" : [{
        "url" : "http://hl7.org/fhir/tools/StructureDefinition/resource-information",
        "valueString" : "ValueSet"
      }],
      "reference" : {
        "reference" : "ValueSet/PatientIdentityVS-TWLTC"
      },
      "name" : "個案身分別值集",
      "description" : "個案身分別的值集",
      "exampleBoolean" : false
    },
    {
      "extension" : [{
        "url" : "http://hl7.org/fhir/tools/StructureDefinition/resource-information",
        "valueString" : "CodeSystem"
      }],
      "reference" : {
        "reference" : "CodeSystem/ConditionDisabilityCS-TWLTC"
      },
      "name" : "個案身心障礙手冊持有狀態代碼",
      "description" : "用於表述個案的身心障礙手冊持有狀態代碼。",
      "exampleBoolean" : false
    },
    {
      "extension" : [{
        "url" : "http://hl7.org/fhir/tools/StructureDefinition/resource-information",
        "valueString" : "CodeSystem"
      }],
      "reference" : {
        "reference" : "CodeSystem/ConditionDisabilityTypeCS-TWLTC"
      },
      "name" : "個案身心障礙類型代碼（新制）",
      "description" : "用於表述個案的身心障礙類型代碼（新制）。",
      "exampleBoolean" : false
    },
    {
      "extension" : [{
        "url" : "http://hl7.org/fhir/tools/StructureDefinition/resource-information",
        "valueString" : "CodeSystem"
      }],
      "reference" : {
        "reference" : "CodeSystem/ConditionDisabilityLegacyTypeCS-TWLTC"
      },
      "name" : "個案身心障礙類型代碼（舊制）",
      "description" : "用於表述個案的身心障礙類型代碼（舊制）。",
      "exampleBoolean" : false
    },
    {
      "extension" : [{
        "url" : "http://hl7.org/fhir/tools/StructureDefinition/resource-information",
        "valueString" : "ValueSet"
      }],
      "reference" : {
        "reference" : "ValueSet/AddressUseVS-TWLTC"
      },
      "name" : "地址用途擴展值集",
      "description" : "地址的用途，新增戶籍地與現居地等代碼",
      "exampleBoolean" : false
    },
    {
      "extension" : [{
        "url" : "http://hl7.org/fhir/tools/StructureDefinition/resource-information",
        "valueString" : "CodeSystem"
      }],
      "reference" : {
        "reference" : "CodeSystem/AddressUseCS-TWLTC"
      },
      "name" : "地址用途擴展識別碼",
      "description" : "地址用途的擴展識別碼，新增戶籍地與現居地等代碼",
      "exampleBoolean" : false
    },
    {
      "extension" : [{
        "url" : "http://hl7.org/fhir/tools/StructureDefinition/resource-information",
        "valueString" : "StructureDefinition:resource"
      }],
      "reference" : {
        "reference" : "StructureDefinition/PASportObservationRespiratoryRate"
      },
      "name" : "基礎生理量測－呼吸速率",
      "description" : "此 Profile 說明本 IG 如何進一步定義 FHIR 的 Observation Resource，以呈現基礎生理量測中涉及之呼吸速率資料。",
      "exampleBoolean" : false
    },
    {
      "extension" : [{
        "url" : "http://hl7.org/fhir/tools/StructureDefinition/resource-information",
        "valueString" : "StructureDefinition:resource"
      }],
      "reference" : {
        "reference" : "StructureDefinition/PASportObservationRestingHeartRate"
      },
      "name" : "基礎生理量測－安靜心率",
      "description" : "此 Profile 說明本 IG 如何進一步定義 FHIR 的 Observation Resource，以呈現基礎生理量測中涉及之安靜心率資料。",
      "exampleBoolean" : false
    },
    {
      "extension" : [{
        "url" : "http://hl7.org/fhir/tools/StructureDefinition/resource-information",
        "valueString" : "StructureDefinition:resource"
      }],
      "reference" : {
        "reference" : "StructureDefinition/PASportObservationMeanHeartRate"
      },
      "name" : "基礎生理量測－平均心率",
      "description" : "此 Profile 說明本 IG 如何進一步定義 FHIR 的 Observation Resource，以呈現基礎生理量測中涉及之平均心率資料。",
      "exampleBoolean" : false
    },
    {
      "extension" : [{
        "url" : "http://hl7.org/fhir/tools/StructureDefinition/resource-information",
        "valueString" : "StructureDefinition:resource"
      }],
      "reference" : {
        "reference" : "StructureDefinition/PASportObservationHeartRate"
      },
      "name" : "基礎生理量測－心率",
      "description" : "此 Profile 說明本 IG 如何進一步定義 FHIR 的 Observation Resource，以呈現基礎生理量測中涉及之心率資料。",
      "exampleBoolean" : false
    },
    {
      "extension" : [{
        "url" : "http://hl7.org/fhir/tools/StructureDefinition/resource-information",
        "valueString" : "StructureDefinition:resource"
      }],
      "reference" : {
        "reference" : "StructureDefinition/PASportObservationHeartRateVariability"
      },
      "name" : "基礎生理量測－心率變異性",
      "description" : "此 Profile 說明本 IG 如何進一步定義 FHIR 的 Observation Resource，以呈現基礎生理量測中涉及之心率變異性資料。",
      "exampleBoolean" : false
    },
    {
      "extension" : [{
        "url" : "http://hl7.org/fhir/tools/StructureDefinition/resource-information",
        "valueString" : "StructureDefinition:resource"
      }],
      "reference" : {
        "reference" : "StructureDefinition/PASportObservationPeripheralOxygenSaturation"
      },
      "name" : "基礎生理量測－脈搏血氧飽和度",
      "description" : "此 Profile 說明本 IG 如何進一步定義 FHIR 的 Observation Resource，以呈現基礎生理量測中涉及之脈搏血氧飽和度資料。",
      "exampleBoolean" : false
    },
    {
      "extension" : [{
        "url" : "http://hl7.org/fhir/tools/StructureDefinition/resource-information",
        "valueString" : "StructureDefinition:resource"
      }],
      "reference" : {
        "reference" : "StructureDefinition/PASportObservationWaist"
      },
      "name" : "基礎生理量測－腰圍",
      "description" : "此 Profile 說明本 IG 如何進一步定義 FHIR 的 Observation Resource，以呈現基礎生理量測中涉及之腰圍資料。",
      "exampleBoolean" : false
    },
    {
      "extension" : [{
        "url" : "http://hl7.org/fhir/tools/StructureDefinition/resource-information",
        "valueString" : "StructureDefinition:resource"
      }],
      "reference" : {
        "reference" : "StructureDefinition/PASportObservationBloodPressure"
      },
      "name" : "基礎生理量測－血壓",
      "description" : "此 Profile 說明本 IG 如何進一步定義 FHIR 的 Observation Resource，以呈現基礎生理量測中涉及之血壓資料。",
      "exampleBoolean" : false
    },
    {
      "extension" : [{
        "url" : "http://hl7.org/fhir/tools/StructureDefinition/resource-information",
        "valueString" : "StructureDefinition:resource"
      }],
      "reference" : {
        "reference" : "StructureDefinition/PASportObservationGlucose"
      },
      "name" : "基礎生理量測－血糖",
      "description" : "此 Profile 說明本 IG 如何進一步定義 FHIR 的 Observation Resource，以呈現基礎生理量測中涉及之血糖資料。",
      "exampleBoolean" : false
    },
    {
      "extension" : [{
        "url" : "http://hl7.org/fhir/tools/StructureDefinition/resource-information",
        "valueString" : "StructureDefinition:resource"
      }],
      "reference" : {
        "reference" : "StructureDefinition/PASportObservationHeight"
      },
      "name" : "基礎生理量測－身高",
      "description" : "此 Profile 說明本 IG 如何進一步定義 FHIR 的 Observation Resource，以呈現基礎生理量測中涉及之身高資料。",
      "exampleBoolean" : false
    },
    {
      "extension" : [{
        "url" : "http://hl7.org/fhir/tools/StructureDefinition/resource-information",
        "valueString" : "StructureDefinition:resource"
      }],
      "reference" : {
        "reference" : "StructureDefinition/PASportObservationBodyTemperature"
      },
      "name" : "基礎生理量測－體溫",
      "description" : "此 Profile 說明本 IG 如何進一步定義 FHIR 的 Observation Resource，以呈現基礎生理量測中涉及之體溫資料。",
      "exampleBoolean" : false
    },
    {
      "extension" : [{
        "url" : "http://hl7.org/fhir/tools/StructureDefinition/resource-information",
        "valueString" : "StructureDefinition:resource"
      }],
      "reference" : {
        "reference" : "StructureDefinition/PASportObservationWeight"
      },
      "name" : "基礎生理量測－體重",
      "description" : "此 Profile 說明本 IG 如何進一步定義 FHIR 的 Observation Resource，以呈現基礎生理量測中涉及之體重資料。",
      "exampleBoolean" : false
    },
    {
      "extension" : [{
        "url" : "http://hl7.org/fhir/tools/StructureDefinition/resource-information",
        "valueString" : "ValueSet"
      }],
      "reference" : {
        "reference" : "ValueSet/ReferralConditionCrushVS-TWLTC"
      },
      "name" : "壓傷狀況值集",
      "description" : "個案壓傷的狀況",
      "exampleBoolean" : false
    },
    {
      "extension" : [{
        "url" : "http://hl7.org/fhir/tools/StructureDefinition/resource-information",
        "valueString" : "StructureDefinition:resource"
      }],
      "reference" : {
        "reference" : "StructureDefinition/LTCObservationFallingHistory"
      },
      "name" : "安全防護－跌倒紀錄",
      "description" : "此 Profile 說明本 IG 如何進一步定義 FHIR 的 Observation Resource，以呈現長照機構住民的跌倒紀錄。",
      "exampleBoolean" : false
    },
    {
      "extension" : [{
        "url" : "http://hl7.org/fhir/tools/StructureDefinition/resource-information",
        "valueString" : "ValueSet"
      }],
      "reference" : {
        "reference" : "ValueSet/ReferralConditionResidenceVS-TWLTC"
      },
      "name" : "居住狀況值集",
      "description" : "個案的居住狀況",
      "exampleBoolean" : false
    },
    {
      "extension" : [{
        "url" : "http://hl7.org/fhir/tools/StructureDefinition/resource-information",
        "valueString" : "CodeSystem"
      }],
      "reference" : {
        "reference" : "CodeSystem/EducationStatusCS-TWLTC"
      },
      "name" : "教育程度代碼",
      "description" : "用於表述個案的教育程度，在長照機構住民教育程度 Extension 中使用。",
      "exampleBoolean" : false
    },
    {
      "extension" : [{
        "url" : "http://hl7.org/fhir/tools/StructureDefinition/resource-information",
        "valueString" : "ValueSet"
      }],
      "reference" : {
        "reference" : "ValueSet/EducationStatusVS-TWLTC"
      },
      "name" : "教育程度值集",
      "description" : "用以表述教育程度之值集，包含教育程度之描述內容。",
      "exampleBoolean" : false
    },
    {
      "extension" : [{
        "url" : "http://hl7.org/fhir/tools/StructureDefinition/resource-information",
        "valueString" : "StructureDefinition:extension"
      }],
      "reference" : {
        "reference" : "StructureDefinition/ExtRelatedPersonIsPrimary-TWLTC"
      },
      "name" : "是否為主要照顧者",
      "description" : "此 Extension 用以表述關係人是否為主要照顧者。",
      "exampleBoolean" : false
    },
    {
      "extension" : [{
        "url" : "http://hl7.org/fhir/tools/StructureDefinition/resource-information",
        "valueString" : "ValueSet"
      }],
      "reference" : {
        "reference" : "ValueSet/GoalDescriptionVS-TWLTC"
      },
      "name" : "照顧目標描述值集",
      "description" : "照顧目標的描述值集，用以表述長期照顧情境中涉及之照顧目標描述內容。本值集比照 US Core Goal Profile 中的 description 元素定義，引用 SNOMED CT 與 LOINC 等術語系統。",
      "exampleBoolean" : false
    },
    {
      "extension" : [{
        "url" : "http://hl7.org/fhir/tools/StructureDefinition/resource-information",
        "valueString" : "StructureDefinition:resource"
      }],
      "reference" : {
        "reference" : "StructureDefinition/LTCBundleCMS"
      },
      "name" : "照顧管理評估量表文件打包",
      "description" : "此 Bundle 以衛生福利部長期照顧管理中心照顧管理評估量表為基礎，用以表述照顧管理評估量表的文件打包結構。",
      "exampleBoolean" : false
    },
    {
      "extension" : [{
        "url" : "http://hl7.org/fhir/tools/StructureDefinition/resource-information",
        "valueString" : "StructureDefinition:resource"
      }],
      "reference" : {
        "reference" : "StructureDefinition/LTCCompositionCMS"
      },
      "name" : "照顧管理評估量表文件架構",
      "description" : "此 Composition 以衛生福利部長期照顧管理中心照顧管理評估量表為基礎，用以表述照顧管理評估量表的文件結構。",
      "exampleBoolean" : false
    },
    {
      "extension" : [{
        "url" : "http://hl7.org/fhir/tools/StructureDefinition/resource-information",
        "valueString" : "StructureDefinition:resource"
      }],
      "reference" : {
        "reference" : "StructureDefinition/LTCQuestionnaireResponseCMSCaregiverSupport"
      },
      "name" : "照顧管理評估量表－主要照顧者工作與支持",
      "description" : "此 Profile 說明本 IG 如何進一步定義 FHIR 的 QuestionnaireResponse Resource，以呈現照顧管理評估量表－主要照顧者工作與支持的回覆資料。",
      "exampleBoolean" : false
    },
    {
      "extension" : [{
        "url" : "http://hl7.org/fhir/tools/StructureDefinition/resource-information",
        "valueString" : "StructureDefinition:resource"
      }],
      "reference" : {
        "reference" : "StructureDefinition/LTCQuestionnaireResponseCMSCaregiverLoad"
      },
      "name" : "照顧管理評估量表－主要照顧者負荷問卷回覆",
      "description" : "此 Profile 說明本 IG 如何進一步定義 FHIR 的 QuestionnaireResponse Resource，以呈現照顧管理評估量表－主要照顧者負荷問卷的回覆資料。",
      "exampleBoolean" : false
    },
    {
      "extension" : [{
        "url" : "http://hl7.org/fhir/tools/StructureDefinition/resource-information",
        "valueString" : "StructureDefinition:resource"
      }],
      "reference" : {
        "reference" : "StructureDefinition/LTCPatientCMS"
      },
      "name" : "照顧管理評估量表－個案基本資料",
      "description" : "此 Profile 說明本 IG 如何進一步定義 FHIR 的 Patient Resource，以呈現適用於照顧管理評估量表的長照機構住民基本資料。",
      "exampleBoolean" : false
    },
    {
      "extension" : [{
        "url" : "http://hl7.org/fhir/tools/StructureDefinition/resource-information",
        "valueString" : "StructureDefinition:resource"
      }],
      "reference" : {
        "reference" : "StructureDefinition/LTCQuestionnaireResponseCMSADL"
      },
      "name" : "照顧管理評估量表－個案日常生活能力問卷回覆",
      "description" : "此 Profile 說明本 IG 如何進一步定義 FHIR 的 QuestionnaireResponse Resource，以呈現照顧管理評估量表－個案日常生活能力問卷 (ADLs) 的回覆資料。",
      "exampleBoolean" : false
    },
    {
      "extension" : [{
        "url" : "http://hl7.org/fhir/tools/StructureDefinition/resource-information",
        "valueString" : "StructureDefinition:resource"
      }],
      "reference" : {
        "reference" : "StructureDefinition/LTCQuestionnaireResponseCMSCommunication"
      },
      "name" : "照顧管理評估量表－個案溝通能力問卷回覆",
      "description" : "此 Profile 說明本 IG 如何進一步定義 FHIR 的 QuestionnaireResponse Resource，以呈現照顧管理評估量表－個案溝通能力問卷的回覆資料。",
      "exampleBoolean" : false
    },
    {
      "extension" : [{
        "url" : "http://hl7.org/fhir/tools/StructureDefinition/resource-information",
        "valueString" : "StructureDefinition:resource"
      }],
      "reference" : {
        "reference" : "StructureDefinition/LTCQuestionnaireResponseCMSIADL"
      },
      "name" : "照顧管理評估量表－個案獨立生活能力問卷回覆",
      "description" : "此 Profile 說明本 IG 如何進一步定義 FHIR 的 QuestionnaireResponse Resource，以呈現照顧管理評估量表－個案獨立生活能力問卷 (IADLs) 的回覆資料。",
      "exampleBoolean" : false
    },
    {
      "extension" : [{
        "url" : "http://hl7.org/fhir/tools/StructureDefinition/resource-information",
        "valueString" : "StructureDefinition:resource"
      }],
      "reference" : {
        "reference" : "StructureDefinition/LTCQuestionnaireResponseCMSMemory"
      },
      "name" : "照顧管理評估量表－個案短期記憶力問卷回覆",
      "description" : "此 Profile 說明本 IG 如何進一步定義 FHIR 的 QuestionnaireResponse Resource，以呈現照顧管理評估量表－個案短期記憶力問卷的回覆資料。",
      "exampleBoolean" : false
    },
    {
      "extension" : [{
        "url" : "http://hl7.org/fhir/tools/StructureDefinition/resource-information",
        "valueString" : "StructureDefinition:resource"
      }],
      "reference" : {
        "reference" : "StructureDefinition/LTCQuestionnaireResponseCMSSociety"
      },
      "name" : "照顧管理評估量表－居家環境與社會參與問卷回覆",
      "description" : "此 Profile 說明本 IG 如何進一步定義 FHIR 的 QuestionnaireResponse Resource，以呈現照顧管理評估量表－居家環境與社會參與問卷的回覆資料。",
      "exampleBoolean" : false
    },
    {
      "extension" : [{
        "url" : "http://hl7.org/fhir/tools/StructureDefinition/resource-information",
        "valueString" : "StructureDefinition:resource"
      }],
      "reference" : {
        "reference" : "StructureDefinition/LTCQuestionnaireResponseCMSMental"
      },
      "name" : "照顧管理評估量表－情緒及行為型態問卷回覆",
      "description" : "此 Profile 說明本 IG 如何進一步定義 FHIR 的 QuestionnaireResponse Resource，以呈現照顧管理評估量表－情緒及行為型態問卷的回覆資料。",
      "exampleBoolean" : false
    },
    {
      "extension" : [{
        "url" : "http://hl7.org/fhir/tools/StructureDefinition/resource-information",
        "valueString" : "StructureDefinition:resource"
      }],
      "reference" : {
        "reference" : "StructureDefinition/LTCQuestionnaireResponseCMSSpecialCare"
      },
      "name" : "照顧管理評估量表－特殊複雜照護需要問卷回覆",
      "description" : "此 Profile 說明本 IG 如何進一步定義 FHIR 的 QuestionnaireResponse Resource，以呈現照顧管理評估量表－特殊複雜照護需要問卷的回覆資料。",
      "exampleBoolean" : false
    },
    {
      "extension" : [{
        "url" : "http://hl7.org/fhir/tools/StructureDefinition/resource-information",
        "valueString" : "ValueSet"
      }],
      "reference" : {
        "reference" : "ValueSet/ConditionSeverityVS-TWLTC"
      },
      "name" : "疾病嚴重度擴展值集",
      "description" : "用以表述疾病嚴重度之擴展值集，包含疾病嚴重度之描述內容。配合身心障礙手冊障礙程度分級，包含輕度、中度、重度、極重度等代碼。",
      "exampleBoolean" : false
    },
    {
      "extension" : [{
        "url" : "http://hl7.org/fhir/tools/StructureDefinition/resource-information",
        "valueString" : "ValueSet"
      }],
      "reference" : {
        "reference" : "ValueSet/ReferralConditionCaregiverVS-TWLTC"
      },
      "name" : "看護狀況值集",
      "description" : "個案雇用看護的狀況",
      "exampleBoolean" : false
    },
    {
      "extension" : [{
        "url" : "http://hl7.org/fhir/tools/StructureDefinition/resource-information",
        "valueString" : "StructureDefinition:resource"
      }],
      "reference" : {
        "reference" : "StructureDefinition/PASportObservationGaitType"
      },
      "name" : "穿戴裝置－步態分析",
      "description" : "此 Profile 說明本 IG 如何進一步定義 FHIR 的 Observation Resource，以呈現穿戴裝置中涉及之步態分析資料。",
      "exampleBoolean" : false
    },
    {
      "extension" : [{
        "url" : "http://hl7.org/fhir/tools/StructureDefinition/resource-information",
        "valueString" : "StructureDefinition:resource"
      }],
      "reference" : {
        "reference" : "StructureDefinition/PASportObservationGaitCycle"
      },
      "name" : "穿戴裝置－步態週期",
      "description" : "此 Profile 說明本 IG 如何進一步定義 FHIR 的 Observation Resource，以呈現穿戴裝置中涉及之步態週期資料。",
      "exampleBoolean" : false
    },
    {
      "extension" : [{
        "url" : "http://hl7.org/fhir/tools/StructureDefinition/resource-information",
        "valueString" : "ValueSet"
      }],
      "reference" : {
        "reference" : "ValueSet/ReferralConditionTubeVS-TWLTC"
      },
      "name" : "管路狀況值集",
      "description" : "個案持有管路的狀況",
      "exampleBoolean" : false
    },
    {
      "extension" : [{
        "url" : "http://hl7.org/fhir/tools/StructureDefinition/resource-information",
        "valueString" : "CodeSystem"
      }],
      "reference" : {
        "reference" : "CodeSystem/EconomyStatusCS-TWLTC"
      },
      "name" : "經濟狀況代碼",
      "description" : "用於表述個案的經濟狀況，在長照機構住民經濟狀況 Extension 中使用。\n此代碼比照警政署偵查筆錄制式格式之選項進行設計。",
      "exampleBoolean" : false
    },
    {
      "extension" : [{
        "url" : "http://hl7.org/fhir/tools/StructureDefinition/resource-information",
        "valueString" : "ValueSet"
      }],
      "reference" : {
        "reference" : "ValueSet/ICD-10-PCS-2023-TW-F-VS"
      },
      "name" : "臺灣 2023 年中文版 ICD-10-PCS-F 值集",
      "description" : "臺灣 2023 年中文版 ICD-10-PCS 復健及診斷性聽力學(Physical Rehabilitation and Diagnostic Audiology)，章節數值為「F」。 包括：復健、診斷性聽力學。 代碼出版日期：2023-11-10；資料所屬單位：衛生福利部中央健康保險署。 因原始資料無代碼版本資訊，故使用其法規「公布日期」作為版本資訊。本 ValueSet 繼承自身體活動量測 IG，後續將配合原始 IG 進行更新。",
      "exampleBoolean" : false
    },
    {
      "extension" : [{
        "url" : "http://hl7.org/fhir/tools/StructureDefinition/resource-information",
        "valueString" : "CodeSystem"
      }],
      "reference" : {
        "reference" : "CodeSystem/ICD-10-PCS-2023-TW-F-CS"
      },
      "name" : "臺灣 2023 年中文版 ICD-10-PCS-F-復健及診斷性聽力學",
      "description" : "臺灣 2023 年中文版 ICD-10-PCS 復健及診斷性聽力學(Physical Rehabilitation and Diagnostic Audiology)，章節數值為「F」。 包括：復健、診斷性聽力學。 代碼出版日期：2023-11-10；資料所屬單位：衛生福利部中央健康保險署。 因原始資料無代碼版本資訊，故使用其法規「公布日期」作為版本資訊。本 CodeSystem 繼承自身體活動量測 IG，後續將配合原始 IG 進行更新。",
      "exampleBoolean" : false
    },
    {
      "extension" : [{
        "url" : "http://hl7.org/fhir/tools/StructureDefinition/resource-information",
        "valueString" : "ValueSet"
      }],
      "reference" : {
        "reference" : "ValueSet/FallHistoryResultVS-TWLTC"
      },
      "name" : "跌倒紀錄結果值集",
      "description" : "紀錄住民跌倒的偵測結果。",
      "exampleBoolean" : false
    },
    {
      "extension" : [{
        "url" : "http://hl7.org/fhir/tools/StructureDefinition/resource-information",
        "valueString" : "ValueSet"
      }],
      "reference" : {
        "reference" : "ValueSet/ConditionDisabilityVS-TWLTC"
      },
      "name" : "身心障礙手冊持有狀況值集",
      "description" : "個案持有身心障礙手冊的狀況",
      "exampleBoolean" : false
    },
    {
      "extension" : [{
        "url" : "http://hl7.org/fhir/tools/StructureDefinition/resource-information",
        "valueString" : "ValueSet"
      }],
      "reference" : {
        "reference" : "ValueSet/ConditionDisabilityTypeVS-TWLTC"
      },
      "name" : "身心障礙類型值集",
      "description" : "個案身心障礙類型",
      "exampleBoolean" : false
    },
    {
      "extension" : [{
        "url" : "http://hl7.org/fhir/tools/StructureDefinition/resource-information",
        "valueString" : "CodeSystem"
      }],
      "reference" : {
        "reference" : "CodeSystem/TempCodeCS-Sport"
      },
      "name" : "身體活動量測-暫用代碼",
      "description" : "身體活動量測暫時使用的代碼，目前無官方代碼。本 CodeSystem 繼承自身體活動量測 IG，後續將配合官方代碼更新。",
      "exampleBoolean" : false
    },
    {
      "extension" : [{
        "url" : "http://hl7.org/fhir/tools/StructureDefinition/resource-information",
        "valueString" : "ValueSet"
      }],
      "reference" : {
        "reference" : "ValueSet/TempCodeVS-Sport"
      },
      "name" : "身體活動量測-暫用代碼值集",
      "description" : "身體活動量測暫時使用的代碼，目前無官方代碼。本 ValueSet 繼承自身體活動量測 IG，後續將配合官方代碼更新。",
      "exampleBoolean" : false
    },
    {
      "extension" : [{
        "url" : "http://hl7.org/fhir/tools/StructureDefinition/resource-information",
        "valueString" : "ValueSet"
      }],
      "reference" : {
        "reference" : "ValueSet/ExerciseHistoryVS-Sport"
      },
      "name" : "身體活動量測-最近(目前)運動史值集",
      "description" : "最近(目前)運動史。本 ValueSet 繼承自身體活動量測 IG，後續將配合原始 IG 進行更新。",
      "exampleBoolean" : false
    },
    {
      "extension" : [{
        "url" : "http://hl7.org/fhir/tools/StructureDefinition/resource-information",
        "valueString" : "ValueSet"
      }],
      "reference" : {
        "reference" : "ValueSet/GaitTypeVS-Sport"
      },
      "name" : "身體活動量測-步態分析值集",
      "description" : "用於描述步態（walking gait）時腳的着地位置和運動模式。本 ValueSet 繼承自身體活動量測 IG，後續將配合原始 IG 進行更新。",
      "exampleBoolean" : false
    },
    {
      "extension" : [{
        "url" : "http://hl7.org/fhir/tools/StructureDefinition/resource-information",
        "valueString" : "CodeSystem"
      }],
      "reference" : {
        "reference" : "CodeSystem/GaitCycleCS-Sport"
      },
      "name" : "身體活動量測-步態週期",
      "description" : "一個步伐的完整過程，從一隻腳接觸地面開始到同一隻腳再次接觸地面結束。這個過程可以分為兩個主要階段：支撐期（stance phase）和擺動期（swing phase）。本 CodeSystem 繼承自身體活動量測 IG，後續將配合原始 IG 進行更新。",
      "exampleBoolean" : false
    },
    {
      "extension" : [{
        "url" : "http://hl7.org/fhir/tools/StructureDefinition/resource-information",
        "valueString" : "ValueSet"
      }],
      "reference" : {
        "reference" : "ValueSet/GaitCycleVS-Sport"
      },
      "name" : "身體活動量測-步態週期值集",
      "description" : "一個步伐的完整過程，從一隻腳接觸地面開始到同一隻腳再次接觸地面結束。這個過程可以分為兩個主要階段：支撐期（stance phase）和擺動期（swing phase）。本 ValueSet 繼承自身體活動量測 IG，後續將配合原始 IG 進行更新。",
      "exampleBoolean" : false
    },
    {
      "extension" : [{
        "url" : "http://hl7.org/fhir/tools/StructureDefinition/resource-information",
        "valueString" : "ValueSet"
      }],
      "reference" : {
        "reference" : "ValueSet/TreadmillTypeVS-Sport"
      },
      "name" : "身體活動量測-跑步機類型值集",
      "description" : "用於描述跑步機的類型。本 ValueSet 繼承自身體活動量測 IG，後續將配合原始 IG 進行更新。",
      "exampleBoolean" : false
    },
    {
      "extension" : [{
        "url" : "http://hl7.org/fhir/tools/StructureDefinition/resource-information",
        "valueString" : "ValueSet"
      }],
      "reference" : {
        "reference" : "ValueSet/ServiceRequestPAVS-Sport"
      },
      "name" : "身體活動量測-適用運動處方之服務請求代碼值集",
      "description" : "適用運動處方之服務請求代碼。本 ValueSet 繼承自身體活動量測 IG，後續將配合原始 IG 進行更新。",
      "exampleBoolean" : false
    },
    {
      "extension" : [{
        "url" : "http://hl7.org/fhir/tools/StructureDefinition/resource-information",
        "valueString" : "ValueSet"
      }],
      "reference" : {
        "reference" : "ValueSet/SportTrainingVS-Sport"
      },
      "name" : "身體活動量測-重量訓練代碼值集",
      "description" : "定義重量訓練各個方面的代碼，包括使用的重量、執行的組數以及每組的重複次數。本 ValueSet 繼承自身體活動量測 IG，後續將配合原始 IG 進行更新。",
      "exampleBoolean" : false
    },
    {
      "extension" : [{
        "url" : "http://hl7.org/fhir/tools/StructureDefinition/resource-information",
        "valueString" : "CodeSystem"
      }],
      "reference" : {
        "reference" : "CodeSystem/SportTrainingCS-Sport"
      },
      "name" : "身體活動量測-重量訓練代碼系統",
      "description" : "此代碼系統定義重量訓練各個方面的代碼，包括使用的重量、執行的組數以及每組的重複次數。本 CodeSystem 繼承自身體活動量測 IG，後續將配合原始 IG 進行更新。",
      "exampleBoolean" : false
    },
    {
      "extension" : [{
        "url" : "http://hl7.org/fhir/tools/StructureDefinition/resource-information",
        "valueString" : "StructureDefinition:resource"
      }],
      "reference" : {
        "reference" : "StructureDefinition/PASportObservationVisceralFatIndex"
      },
      "name" : "身體組成分析儀－內臟脂肪指數",
      "description" : "此 Profile 說明本 IG 如何進一步定義 FHIR 的 Observation Resource，以呈現身體組成分析儀中涉及之內臟脂肪指數資料。",
      "exampleBoolean" : false
    },
    {
      "extension" : [{
        "url" : "http://hl7.org/fhir/tools/StructureDefinition/resource-information",
        "valueString" : "StructureDefinition:resource"
      }],
      "reference" : {
        "reference" : "StructureDefinition/PASportObservationVisceralFatArea"
      },
      "name" : "身體組成分析儀－內臟脂肪面積",
      "description" : "此 Profile 說明本 IG 如何進一步定義 FHIR 的 Observation Resource，以呈現身體組成分析儀中涉及之內臟脂肪面積資料。",
      "exampleBoolean" : false
    },
    {
      "extension" : [{
        "url" : "http://hl7.org/fhir/tools/StructureDefinition/resource-information",
        "valueString" : "StructureDefinition:resource"
      }],
      "reference" : {
        "reference" : "StructureDefinition/PASportObservationFatFreeMass"
      },
      "name" : "身體組成分析儀－去脂體重",
      "description" : "此 Profile 說明本 IG 如何進一步定義 FHIR 的 Observation Resource，以呈現身體組成分析儀中涉及之去脂體重資料。",
      "exampleBoolean" : false
    },
    {
      "extension" : [{
        "url" : "http://hl7.org/fhir/tools/StructureDefinition/resource-information",
        "valueString" : "StructureDefinition:resource"
      }],
      "reference" : {
        "reference" : "StructureDefinition/PASportObservationBasalMetabolicRate"
      },
      "name" : "身體組成分析儀－基礎代謝率",
      "description" : "此 Profile 說明本 IG 如何進一步定義 FHIR 的 Observation Resource，以呈現身體組成分析儀中涉及之基礎代謝率資料。",
      "exampleBoolean" : false
    },
    {
      "extension" : [{
        "url" : "http://hl7.org/fhir/tools/StructureDefinition/resource-information",
        "valueString" : "StructureDefinition:resource"
      }],
      "reference" : {
        "reference" : "StructureDefinition/PASportObservationBodyBoneMass"
      },
      "name" : "身體組成分析儀－推定骨量",
      "description" : "此 Profile 說明本 IG 如何進一步定義 FHIR 的 Observation Resource，以呈現身體組成分析儀中涉及之推定骨量資料。",
      "exampleBoolean" : false
    },
    {
      "extension" : [{
        "url" : "http://hl7.org/fhir/tools/StructureDefinition/resource-information",
        "valueString" : "StructureDefinition:resource"
      }],
      "reference" : {
        "reference" : "StructureDefinition/PASportObservationExtracellularWaterRatio"
      },
      "name" : "身體組成分析儀－水腫指數",
      "description" : "此 Profile 說明本 IG 如何進一步定義 FHIR 的 Observation Resource，以呈現身體組成分析儀中涉及之水腫指數資料。",
      "exampleBoolean" : false
    },
    {
      "extension" : [{
        "url" : "http://hl7.org/fhir/tools/StructureDefinition/resource-information",
        "valueString" : "StructureDefinition:resource"
      }],
      "reference" : {
        "reference" : "StructureDefinition/PASportObservationMineral"
      },
      "name" : "身體組成分析儀－礦物質重",
      "description" : "此 Profile 說明本 IG 如何進一步定義 FHIR 的 Observation Resource，以呈現身體組成分析儀中涉及之礦物質重資料。",
      "exampleBoolean" : false
    },
    {
      "extension" : [{
        "url" : "http://hl7.org/fhir/tools/StructureDefinition/resource-information",
        "valueString" : "StructureDefinition:resource"
      }],
      "reference" : {
        "reference" : "StructureDefinition/PASportObservationIntracellularWater"
      },
      "name" : "身體組成分析儀－細胞內水分",
      "description" : "此 Profile 說明本 IG 如何進一步定義 FHIR 的 Observation Resource，以呈現身體組成分析儀中涉及之細胞內水分資料。",
      "exampleBoolean" : false
    },
    {
      "extension" : [{
        "url" : "http://hl7.org/fhir/tools/StructureDefinition/resource-information",
        "valueString" : "StructureDefinition:resource"
      }],
      "reference" : {
        "reference" : "StructureDefinition/PASportObservationExtracellularWater"
      },
      "name" : "身體組成分析儀－細胞外水分",
      "description" : "此 Profile 說明本 IG 如何進一步定義 FHIR 的 Observation Resource，以呈現身體組成分析儀中涉及之細胞外水分資料。",
      "exampleBoolean" : false
    },
    {
      "extension" : [{
        "url" : "http://hl7.org/fhir/tools/StructureDefinition/resource-information",
        "valueString" : "StructureDefinition:resource"
      }],
      "reference" : {
        "reference" : "StructureDefinition/PASportObservationCellMass"
      },
      "name" : "身體組成分析儀－細胞量",
      "description" : "此 Profile 說明本 IG 如何進一步定義 FHIR 的 Observation Resource，以呈現身體組成分析儀中涉及之細胞量資料。",
      "exampleBoolean" : false
    },
    {
      "extension" : [{
        "url" : "http://hl7.org/fhir/tools/StructureDefinition/resource-information",
        "valueString" : "StructureDefinition:resource"
      }],
      "reference" : {
        "reference" : "StructureDefinition/PASportObservationSkeletalMuscleMassIndex"
      },
      "name" : "身體組成分析儀－肌肉質量指數",
      "description" : "此 Profile 說明本 IG 如何進一步定義 FHIR 的 Observation Resource，以呈現身體組成分析儀中涉及之肌肉質量指數資料。",
      "exampleBoolean" : false
    },
    {
      "extension" : [{
        "url" : "http://hl7.org/fhir/tools/StructureDefinition/resource-information",
        "valueString" : "StructureDefinition:resource"
      }],
      "reference" : {
        "reference" : "StructureDefinition/PASportObservationSoftLeanMass"
      },
      "name" : "身體組成分析儀－肌肉量",
      "description" : "此 Profile 說明本 IG 如何進一步定義 FHIR 的 Observation Resource，以呈現身體組成分析儀中涉及之肌肉量資料。",
      "exampleBoolean" : false
    },
    {
      "extension" : [{
        "url" : "http://hl7.org/fhir/tools/StructureDefinition/resource-information",
        "valueString" : "StructureDefinition:resource"
      }],
      "reference" : {
        "reference" : "StructureDefinition/PASportObservationObesityDegree"
      },
      "name" : "身體組成分析儀－肥胖度",
      "description" : "此 Profile 說明本 IG 如何進一步定義 FHIR 的 Observation Resource，以呈現身體組成分析儀中涉及之肥胖度資料。",
      "exampleBoolean" : false
    },
    {
      "extension" : [{
        "url" : "http://hl7.org/fhir/tools/StructureDefinition/resource-information",
        "valueString" : "StructureDefinition:resource"
      }],
      "reference" : {
        "reference" : "StructureDefinition/PASportObservationWaistHipRate"
      },
      "name" : "身體組成分析儀－腰臀圍比",
      "description" : "此 Profile 說明本 IG 如何進一步定義 FHIR 的 Observation Resource，以呈現身體組成分析儀中涉及之腰臀圍比資料。",
      "exampleBoolean" : false
    },
    {
      "extension" : [{
        "url" : "http://hl7.org/fhir/tools/StructureDefinition/resource-information",
        "valueString" : "StructureDefinition:resource"
      }],
      "reference" : {
        "reference" : "StructureDefinition/PASportObservationProtein"
      },
      "name" : "身體組成分析儀－蛋白質重",
      "description" : "此 Profile 說明本 IG 如何進一步定義 FHIR 的 Observation Resource，以呈現身體組成分析儀中涉及之蛋白質重資料。",
      "exampleBoolean" : false
    },
    {
      "extension" : [{
        "url" : "http://hl7.org/fhir/tools/StructureDefinition/resource-information",
        "valueString" : "StructureDefinition:resource"
      }],
      "reference" : {
        "reference" : "StructureDefinition/PASportObservationTotalBodyWater"
      },
      "name" : "身體組成分析儀－身體總水分",
      "description" : "此 Profile 說明本 IG 如何進一步定義 FHIR 的 Observation Resource，以呈現身體組成分析儀中涉及之身體總水分資料。",
      "exampleBoolean" : false
    },
    {
      "extension" : [{
        "url" : "http://hl7.org/fhir/tools/StructureDefinition/resource-information",
        "valueString" : "StructureDefinition:resource"
      }],
      "reference" : {
        "reference" : "StructureDefinition/PASportObservationBodyMassIndex"
      },
      "name" : "身體組成分析儀－身體質量指數",
      "description" : "此 Profile 說明本 IG 如何進一步定義 FHIR 的 Observation Resource，以呈現身體組成分析儀中涉及之BMI資料。",
      "exampleBoolean" : false
    },
    {
      "extension" : [{
        "url" : "http://hl7.org/fhir/tools/StructureDefinition/resource-information",
        "valueString" : "StructureDefinition:resource"
      }],
      "reference" : {
        "reference" : "StructureDefinition/PASportObservationSkeletalMuscleMass"
      },
      "name" : "身體組成分析儀－骨骼肌重",
      "description" : "此 Profile 說明本 IG 如何進一步定義 FHIR 的 Observation Resource，以呈現身體組成分析儀中涉及之骨骼肌重資料。",
      "exampleBoolean" : false
    },
    {
      "extension" : [{
        "url" : "http://hl7.org/fhir/tools/StructureDefinition/resource-information",
        "valueString" : "StructureDefinition:resource"
      }],
      "reference" : {
        "reference" : "StructureDefinition/PASportObservationBodyAge"
      },
      "name" : "身體組成分析儀－體內年齡",
      "description" : "此 Profile 說明本 IG 如何進一步定義 FHIR 的 Observation Resource，以呈現身體組成分析儀中涉及之體內年齡資料。",
      "exampleBoolean" : false
    },
    {
      "extension" : [{
        "url" : "http://hl7.org/fhir/tools/StructureDefinition/resource-information",
        "valueString" : "StructureDefinition:resource"
      }],
      "reference" : {
        "reference" : "StructureDefinition/PASportObservationBodyFatPercentage"
      },
      "name" : "身體組成分析儀－體脂率",
      "description" : "此 Profile 說明本 IG 如何進一步定義 FHIR 的 Observation Resource，以呈現身體組成分析儀中涉及之體脂率資料。",
      "exampleBoolean" : false
    },
    {
      "extension" : [{
        "url" : "http://hl7.org/fhir/tools/StructureDefinition/resource-information",
        "valueString" : "StructureDefinition:resource"
      }],
      "reference" : {
        "reference" : "StructureDefinition/PASportObservationBodyFatMass"
      },
      "name" : "身體組成分析儀－體脂肪重",
      "description" : "此 Profile 說明本 IG 如何進一步定義 FHIR 的 Observation Resource，以呈現身體組成分析儀中涉及之體脂肪重資料。",
      "exampleBoolean" : false
    },
    {
      "extension" : [{
        "url" : "http://hl7.org/fhir/tools/StructureDefinition/resource-information",
        "valueString" : "CodeSystem"
      }],
      "reference" : {
        "reference" : "CodeSystem/ReferralConditionCrushCS-TWLTC"
      },
      "name" : "轉介單壓傷狀況代碼",
      "description" : "用於表述個案的壓傷狀況。",
      "exampleBoolean" : false
    },
    {
      "extension" : [{
        "url" : "http://hl7.org/fhir/tools/StructureDefinition/resource-information",
        "valueString" : "CodeSystem"
      }],
      "reference" : {
        "reference" : "CodeSystem/ReferralConditionResidenceCS-TWLTC"
      },
      "name" : "轉介單居住狀況代碼",
      "description" : "用於表述個案的居住狀況",
      "exampleBoolean" : false
    },
    {
      "extension" : [{
        "url" : "http://hl7.org/fhir/tools/StructureDefinition/resource-information",
        "valueString" : "CodeSystem"
      }],
      "reference" : {
        "reference" : "CodeSystem/ReferralCarePlanCS-TWLTC"
      },
      "name" : "轉介單申請服務種類代碼",
      "description" : "用於表述個案欲申請的服務項目。",
      "exampleBoolean" : false
    },
    {
      "extension" : [{
        "url" : "http://hl7.org/fhir/tools/StructureDefinition/resource-information",
        "valueString" : "ValueSet"
      }],
      "reference" : {
        "reference" : "ValueSet/ReferralCarePlanVS-TWLTC"
      },
      "name" : "轉介單申請服務種類值集",
      "description" : "轉介單申請服務種類的值集",
      "exampleBoolean" : false
    },
    {
      "extension" : [{
        "url" : "http://hl7.org/fhir/tools/StructureDefinition/resource-information",
        "valueString" : "CodeSystem"
      }],
      "reference" : {
        "reference" : "CodeSystem/ReferralConditionCaregiverCS-TWLTC"
      },
      "name" : "轉介單看護狀況代碼",
      "description" : "用於表述個案雇用看護的狀況。",
      "exampleBoolean" : false
    },
    {
      "extension" : [{
        "url" : "http://hl7.org/fhir/tools/StructureDefinition/resource-information",
        "valueString" : "CodeSystem"
      }],
      "reference" : {
        "reference" : "CodeSystem/ReferralConditionTubeCS-TWLTC"
      },
      "name" : "轉介單管路狀況代碼",
      "description" : "用於表述轉介單的狀況代碼，包含身心障礙手冊、管路、壓傷、居住狀況、看護、主要問題及需求等。",
      "exampleBoolean" : false
    },
    {
      "extension" : [{
        "url" : "http://hl7.org/fhir/tools/StructureDefinition/resource-information",
        "valueString" : "StructureDefinition:resource"
      }],
      "reference" : {
        "reference" : "StructureDefinition/LTCQuestionnaireResponseReferralADL"
      },
      "name" : "轉介單－ADL 失能項目評估問卷回覆",
      "description" : "此 Profile 說明本 IG 如何進一步定義 FHIR 的 QuestionnaireResponse Resource，以呈現轉介單－ADL 失能項目評估問卷的回覆資料。",
      "exampleBoolean" : false
    },
    {
      "extension" : [{
        "url" : "http://hl7.org/fhir/tools/StructureDefinition/resource-information",
        "valueString" : "StructureDefinition:resource"
      }],
      "reference" : {
        "reference" : "StructureDefinition/LTCQuestionnaireResponseReferralIADL"
      },
      "name" : "轉介單－IADL 失能項目評估問卷回覆",
      "description" : "此 Profile 說明本 IG 如何進一步定義 FHIR 的 QuestionnaireResponse Resource，以呈現轉介單－IADL 失能項目評估問卷的回覆資料。",
      "exampleBoolean" : false
    },
    {
      "extension" : [{
        "url" : "http://hl7.org/fhir/tools/StructureDefinition/resource-information",
        "valueString" : "StructureDefinition:resource"
      }],
      "reference" : {
        "reference" : "StructureDefinition/LTCPatientReferral"
      },
      "name" : "轉介單－個案基本資料",
      "description" : "此 Profile 說明本 IG 如何進一步定義 FHIR 的 Patient Resource，以呈現適用於長期照護管理中心個案服務初篩表/轉介單的長照機構住民基本資料。",
      "exampleBoolean" : false
    },
    {
      "extension" : [{
        "url" : "http://hl7.org/fhir/tools/StructureDefinition/resource-information",
        "valueString" : "StructureDefinition:resource"
      }],
      "reference" : {
        "reference" : "StructureDefinition/LTCCarePlanReferral"
      },
      "name" : "轉介單－服務種類",
      "description" : "此 Profile 說明本 IG 如何進一步定義 FHIR 的 CarePlan Resource，以呈現轉診單中欲申請之服務種類。",
      "exampleBoolean" : false
    },
    {
      "extension" : [{
        "url" : "http://hl7.org/fhir/tools/StructureDefinition/resource-information",
        "valueString" : "StructureDefinition:resource"
      }],
      "reference" : {
        "reference" : "StructureDefinition/LTCQuestionnaireResponseReferralCaregiver"
      },
      "name" : "轉介單－照顧者問卷回覆",
      "description" : "此 Profile 說明本 IG 如何進一步定義 FHIR 的 QuestionnaireResponse Resource，以呈現轉介單－照顧者問卷的回覆資料。",
      "exampleBoolean" : false
    },
    {
      "extension" : [{
        "url" : "http://hl7.org/fhir/tools/StructureDefinition/resource-information",
        "valueString" : "StructureDefinition:resource"
      }],
      "reference" : {
        "reference" : "StructureDefinition/LTCQuestionnaireResponseReferralSOF"
      },
      "name" : "轉介單－衰弱評估問卷回覆",
      "description" : "此 Profile 說明本 IG 如何進一步定義 FHIR 的 QuestionnaireResponse Resource，以呈現轉介單－衰弱評估問卷的回覆資料。",
      "exampleBoolean" : false
    },
    {
      "extension" : [{
        "url" : "http://hl7.org/fhir/tools/StructureDefinition/resource-information",
        "valueString" : "StructureDefinition:resource"
      }],
      "reference" : {
        "reference" : "StructureDefinition/PASportServiceRequest"
      },
      "name" : "運動處方－服務請求",
      "description" : "長照機構住民運動處方的服務請求資料，本 Profile 繼承自身體活動量測 (Physical Activity Measure) 的 Sport Data ServiceRequest Profile。",
      "exampleBoolean" : false
    },
    {
      "extension" : [{
        "url" : "http://hl7.org/fhir/tools/StructureDefinition/resource-information",
        "valueString" : "StructureDefinition:resource"
      }],
      "reference" : {
        "reference" : "StructureDefinition/PASportConditionMedicalHistory"
      },
      "name" : "運動處方－病史",
      "description" : "長照機構住民運動處方的病史資料，本 Profile 繼承自身體活動量測 (Physical Activity Measure) 的 Sport Data Condition Profile。",
      "exampleBoolean" : false
    },
    {
      "extension" : [{
        "url" : "http://hl7.org/fhir/tools/StructureDefinition/resource-information",
        "valueString" : "StructureDefinition:resource"
      }],
      "reference" : {
        "reference" : "StructureDefinition/PASportConditionExerciseHistory"
      },
      "name" : "運動處方－運動史",
      "description" : "長照機構住民運動處方的運動史資料，本 Profile 繼承自身體活動量測 (Physical Activity Measure) 的 Sport Data Condition Profile。",
      "exampleBoolean" : false
    },
    {
      "extension" : [{
        "url" : "http://hl7.org/fhir/tools/StructureDefinition/resource-information",
        "valueString" : "StructureDefinition:resource"
      }],
      "reference" : {
        "reference" : "StructureDefinition/PASportGoal"
      },
      "name" : "運動處方－運動目標",
      "description" : "此 Profile 說明本 IG 如何進一步定義 FHIR 的 Goal Resource，以呈現運動處方中涉及之運動目標內容。",
      "exampleBoolean" : false
    },
    {
      "extension" : [{
        "url" : "http://hl7.org/fhir/tools/StructureDefinition/resource-information",
        "valueString" : "StructureDefinition:resource"
      }],
      "reference" : {
        "reference" : "StructureDefinition/PASportCarePlan"
      },
      "name" : "運動處方－運動計畫",
      "description" : "此 Profile 說明本 IG 如何進一步定義 FHIR 的 CarePlan Resource，以呈現長期照顧情境中涉及之運動計畫內容。",
      "exampleBoolean" : false
    },
    {
      "extension" : [{
        "url" : "http://hl7.org/fhir/tools/StructureDefinition/resource-information",
        "valueString" : "StructureDefinition:resource"
      }],
      "reference" : {
        "reference" : "StructureDefinition/PASportObservationTreadmill"
      },
      "name" : "運動項目－跑步機",
      "description" : "此 Profile 說明本 IG 如何進一步定義 FHIR 的 Observation Resource，以呈現運動項目中涉及之跑步機資料。",
      "exampleBoolean" : false
    },
    {
      "extension" : [{
        "url" : "http://hl7.org/fhir/tools/StructureDefinition/resource-information",
        "valueString" : "StructureDefinition:resource"
      }],
      "reference" : {
        "reference" : "StructureDefinition/PASportObservationWeightTraining"
      },
      "name" : "運動項目－重量訓練",
      "description" : "此 Profile 說明本 IG 如何進一步定義 FHIR 的 Observation Resource，以呈現運動項目中涉及之重量訓練資料。",
      "exampleBoolean" : false
    },
    {
      "extension" : [{
        "url" : "http://hl7.org/fhir/tools/StructureDefinition/resource-information",
        "valueString" : "StructureDefinition:resource"
      }],
      "reference" : {
        "reference" : "StructureDefinition/LTCCompositionReferral"
      },
      "name" : "長期照護管理中心個案服務初篩表/轉介單文件架構",
      "description" : "此 Composition 以臺北市長期照顧管理中心個案服務初篩表/轉介單為基礎，用以表述長期照顧管理中心個案服務初篩表/轉介單的文件結構。",
      "exampleBoolean" : false
    },
    {
      "extension" : [{
        "url" : "http://hl7.org/fhir/tools/StructureDefinition/resource-information",
        "valueString" : "StructureDefinition:resource"
      }],
      "reference" : {
        "reference" : "StructureDefinition/LTCBundleReferral"
      },
      "name" : "長期照顧管理中心個案服務初篩表/轉介單文件打包",
      "description" : "此 Bundle 以臺北市長期照顧管理中心個案服務初篩表/轉介單為基礎，用以表述長期照顧管理中心個案服務初篩表/轉介單的文件打包結構。\n\n注意：各縣市轉介單格式可能有所不同，此 Profile 將於後續版本逐步納入各縣市初篩表/轉介單格式並進行整合。",
      "exampleBoolean" : false
    },
    {
      "extension" : [{
        "url" : "http://hl7.org/fhir/tools/StructureDefinition/resource-information",
        "valueString" : "StructureDefinition:resource"
      }],
      "reference" : {
        "reference" : "StructureDefinition/LTCPatient"
      },
      "name" : "長期照顧－住民基本資料",
      "description" : "此 Profile 說明本 IG 如何進一步定義 FHIR 的 Patient Resource，以呈現長照機構住民的基本資料。",
      "exampleBoolean" : false
    },
    {
      "extension" : [{
        "url" : "http://hl7.org/fhir/tools/StructureDefinition/resource-information",
        "valueString" : "StructureDefinition:resource"
      }],
      "reference" : {
        "reference" : "StructureDefinition/LTCQuestionnaire"
      },
      "name" : "長期照顧－問卷",
      "description" : "此 Profile 說明本 IG 如何進一步定義 FHIR 的 Questionnaire Resource，以呈現長期照顧情境中涉及之問卷或量表內容。",
      "exampleBoolean" : false
    },
    {
      "extension" : [{
        "url" : "http://hl7.org/fhir/tools/StructureDefinition/resource-information",
        "valueString" : "StructureDefinition:resource"
      }],
      "reference" : {
        "reference" : "StructureDefinition/LTCQuestionnaireResponse"
      },
      "name" : "長期照顧－問卷回覆",
      "description" : "此 Profile 說明本 IG 如何進一步定義 FHIR 的 QuestionnaireResponse Resource，以呈現長期照顧情境中涉及之問卷或量表回覆內容。",
      "exampleBoolean" : false
    },
    {
      "extension" : [{
        "url" : "http://hl7.org/fhir/tools/StructureDefinition/resource-information",
        "valueString" : "StructureDefinition:resource"
      }],
      "reference" : {
        "reference" : "StructureDefinition/LTCConditionCrush"
      },
      "name" : "長期照顧－壓傷狀況",
      "description" : "此 Profile 說明本 IG 如何進一步定義 FHIR 的 Condition Resource，以呈現長照機構住民的壓傷狀況。",
      "exampleBoolean" : false
    },
    {
      "extension" : [{
        "url" : "http://hl7.org/fhir/tools/StructureDefinition/resource-information",
        "valueString" : "StructureDefinition:resource"
      }],
      "reference" : {
        "reference" : "StructureDefinition/LTCConditionResidence"
      },
      "name" : "長期照顧－居住狀況",
      "description" : "此 Profile 說明本 IG 如何進一步定義 FHIR 的 Condition Resource，以呈現長照機構住民的居住狀況。",
      "exampleBoolean" : false
    },
    {
      "extension" : [{
        "url" : "http://hl7.org/fhir/tools/StructureDefinition/resource-information",
        "valueString" : "StructureDefinition:resource"
      }],
      "reference" : {
        "reference" : "StructureDefinition/LTCPractitionerRole"
      },
      "name" : "長期照顧－服務人員角色",
      "description" : "此 Profile 說明本 IG 如何進一步定義 FHIR 的 PractitionerRole Resource，以呈現長期照顧服務人員的角色資料。\n\n有關 PractitionerRole 與 Practitioner 的差異及相關解釋，請參照 [TW Core IG](https://build.fhir.org/ig/cctwFHIRterm/MOHW_TWCoreIG_Build/StructureDefinition-PractitionerRole-twcore.html) 中的說明。",
      "exampleBoolean" : false
    },
    {
      "extension" : [{
        "url" : "http://hl7.org/fhir/tools/StructureDefinition/resource-information",
        "valueString" : "StructureDefinition:resource"
      }],
      "reference" : {
        "reference" : "StructureDefinition/Organization-twltc"
      },
      "name" : "長期照顧－機構",
      "description" : "此 Profile 說明本 IG 如何進一步定義 FHIR 的 Organization Resource，以呈現機構的資料。這裡的機構包含但不限於醫院、診所、長照機構、社區服務單位等。",
      "exampleBoolean" : false
    },
    {
      "extension" : [{
        "url" : "http://hl7.org/fhir/tools/StructureDefinition/resource-information",
        "valueString" : "StructureDefinition:resource"
      }],
      "reference" : {
        "reference" : "StructureDefinition/LTCCareTeam"
      },
      "name" : "長期照顧－照顧團隊",
      "description" : "此 Profile 說明本 IG 如何進一步定義 FHIR 的 CareTeam Resource，以呈現長期照顧情境中涉及之照顧團隊資訊。",
      "exampleBoolean" : false
    },
    {
      "extension" : [{
        "url" : "http://hl7.org/fhir/tools/StructureDefinition/resource-information",
        "valueString" : "StructureDefinition:resource"
      }],
      "reference" : {
        "reference" : "StructureDefinition/LTCPractitioner"
      },
      "name" : "長期照顧－照顧服務提供者",
      "description" : "此 Profile 說明本 IG 如何進一步定義 FHIR 的 Practitioner Resource，以呈現照顧服務提供者的資料。這裡的照顧服務提供者係指醫事人員、照顧服務員、其他經過專業訓練的照顧服務提供者，領域包含但不限於長期照顧與運動。",
      "exampleBoolean" : false
    },
    {
      "extension" : [{
        "url" : "http://hl7.org/fhir/tools/StructureDefinition/resource-information",
        "valueString" : "StructureDefinition:resource"
      }],
      "reference" : {
        "reference" : "StructureDefinition/LTCGoal"
      },
      "name" : "長期照顧－照顧目標",
      "description" : "此 Profile 說明本 IG 如何進一步定義 FHIR 的 Goal Resource，以呈現長期照顧情境中涉及之照顧目標內容。",
      "exampleBoolean" : false
    },
    {
      "extension" : [{
        "url" : "http://hl7.org/fhir/tools/StructureDefinition/resource-information",
        "valueString" : "StructureDefinition:resource"
      }],
      "reference" : {
        "reference" : "StructureDefinition/LTCCarePlan"
      },
      "name" : "長期照顧－照顧計畫",
      "description" : "此 Profile 說明本 IG 如何進一步定義 FHIR 的 CarePlan Resource，以呈現長期照顧情境中涉及之照顧計畫內容。",
      "exampleBoolean" : false
    },
    {
      "extension" : [{
        "url" : "http://hl7.org/fhir/tools/StructureDefinition/resource-information",
        "valueString" : "StructureDefinition:resource"
      }],
      "reference" : {
        "reference" : "StructureDefinition/LTCObservationVitalSigns"
      },
      "name" : "長期照顧－生命體徵",
      "description" : "此 Profile 說明本 IG 如何進一步定義 FHIR 的 Observation Resource，以呈現長照機構住民的生命體徵資料。",
      "exampleBoolean" : false
    },
    {
      "extension" : [{
        "url" : "http://hl7.org/fhir/tools/StructureDefinition/resource-information",
        "valueString" : "StructureDefinition:resource"
      }],
      "reference" : {
        "reference" : "StructureDefinition/LTCMedicationAdministration"
      },
      "name" : "長期照顧－用藥資料",
      "description" : "此 Profile 說明本 IG 如何進一步定義 FHIR 的 MedicationAdministration Resource，以呈現長照機構住民的用藥資料。",
      "exampleBoolean" : false
    },
    {
      "extension" : [{
        "url" : "http://hl7.org/fhir/tools/StructureDefinition/resource-information",
        "valueString" : "StructureDefinition:resource"
      }],
      "reference" : {
        "reference" : "StructureDefinition/LTCCondition"
      },
      "name" : "長期照顧－病情、問題或診斷",
      "description" : "此 Profile 說明本 IG 如何進一步定義 FHIR 的 Condition Resource，以呈現長照機構住民的病情、問題或診斷資料。",
      "exampleBoolean" : false
    },
    {
      "extension" : [{
        "url" : "http://hl7.org/fhir/tools/StructureDefinition/resource-information",
        "valueString" : "StructureDefinition:resource"
      }],
      "reference" : {
        "reference" : "StructureDefinition/LTCConditionCaregiver"
      },
      "name" : "長期照顧－看護狀況",
      "description" : "此 Profile 說明本 IG 如何進一步定義 FHIR 的 Condition Resource，以呈現長期照顧情境中住民的看護狀況資料。",
      "exampleBoolean" : false
    },
    {
      "extension" : [{
        "url" : "http://hl7.org/fhir/tools/StructureDefinition/resource-information",
        "valueString" : "StructureDefinition:resource"
      }],
      "reference" : {
        "reference" : "StructureDefinition/LTCConditionTube"
      },
      "name" : "長期照顧－管路裝設狀況",
      "description" : "此 Profile 說明本 IG 如何進一步定義 FHIR 的 Condition Resource，以呈現長照機構住民的管路裝設狀況與類別。",
      "exampleBoolean" : false
    },
    {
      "extension" : [{
        "url" : "http://hl7.org/fhir/tools/StructureDefinition/resource-information",
        "valueString" : "StructureDefinition:resource"
      }],
      "reference" : {
        "reference" : "StructureDefinition/LTCConditionDisability"
      },
      "name" : "長期照顧－身心障礙手冊持有狀態",
      "description" : "此 Profile 說明本 IG 如何進一步定義 FHIR 的 Condition Resource，以呈現長照機構住民的身心障礙手冊持有狀態。",
      "exampleBoolean" : false
    },
    {
      "extension" : [{
        "url" : "http://hl7.org/fhir/tools/StructureDefinition/resource-information",
        "valueString" : "StructureDefinition:resource"
      }],
      "reference" : {
        "reference" : "StructureDefinition/LTCConditionDisabilityType"
      },
      "name" : "長期照顧－身心障礙類型",
      "description" : "此 Profile 說明本 IG 如何進一步定義 FHIR 的 Condition Resource，以呈現長照機構住民的身心障礙類型。",
      "exampleBoolean" : false
    },
    {
      "extension" : [{
        "url" : "http://hl7.org/fhir/tools/StructureDefinition/resource-information",
        "valueString" : "StructureDefinition:resource"
      }],
      "reference" : {
        "reference" : "StructureDefinition/LTCRelatedPerson"
      },
      "name" : "長期照顧－關係人",
      "description" : "此 Profile 說明本 IG 如何進一步定義 FHIR 的 RelatedPerson Resource，以呈現住民的關係人，包含家屬、照顧者、法定代理人等與住民有關的人員資料。",
      "exampleBoolean" : false
    },
    {
      "extension" : [{
        "url" : "http://hl7.org/fhir/tools/StructureDefinition/resource-information",
        "valueString" : "StructureDefinition:extension"
      }],
      "reference" : {
        "reference" : "StructureDefinition/ExtPatientEducationStatus-TWLTC"
      },
      "name" : "長照機構住民教育程度",
      "description" : "此 Extension 用以表述長照機構住民的教育程度。",
      "exampleBoolean" : false
    },
    {
      "extension" : [{
        "url" : "http://hl7.org/fhir/tools/StructureDefinition/resource-information",
        "valueString" : "StructureDefinition:extension"
      }],
      "reference" : {
        "reference" : "StructureDefinition/ExtPatientEconomyStatus-TWLTC"
      },
      "name" : "長照機構住民經濟狀況",
      "description" : "此 Extension 用以表述長照機構住民的經濟狀況。",
      "exampleBoolean" : false
    },
    {
      "extension" : [{
        "url" : "http://hl7.org/fhir/tools/StructureDefinition/resource-information",
        "valueString" : "CodeSystem"
      }],
      "reference" : {
        "reference" : "CodeSystem/RelationshipTypeCS-TWLTC"
      },
      "name" : "關係類型擴展代碼",
      "description" : "關係人與個案的關係類型擴展代碼，新增孫媳婦、孫女婿、聘用看護-本國籍、聘用看護-外國籍等代碼",
      "exampleBoolean" : false
    },
    {
      "extension" : [{
        "url" : "http://hl7.org/fhir/tools/StructureDefinition/resource-information",
        "valueString" : "ValueSet"
      }],
      "reference" : {
        "reference" : "ValueSet/RelationshipTypeVS-TWLTC"
      },
      "name" : "關係類型擴展值集",
      "description" : "關係人與個案的關係類型擴展代碼值集，新增孫媳婦、孫女婿、聘用看護-本國籍、聘用看護-外國籍等代碼",
      "exampleBoolean" : false
    }],
    "page" : {
      "extension" : [{
        "url" : "http://hl7.org/fhir/tools/StructureDefinition/ig-page-name",
        "valueUrl" : "toc.html"
      }],
      "nameUrl" : "toc.html",
      "title" : "Table of Contents",
      "generation" : "html",
      "page" : [{
        "extension" : [{
          "url" : "http://hl7.org/fhir/tools/StructureDefinition/ig-page-name",
          "valueUrl" : "index.html"
        }],
        "nameUrl" : "index.html",
        "title" : "Home",
        "generation" : "markdown"
      },
      {
        "extension" : [{
          "url" : "http://hl7.org/fhir/tools/StructureDefinition/ig-page-name",
          "valueUrl" : "connectathon.html"
        }],
        "nameUrl" : "connectathon.html",
        "title" : "Connectathon",
        "generation" : "markdown"
      },
      {
        "extension" : [{
          "url" : "http://hl7.org/fhir/tools/StructureDefinition/ig-page-name",
          "valueUrl" : "downloads.html"
        }],
        "nameUrl" : "downloads.html",
        "title" : "Downloads",
        "generation" : "markdown"
      },
      {
        "extension" : [{
          "url" : "http://hl7.org/fhir/tools/StructureDefinition/ig-page-name",
          "valueUrl" : "ImplementationGuide-fhir.twltc.html"
        }],
        "nameUrl" : "ImplementationGuide-fhir.twltc.html",
        "title" : "Implementation Guide Fhir Twltc",
        "generation" : "markdown"
      },
      {
        "extension" : [{
          "url" : "http://hl7.org/fhir/tools/StructureDefinition/ig-page-name",
          "valueUrl" : "profiles-and-extensions.html"
        }],
        "nameUrl" : "profiles-and-extensions.html",
        "title" : "Profiles and Extensions",
        "generation" : "markdown"
      },
      {
        "extension" : [{
          "url" : "http://hl7.org/fhir/tools/StructureDefinition/ig-page-name",
          "valueUrl" : "security.html"
        }],
        "nameUrl" : "security.html",
        "title" : "Security",
        "generation" : "markdown"
      },
      {
        "extension" : [{
          "url" : "http://hl7.org/fhir/tools/StructureDefinition/ig-page-name",
          "valueUrl" : "terminologies.html"
        }],
        "nameUrl" : "terminologies.html",
        "title" : "Terminologies",
        "generation" : "markdown"
      },
      {
        "extension" : [{
          "url" : "http://hl7.org/fhir/tools/StructureDefinition/ig-page-name",
          "valueUrl" : "validates.html"
        }],
        "nameUrl" : "validates.html",
        "title" : "Validates",
        "generation" : "markdown"
      }]
    },
    "parameter" : [{
      "code" : "path-resource",
      "value" : "input/capabilities"
    },
    {
      "code" : "path-resource",
      "value" : "input/examples"
    },
    {
      "code" : "path-resource",
      "value" : "input/extensions"
    },
    {
      "code" : "path-resource",
      "value" : "input/models"
    },
    {
      "code" : "path-resource",
      "value" : "input/operations"
    },
    {
      "code" : "path-resource",
      "value" : "input/profiles"
    },
    {
      "code" : "path-resource",
      "value" : "input/resources"
    },
    {
      "code" : "path-resource",
      "value" : "input/vocabulary"
    },
    {
      "code" : "path-resource",
      "value" : "input/maps"
    },
    {
      "code" : "path-resource",
      "value" : "input/testing"
    },
    {
      "code" : "path-resource",
      "value" : "input/history"
    },
    {
      "code" : "path-resource",
      "value" : "fsh-generated/resources"
    },
    {
      "code" : "path-pages",
      "value" : "template/config"
    },
    {
      "code" : "path-pages",
      "value" : "input/images"
    },
    {
      "code" : "path-tx-cache",
      "value" : "input-cache/txcache"
    }]
  }
}