{
  "resourceType" : "Observation",
  "id" : "pasport-observation-heart-rate-example",
  "meta" : {
    "profile" : ["http://ltc-ig.fhir.tw/StructureDefinition/PASportObservationHeartRate"]
  },
  "text" : {
    "status" : "generated",
    "div" : "<div xmlns=\"http://www.w3.org/1999/xhtml\"><p class=\"res-header-id\"><b>Generated Narrative: Observation pasport-observation-heart-rate-example</b></p><a name=\"pasport-observation-heart-rate-example\"> </a><a name=\"hcpasport-observation-heart-rate-example\"> </a><div style=\"display: inline-block; background-color: #d9e0e7; padding: 6px; margin: 4px; border: 1px solid #8da1b4; border-radius: 5px; line-height: 60%\"><p style=\"margin-bottom: 0px\"/><p style=\"margin-bottom: 0px\">Profile: <a href=\"StructureDefinition-PASportObservationHeartRate.html\">基礎生理量測－心率</a></p></div><p><b>status</b>: Final</p><p><b>category</b>: <span title=\"Codes:{http://terminology.hl7.org/CodeSystem/observation-category vital-signs}\">Vital Signs</span></p><p><b>code</b>: <span title=\"Codes:{http://loinc.org 8867-4}\">Heart rate</span></p><p><b>subject</b>: <a href=\"Patient-ltc-patient-chen-ming-hui.html\">陳明慧 Female, DoB: 1945-03-15 ( National Person Identifier (TWN):\u00a0A123456789\u00a0(use:\u00a0official,\u00a0))</a></p><p><b>effective</b>: 2024-01-15 09:30:00+0800</p><p><b>performer</b>: <a href=\"Practitioner-ltc-practitioner-example.html\">Practitioner 王美玲(official)</a></p><p><b>value</b>: 72 beats/min<span style=\"background: LightGoldenRodYellow\"> (Details: UCUM  code/min = '/min')</span></p><p><b>note</b>: @2024-01-15 09:30:00+0800</p><blockquote><div><p>運動前靜息心率，患者狀態穩定，準備開始進行步行運動</p>\n</div></blockquote><p><b>bodySite</b>: <span title=\"Codes:{http://snomed.info/sct 368209003}\">Right upper arm structure</span></p><p><b>method</b>: <span title=\"Codes:{http://snomed.info/sct 37931006}\">Auscultation</span></p></div>"
  },
  "status" : "final",
  "category" : [{
    "coding" : [{
      "system" : "http://terminology.hl7.org/CodeSystem/observation-category",
      "code" : "vital-signs",
      "display" : "Vital Signs"
    }]
  }],
  "code" : {
    "coding" : [{
      "system" : "http://loinc.org",
      "code" : "8867-4",
      "display" : "Heart rate"
    }]
  },
  "subject" : {
    "reference" : "Patient/ltc-patient-chen-ming-hui"
  },
  "effectiveDateTime" : "2024-01-15T09:30:00+08:00",
  "performer" : [{
    "reference" : "Practitioner/ltc-practitioner-example"
  }],
  "valueQuantity" : {
    "value" : 72,
    "unit" : "beats/min",
    "system" : "http://unitsofmeasure.org",
    "code" : "/min"
  },
  "note" : [{
    "time" : "2024-01-15T09:30:00+08:00",
    "text" : "運動前靜息心率，患者狀態穩定，準備開始進行步行運動"
  }],
  "bodySite" : {
    "coding" : [{
      "system" : "http://snomed.info/sct",
      "code" : "368209003",
      "display" : "Right upper arm structure"
    }]
  },
  "method" : {
    "coding" : [{
      "system" : "http://snomed.info/sct",
      "code" : "37931006",
      "display" : "Auscultation"
    }]
  }
}