{
  "resourceType" : "Observation",
  "id" : "pasport-observation-body-fat-percentage-example",
  "meta" : {
    "profile" : ["http://ltc-ig.fhir.tw/StructureDefinition/PASportObservationBodyFatPercentage"]
  },
  "text" : {
    "status" : "generated",
    "div" : "<div xmlns=\"http://www.w3.org/1999/xhtml\"><p class=\"res-header-id\"><b>Generated Narrative: Observation pasport-observation-body-fat-percentage-example</b></p><a name=\"pasport-observation-body-fat-percentage-example\"> </a><a name=\"hcpasport-observation-body-fat-percentage-example\"> </a><div style=\"display: inline-block; background-color: #d9e0e7; padding: 6px; margin: 4px; border: 1px solid #8da1b4; border-radius: 5px; line-height: 60%\"><p style=\"margin-bottom: 0px\"/><p style=\"margin-bottom: 0px\">Profile: <a href=\"StructureDefinition-PASportObservationBodyFatPercentage.html\">身體組成分析儀－體脂率</a></p></div><p><b>status</b>: Final</p><p><b>category</b>: <span title=\"Codes:{http://terminology.hl7.org/CodeSystem/observation-category vital-signs}\">Vital Signs</span></p><p><b>code</b>: <span title=\"Codes:{http://loinc.org 41982-0}\">Percentage of body fat Measured</span></p><p><b>subject</b>: <a href=\"Patient-ltc-patient-chen-ming-hui.html\">陳明慧 Female, DoB: 1945-03-15 ( National Person Identifier (TWN):\u00a0A123456789\u00a0(use:\u00a0official,\u00a0))</a></p><p><b>effective</b>: 2024-01-15 08:45:00+0800</p><p><b>performer</b>: <a href=\"Practitioner-ltc-practitioner-example.html\">Practitioner 王美玲(official)</a></p><p><b>value</b>: 28.5 %<span style=\"background: LightGoldenRodYellow\"> (Details: UCUM  code% = '%')</span></p><p><b>interpretation</b>: <span title=\"Codes:{http://terminology.hl7.org/CodeSystem/v3-ObservationInterpretation N}\">Normal</span></p><p><b>note</b>: @2024-01-15 08:45:00+0800</p><blockquote><div><p>體脂率28.5%，位於女性正常範圍內。建議透過有氧運動和肌力訓練來優化身體組成</p>\n</div></blockquote><p><b>method</b>: <span title=\"Codes:{http://snomed.info/sct 252465000}\">Pulse oximetry</span></p><p><b>device</b>: InBody 270 身體組成分析儀</p><h3>ReferenceRanges</h3><table class=\"grid\"><tr><td style=\"display: none\">-</td><td><b>Low</b></td><td><b>High</b></td><td><b>Text</b></td></tr><tr><td style=\"display: none\">*</td><td>21 %<span style=\"background: LightGoldenRodYellow\"> (Details: UCUM  code% = '%')</span></td><td>33 %<span style=\"background: LightGoldenRodYellow\"> (Details: UCUM  code% = '%')</span></td><td>女性正常範圍</td></tr></table></div>"
  },
  "status" : "final",
  "category" : [{
    "coding" : [{
      "system" : "http://terminology.hl7.org/CodeSystem/observation-category",
      "code" : "vital-signs",
      "display" : "Vital Signs"
    }]
  }],
  "code" : {
    "coding" : [{
      "system" : "http://loinc.org",
      "code" : "41982-0",
      "display" : "Percentage of body fat Measured"
    }]
  },
  "subject" : {
    "reference" : "Patient/ltc-patient-chen-ming-hui"
  },
  "effectiveDateTime" : "2024-01-15T08:45:00+08:00",
  "performer" : [{
    "reference" : "Practitioner/ltc-practitioner-example"
  }],
  "valueQuantity" : {
    "value" : 28.5,
    "unit" : "%",
    "system" : "http://unitsofmeasure.org",
    "code" : "%"
  },
  "interpretation" : [{
    "coding" : [{
      "system" : "http://terminology.hl7.org/CodeSystem/v3-ObservationInterpretation",
      "code" : "N",
      "display" : "Normal"
    }]
  }],
  "note" : [{
    "time" : "2024-01-15T08:45:00+08:00",
    "text" : "體脂率28.5%，位於女性正常範圍內。建議透過有氧運動和肌力訓練來優化身體組成"
  }],
  "method" : {
    "coding" : [{
      "system" : "http://snomed.info/sct",
      "code" : "252465000",
      "display" : "Pulse oximetry"
    }]
  },
  "device" : {
    "display" : "InBody 270 身體組成分析儀"
  },
  "referenceRange" : [{
    "low" : {
      "value" : 21,
      "unit" : "%",
      "system" : "http://unitsofmeasure.org",
      "code" : "%"
    },
    "high" : {
      "value" : 33,
      "unit" : "%",
      "system" : "http://unitsofmeasure.org",
      "code" : "%"
    },
    "text" : "女性正常範圍"
  }]
}