{
  "resourceType" : "Observation",
  "id" : "pasport-observation-height-example",
  "meta" : {
    "profile" : ["http://ltc-ig.fhir.tw/StructureDefinition/PASportObservationHeight"]
  },
  "text" : {
    "status" : "generated",
    "div" : "<div xmlns=\"http://www.w3.org/1999/xhtml\"><p class=\"res-header-id\"><b>Generated Narrative: Observation pasport-observation-height-example</b></p><a name=\"pasport-observation-height-example\"> </a><a name=\"hcpasport-observation-height-example\"> </a><div style=\"display: inline-block; background-color: #d9e0e7; padding: 6px; margin: 4px; border: 1px solid #8da1b4; border-radius: 5px; line-height: 60%\"><p style=\"margin-bottom: 0px\"/><p style=\"margin-bottom: 0px\">Profile: <a href=\"StructureDefinition-PASportObservationHeight.html\">基礎生理量測－身高</a></p></div><p><b>status</b>: Final</p><p><b>category</b>: <span title=\"Codes:{http://terminology.hl7.org/CodeSystem/observation-category vital-signs}\">Vital Signs</span></p><p><b>code</b>: <span title=\"Codes:{http://loinc.org 8302-2}\">Body height</span></p><p><b>subject</b>: <a href=\"Patient-ltc-patient-chen-ming-hui.html\">陳明慧 Female, DoB: 1945-03-15 ( National Person Identifier (TWN):\u00a0A123456789\u00a0(use:\u00a0official,\u00a0))</a></p><p><b>effective</b>: 2024-01-15 08:15:00+0800</p><p><b>performer</b>: <a href=\"Practitioner-ltc-practitioner-example.html\">Practitioner 王美玲(official)</a></p><p><b>value</b>: 165.8 cm<span style=\"background: LightGoldenRodYellow\"> (Details: UCUM  codecm = 'cm')</span></p><p><b>note</b>: @2024-01-15 08:15:00+0800</p><blockquote><div><p>身高165.8公分，用於計算BMI及設計個人化運動計畫</p>\n</div></blockquote><p><b>method</b>: <span title=\"Codes:{http://snomed.info/sct 363808001}\">Measured body weight</span></p></div>"
  },
  "status" : "final",
  "category" : [{
    "coding" : [{
      "system" : "http://terminology.hl7.org/CodeSystem/observation-category",
      "code" : "vital-signs",
      "display" : "Vital Signs"
    }]
  }],
  "code" : {
    "coding" : [{
      "system" : "http://loinc.org",
      "code" : "8302-2",
      "display" : "Body height"
    }]
  },
  "subject" : {
    "reference" : "Patient/ltc-patient-chen-ming-hui"
  },
  "effectiveDateTime" : "2024-01-15T08:15:00+08:00",
  "performer" : [{
    "reference" : "Practitioner/ltc-practitioner-example"
  }],
  "valueQuantity" : {
    "value" : 165.8,
    "unit" : "cm",
    "system" : "http://unitsofmeasure.org",
    "code" : "cm"
  },
  "note" : [{
    "time" : "2024-01-15T08:15:00+08:00",
    "text" : "身高165.8公分，用於計算BMI及設計個人化運動計畫"
  }],
  "method" : {
    "coding" : [{
      "system" : "http://snomed.info/sct",
      "code" : "363808001",
      "display" : "Measured body weight"
    }]
  }
}