{
  "resourceType" : "Observation",
  "id" : "pasport-observation-blood-pressure-example",
  "meta" : {
    "profile" : ["http://ltc-ig.fhir.tw/StructureDefinition/PASportObservationBloodPressure"]
  },
  "text" : {
    "status" : "generated",
    "div" : "<div xmlns=\"http://www.w3.org/1999/xhtml\"><p class=\"res-header-id\"><b>Generated Narrative: Observation pasport-observation-blood-pressure-example</b></p><a name=\"pasport-observation-blood-pressure-example\"> </a><a name=\"hcpasport-observation-blood-pressure-example\"> </a><div style=\"display: inline-block; background-color: #d9e0e7; padding: 6px; margin: 4px; border: 1px solid #8da1b4; border-radius: 5px; line-height: 60%\"><p style=\"margin-bottom: 0px\"/><p style=\"margin-bottom: 0px\">Profile: <a href=\"StructureDefinition-PASportObservationBloodPressure.html\">基礎生理量測－血壓</a></p></div><p><b>status</b>: Final</p><p><b>category</b>: <span title=\"Codes:{http://terminology.hl7.org/CodeSystem/observation-category vital-signs}\">Vital Signs</span></p><p><b>code</b>: <span title=\"Codes:{http://loinc.org 85354-9}\">Blood pressure panel with all children optional</span></p><p><b>subject</b>: <a href=\"Patient-ltc-patient-chen-ming-hui.html\">陳明慧 Female, DoB: 1945-03-15 ( National Person Identifier: A123456789\u00a0(use:\u00a0official,\u00a0))</a></p><p><b>effective</b>: 2024-01-15 09:00:00+0800</p><p><b>performer</b>: <a href=\"Practitioner-ltc-practitioner-example.html\">Practitioner 王美玲(official)</a></p><p><b>interpretation</b>: <span title=\"Codes:{http://terminology.hl7.org/CodeSystem/v3-ObservationInterpretation N}\">Normal</span></p><p><b>note</b>: @2024-01-15 09:00:00+0800</p><blockquote><div><p>運動前血壓測量，收縮壓128/舒張壓82mmHg，數值正常，可安全進行運動</p>\n</div></blockquote><p><b>bodySite</b>: <span title=\"Codes:{http://snomed.info/sct 368208006}\">Left upper arm structure</span></p><p><b>method</b>: <span title=\"Codes:{http://snomed.info/sct 77938009}\">Arterial pressure monitoring, non-invasive method</span></p><blockquote><p><b>component</b></p><p><b>code</b>: <span title=\"Codes:{http://loinc.org 8480-6}\">Systolic blood pressure</span></p><p><b>value</b>: 128 mmHg<span style=\"background: LightGoldenRodYellow\"> (Details: UCUM  codemm[Hg] = 'mm[Hg]')</span></p></blockquote><blockquote><p><b>component</b></p><p><b>code</b>: <span title=\"Codes:{http://loinc.org 8462-4}\">Diastolic blood pressure</span></p><p><b>value</b>: 82 mmHg<span style=\"background: LightGoldenRodYellow\"> (Details: UCUM  codemm[Hg] = 'mm[Hg]')</span></p></blockquote></div>"
  },
  "status" : "final",
  "category" : [{
    "coding" : [{
      "system" : "http://terminology.hl7.org/CodeSystem/observation-category",
      "code" : "vital-signs",
      "display" : "Vital Signs"
    }]
  }],
  "code" : {
    "coding" : [{
      "system" : "http://loinc.org",
      "code" : "85354-9",
      "display" : "Blood pressure panel with all children optional"
    }]
  },
  "subject" : {
    "reference" : "Patient/ltc-patient-chen-ming-hui"
  },
  "effectiveDateTime" : "2024-01-15T09:00:00+08:00",
  "performer" : [{
    "reference" : "Practitioner/ltc-practitioner-example"
  }],
  "interpretation" : [{
    "coding" : [{
      "system" : "http://terminology.hl7.org/CodeSystem/v3-ObservationInterpretation",
      "code" : "N",
      "display" : "Normal"
    }]
  }],
  "note" : [{
    "time" : "2024-01-15T09:00:00+08:00",
    "text" : "運動前血壓測量，收縮壓128/舒張壓82mmHg，數值正常，可安全進行運動"
  }],
  "bodySite" : {
    "coding" : [{
      "system" : "http://snomed.info/sct",
      "code" : "368208006",
      "display" : "Left upper arm structure"
    }]
  },
  "method" : {
    "coding" : [{
      "system" : "http://snomed.info/sct",
      "code" : "77938009",
      "display" : "Arterial pressure monitoring, non-invasive method"
    }]
  },
  "component" : [{
    "code" : {
      "coding" : [{
        "system" : "http://loinc.org",
        "code" : "8480-6",
        "display" : "Systolic blood pressure"
      }]
    },
    "valueQuantity" : {
      "value" : 128,
      "unit" : "mmHg",
      "system" : "http://unitsofmeasure.org",
      "code" : "mm[Hg]"
    }
  },
  {
    "code" : {
      "coding" : [{
        "system" : "http://loinc.org",
        "code" : "8462-4",
        "display" : "Diastolic blood pressure"
      }]
    },
    "valueQuantity" : {
      "value" : 82,
      "unit" : "mmHg",
      "system" : "http://unitsofmeasure.org",
      "code" : "mm[Hg]"
    }
  }]
}