{
  "resourceType" : "Observation",
  "id" : "pasport-observation-weight-example",
  "meta" : {
    "profile" : ["http://ltc-ig.fhir.tw/StructureDefinition/PASportObservationWeight"]
  },
  "text" : {
    "status" : "generated",
    "div" : "<div xmlns=\"http://www.w3.org/1999/xhtml\"><p class=\"res-header-id\"><b>Generated Narrative: Observation pasport-observation-weight-example</b></p><a name=\"pasport-observation-weight-example\"> </a><a name=\"hcpasport-observation-weight-example\"> </a><div style=\"display: inline-block; background-color: #d9e0e7; padding: 6px; margin: 4px; border: 1px solid #8da1b4; border-radius: 5px; line-height: 60%\"><p style=\"margin-bottom: 0px\"/><p style=\"margin-bottom: 0px\">Profile: <a href=\"StructureDefinition-PASportObservationWeight.html\">基礎生理量測－體重</a></p></div><p><b>status</b>: Final</p><p><b>category</b>: <span title=\"Codes:{http://terminology.hl7.org/CodeSystem/observation-category vital-signs}\">Vital Signs</span></p><p><b>code</b>: <span title=\"Codes:{http://loinc.org 29463-7}\">Body weight</span></p><p><b>subject</b>: <a href=\"Patient-ltc-patient-chen-ming-hui.html\">陳明慧 Female, DoB: 1945-03-15 ( National Person Identifier: A123456789\u00a0(use:\u00a0official,\u00a0))</a></p><p><b>effective</b>: 2024-01-15 08:00:00+0800</p><p><b>performer</b>: <a href=\"Practitioner-ltc-practitioner-example.html\">Practitioner 王美玲(official)</a></p><p><b>value</b>: 65.5 kg<span style=\"background: LightGoldenRodYellow\"> (Details: UCUM  codekg = 'kg')</span></p><p><b>note</b>: @2024-01-15 08:00:00+0800</p><blockquote><div><p>運動計畫開始前基線體重測量，較上月減輕0.8公斤，患者狀況良好</p>\n</div></blockquote><p><b>method</b>: <span title=\"Codes:{http://snomed.info/sct 363808001}\">Measurement technique</span></p><h3>Components</h3><table class=\"grid\"><tr><td style=\"display: none\">-</td><td><b>Code</b></td><td><b>Value[x]</b></td></tr><tr><td style=\"display: none\">*</td><td><span title=\"Codes:{http://loinc.org 8350-1}\">Body weight change</span></td><td>-0.8 kg<span style=\"background: LightGoldenRodYellow\"> (Details: UCUM  codekg = 'kg')</span></td></tr></table></div>"
  },
  "status" : "final",
  "category" : [{
    "coding" : [{
      "system" : "http://terminology.hl7.org/CodeSystem/observation-category",
      "code" : "vital-signs",
      "display" : "Vital Signs"
    }]
  }],
  "code" : {
    "coding" : [{
      "system" : "http://loinc.org",
      "code" : "29463-7",
      "display" : "Body weight"
    }]
  },
  "subject" : {
    "reference" : "Patient/ltc-patient-chen-ming-hui"
  },
  "effectiveDateTime" : "2024-01-15T08:00:00+08:00",
  "performer" : [{
    "reference" : "Practitioner/ltc-practitioner-example"
  }],
  "valueQuantity" : {
    "value" : 65.5,
    "unit" : "kg",
    "system" : "http://unitsofmeasure.org",
    "code" : "kg"
  },
  "note" : [{
    "time" : "2024-01-15T08:00:00+08:00",
    "text" : "運動計畫開始前基線體重測量，較上月減輕0.8公斤，患者狀況良好"
  }],
  "method" : {
    "coding" : [{
      "system" : "http://snomed.info/sct",
      "code" : "363808001",
      "display" : "Measurement technique"
    }]
  },
  "component" : [{
    "code" : {
      "coding" : [{
        "system" : "http://loinc.org",
        "code" : "8350-1",
        "display" : "Body weight change"
      }]
    },
    "valueQuantity" : {
      "value" : -0.8,
      "unit" : "kg",
      "system" : "http://unitsofmeasure.org",
      "code" : "kg"
    }
  }]
}