{
  "resourceType" : "Observation",
  "id" : "pasport-observation-skeletal-muscle-mass-example",
  "meta" : {
    "profile" : ["http://ltc-ig.fhir.tw/StructureDefinition/PASportObservationSkeletalMuscleMass"]
  },
  "text" : {
    "status" : "generated",
    "div" : "<div xmlns=\"http://www.w3.org/1999/xhtml\"><p class=\"res-header-id\"><b>Generated Narrative: Observation pasport-observation-skeletal-muscle-mass-example</b></p><a name=\"pasport-observation-skeletal-muscle-mass-example\"> </a><a name=\"hcpasport-observation-skeletal-muscle-mass-example\"> </a><div style=\"display: inline-block; background-color: #d9e0e7; padding: 6px; margin: 4px; border: 1px solid #8da1b4; border-radius: 5px; line-height: 60%\"><p style=\"margin-bottom: 0px\"/><p style=\"margin-bottom: 0px\">Profile: <a href=\"StructureDefinition-PASportObservationSkeletalMuscleMass.html\">身體組成分析儀－骨骼肌重</a></p></div><p><b>status</b>: Final</p><p><b>category</b>: <span title=\"Codes:{http://terminology.hl7.org/CodeSystem/observation-category vital-signs}\">Vital Signs</span></p><p><b>code</b>: <span title=\"Codes:{http://ltc-ig.fhir.tw/CodeSystem/TempCodeCS-Sport SMM}\">骨骼肌重</span></p><p><b>subject</b>: <a href=\"Patient-ltc-patient-chen-ming-hui.html\">陳明慧 Female, DoB: 1945-03-15 ( National Person Identifier: A123456789\u00a0(use:\u00a0official,\u00a0))</a></p><p><b>effective</b>: 2024-01-15 08:45:00+0800</p><p><b>performer</b>: <a href=\"Practitioner-ltc-practitioner-example.html\">Practitioner 王美玲(official)</a></p><p><b>value</b>: 20.8 kg<span style=\"background: LightGoldenRodYellow\"> (Details: UCUM  codekg = 'kg')</span></p><p><b>interpretation</b>: <span title=\"Codes:{http://terminology.hl7.org/CodeSystem/v3-ObservationInterpretation L}\">Low</span></p><p><b>note</b>: @2024-01-15 08:45:00+0800</p><blockquote><div><p>骨骼肌重20.8公斤，略低於年齡標準。建議增加阻力訓練以提升肌肉量，預防肌少症</p>\n</div></blockquote><p><b>method</b>: <span title=\"Codes:{http://snomed.info/sct 702668008}\">Bioelectrical impedance analysis</span></p><p><b>device</b>: InBody 270 身體組成分析儀</p><h3>ReferenceRanges</h3><table class=\"grid\"><tr><td style=\"display: none\">-</td><td><b>Low</b></td><td><b>High</b></td><td><b>Text</b></td></tr><tr><td style=\"display: none\">*</td><td>22 kg<span style=\"background: LightGoldenRodYellow\"> (Details: UCUM  codekg = 'kg')</span></td><td>27 kg<span style=\"background: LightGoldenRodYellow\"> (Details: UCUM  codekg = 'kg')</span></td><td>65歲女性正常範圍</td></tr></table><h3>Components</h3><table class=\"grid\"><tr><td style=\"display: none\">-</td><td><b>Code</b></td><td><b>Value[x]</b></td></tr><tr><td style=\"display: none\">*</td><td><span title=\"Codes:{http://ltc-ig.fhir.tw/CodeSystem/TempCodeCS-Sport SMI}\">骨骼肌指數</span></td><td>7.6 kg/m2<span style=\"background: LightGoldenRodYellow\"> (Details: UCUM  codekg/m2 = 'kg/m2')</span></td></tr></table></div>"
  },
  "status" : "final",
  "category" : [{
    "coding" : [{
      "system" : "http://terminology.hl7.org/CodeSystem/observation-category",
      "code" : "vital-signs",
      "display" : "Vital Signs"
    }]
  }],
  "code" : {
    "coding" : [{
      "system" : "http://ltc-ig.fhir.tw/CodeSystem/TempCodeCS-Sport",
      "code" : "SMM",
      "display" : "骨骼肌重"
    }]
  },
  "subject" : {
    "reference" : "Patient/ltc-patient-chen-ming-hui"
  },
  "effectiveDateTime" : "2024-01-15T08:45:00+08:00",
  "performer" : [{
    "reference" : "Practitioner/ltc-practitioner-example"
  }],
  "valueQuantity" : {
    "value" : 20.8,
    "unit" : "kg",
    "system" : "http://unitsofmeasure.org",
    "code" : "kg"
  },
  "interpretation" : [{
    "coding" : [{
      "system" : "http://terminology.hl7.org/CodeSystem/v3-ObservationInterpretation",
      "code" : "L",
      "display" : "Low"
    }]
  }],
  "note" : [{
    "time" : "2024-01-15T08:45:00+08:00",
    "text" : "骨骼肌重20.8公斤，略低於年齡標準。建議增加阻力訓練以提升肌肉量，預防肌少症"
  }],
  "method" : {
    "coding" : [{
      "system" : "http://snomed.info/sct",
      "code" : "702668008",
      "display" : "Bioelectrical impedance analysis"
    }]
  },
  "device" : {
    "display" : "InBody 270 身體組成分析儀"
  },
  "referenceRange" : [{
    "low" : {
      "value" : 22,
      "unit" : "kg",
      "system" : "http://unitsofmeasure.org",
      "code" : "kg"
    },
    "high" : {
      "value" : 27,
      "unit" : "kg",
      "system" : "http://unitsofmeasure.org",
      "code" : "kg"
    },
    "text" : "65歲女性正常範圍"
  }],
  "component" : [{
    "code" : {
      "coding" : [{
        "system" : "http://ltc-ig.fhir.tw/CodeSystem/TempCodeCS-Sport",
        "code" : "SMI",
        "display" : "骨骼肌指數"
      }]
    },
    "valueQuantity" : {
      "value" : 7.6,
      "unit" : "kg/m2",
      "system" : "http://unitsofmeasure.org",
      "code" : "kg/m2"
    }
  }]
}