{
  "resourceType" : "Organization",
  "id" : "ltc-organization-example",
  "meta" : {
    "profile" : ["http://ltc-ig.fhir.tw/StructureDefinition/Organization-twltc"]
  },
  "text" : {
    "status" : "generated",
    "div" : "<div xmlns=\"http://www.w3.org/1999/xhtml\"><p class=\"res-header-id\"><b>Generated Narrative: Organization ltc-organization-example</b></p><a name=\"ltc-organization-example\"> </a><a name=\"hcltc-organization-example\"> </a><div style=\"display: inline-block; background-color: #d9e0e7; padding: 6px; margin: 4px; border: 1px solid #8da1b4; border-radius: 5px; line-height: 60%\"><p style=\"margin-bottom: 0px\"/><p style=\"margin-bottom: 0px\">Profile: <a href=\"StructureDefinition-Organization-twltc.html\">長期照顧－機構</a></p></div><p><b>identifier</b>: Provider Number/0131060029\u00a0(use:\u00a0usual,\u00a0)</p><p><b>active</b>: true</p><p><b>type</b>: <span title=\"Codes:{http://terminology.hl7.org/CodeSystem/organization-type prov}\">Healthcare Provider</span></p><p><b>name</b>: 新北市私立安康老人長期照顧中心（養護型）</p><p><b>telecom</b>: ph: 02-29412345(Work), fax: 02-29412346(Work)</p><p><b>address</b>: 新北市中和區安康路二段123號(work)</p><h3>Contacts</h3><table class=\"grid\"><tr><td style=\"display: none\">-</td><td><b>Purpose</b></td><td><b>Name</b></td><td><b>Telecom</b></td></tr><tr><td style=\"display: none\">*</td><td><span title=\"Codes:{http://terminology.hl7.org/CodeSystem/contactentity-type ADMIN}\">Administrative</span></td><td>志明 王 (Official)</td><td>ph: 02-29412345(Work)</td></tr></table></div>"
  },
  "identifier" : [{
    "use" : "usual",
    "type" : {
      "coding" : [{
        "system" : "http://terminology.hl7.org/CodeSystem/v2-0203",
        "code" : "PRN",
        "display" : "Provider Number"
      }]
    },
    "system" : "http://www.moi.gov.tw",
    "value" : "0131060029"
  }],
  "active" : true,
  "type" : [{
    "coding" : [{
      "system" : "http://terminology.hl7.org/CodeSystem/organization-type",
      "code" : "prov",
      "display" : "Healthcare Provider"
    }]
  }],
  "name" : "新北市私立安康老人長期照顧中心（養護型）",
  "telecom" : [{
    "system" : "phone",
    "value" : "02-29412345",
    "use" : "work"
  },
  {
    "system" : "fax",
    "value" : "02-29412346",
    "use" : "work"
  }],
  "address" : [{
    "use" : "work",
    "type" : "physical",
    "text" : "新北市中和區安康路二段123號",
    "line" : ["安康路二段123號"],
    "city" : "中和區",
    "state" : "新北市",
    "postalCode" : "23511",
    "country" : "TW"
  }],
  "contact" : [{
    "purpose" : {
      "coding" : [{
        "system" : "http://terminology.hl7.org/CodeSystem/contactentity-type",
        "code" : "ADMIN",
        "display" : "Administrative"
      }]
    },
    "name" : {
      "use" : "official",
      "family" : "王",
      "given" : ["志明"]
    },
    "telecom" : [{
      "system" : "phone",
      "value" : "02-29412345",
      "use" : "work"
    }]
  }]
}