{
  "resourceType" : "Patient",
  "id" : "ltc-patient-referral-example",
  "meta" : {
    "profile" : ["http://ltc-ig.fhir.tw/StructureDefinition/LTCPatientReferral"]
  },
  "text" : {
    "status" : "generated",
    "div" : "<div xmlns=\"http://www.w3.org/1999/xhtml\"><p class=\"res-header-id\"><b>Generated Narrative: Patient ltc-patient-referral-example</b></p><a name=\"ltc-patient-referral-example\"> </a><a name=\"hcltc-patient-referral-example\"> </a><div style=\"display: inline-block; background-color: #d9e0e7; padding: 6px; margin: 4px; border: 1px solid #8da1b4; border-radius: 5px; line-height: 60%\"><p style=\"margin-bottom: 0px\"/><p style=\"margin-bottom: 0px\">Profile: <a href=\"StructureDefinition-LTCPatientReferral.html\">轉介單－個案基本資料</a></p></div><p style=\"border: 1px #661aff solid; background-color: #e6e6ff; padding: 10px;\">李秀芳(official) Female, DoB: 1950-03-22 ( National identifier: B987654321\u00a0(use:\u00a0official,\u00a0))</p><hr/><table class=\"grid\"><tr><td style=\"background-color: #f3f5da\" title=\"Record is active\">Active:</td><td>true</td><td style=\"background-color: #f3f5da\" title=\"Known Marital status of Patient\">Marital Status:</td><td colspan=\"3\"><span title=\"Codes:{http://terminology.hl7.org/CodeSystem/v3-MaritalStatus W}\">Widowed</span></td></tr><tr><td style=\"background-color: #f3f5da\" title=\"Other Id (see the one above)\">Other Id:</td><td colspan=\"3\">Provider number/REF-98765\u00a0(use:\u00a0official,\u00a0)</td></tr><tr><td style=\"background-color: #f3f5da\" title=\"Ways to contact the Patient\">Contact Detail</td><td colspan=\"3\"><ul><li>ph: 07-98765432(Home)</li><li>高雄市前鎮區成功二路25號(home)</li></ul></td></tr><tr><td style=\"background-color: #f3f5da\" title=\"Nominated Contact: Next-of-Kin\">Next-of-Kin:</td><td colspan=\"3\"><ul><li>李志明(Official)</li><li>ph: 0923-456-789(Mobile)</li></ul></td></tr><tr><td style=\"background-color: #f3f5da\" title=\"此 Extension 用以表述長照機構住民的經濟狀況。\"><a href=\"StructureDefinition-ExtPatientEconomyStatus-TWLTC.html\">長照機構住民經濟狀況</a></td><td colspan=\"3\"><span title=\"Codes:{http://ltc-ig.fhir.tw/CodeSystem/EconomyStatusCS-TWLTC 2}\">中低收入戶</span></td></tr></table></div>"
  },
  "extension" : [{
    "url" : "http://ltc-ig.fhir.tw/StructureDefinition/ExtPatientEconomyStatus-TWLTC",
    "valueCodeableConcept" : {
      "coding" : [{
        "system" : "http://ltc-ig.fhir.tw/CodeSystem/EconomyStatusCS-TWLTC",
        "code" : "2",
        "display" : "中低收入戶"
      }]
    }
  }],
  "identifier" : [{
    "use" : "official",
    "type" : {
      "coding" : [{
        "system" : "http://terminology.hl7.org/CodeSystem/v2-0203",
        "code" : "PRN",
        "display" : "Provider number"
      }]
    },
    "system" : "http://ltc-referral-center.tw",
    "value" : "REF-98765"
  },
  {
    "use" : "official",
    "type" : {
      "coding" : [{
        "system" : "http://terminology.hl7.org/CodeSystem/v2-0203",
        "code" : "NNxxx",
        "display" : "National identifier"
      }]
    },
    "system" : "http://www.moi.gov.tw",
    "value" : "B987654321"
  }],
  "active" : true,
  "name" : [{
    "use" : "official",
    "text" : "李秀芳",
    "family" : "李",
    "given" : ["秀芳"]
  }],
  "telecom" : [{
    "system" : "phone",
    "value" : "07-98765432",
    "use" : "home"
  }],
  "gender" : "female",
  "birthDate" : "1950-03-22",
  "address" : [{
    "use" : "home",
    "type" : "both",
    "text" : "高雄市前鎮區成功二路25號",
    "line" : ["成功二路25號"],
    "city" : "高雄市",
    "district" : "前鎮區",
    "postalCode" : "806",
    "country" : "TW"
  }],
  "maritalStatus" : {
    "coding" : [{
      "system" : "http://terminology.hl7.org/CodeSystem/v3-MaritalStatus",
      "code" : "W",
      "display" : "Widowed"
    }]
  },
  "contact" : [{
    "relationship" : [{
      "coding" : [{
        "system" : "http://terminology.hl7.org/CodeSystem/v2-0131",
        "code" : "N",
        "display" : "Next-of-Kin"
      }]
    }],
    "name" : {
      "use" : "official",
      "text" : "李志明",
      "family" : "李",
      "given" : ["志明"]
    },
    "telecom" : [{
      "system" : "phone",
      "value" : "0923-456-789",
      "use" : "mobile"
    }]
  }]
}