{
  "resourceType" : "Patient",
  "id" : "ltc-patient-referral-chen-ming-hui-example",
  "meta" : {
    "profile" : ["http://ltc-ig.fhir.tw/StructureDefinition/LTCPatientReferral"]
  },
  "text" : {
    "status" : "generated",
    "div" : "<div xmlns=\"http://www.w3.org/1999/xhtml\"><p class=\"res-header-id\"><b>Generated Narrative: Patient ltc-patient-referral-chen-ming-hui-example</b></p><a name=\"ltc-patient-referral-chen-ming-hui-example\"> </a><a name=\"hcltc-patient-referral-chen-ming-hui-example\"> </a><div style=\"display: inline-block; background-color: #d9e0e7; padding: 6px; margin: 4px; border: 1px solid #8da1b4; border-radius: 5px; line-height: 60%\"><p style=\"margin-bottom: 0px\"/><p style=\"margin-bottom: 0px\">Profile: <a href=\"StructureDefinition-LTCPatientReferral.html\">轉介單－個案基本資料</a></p></div><p style=\"border: 1px #661aff solid; background-color: #e6e6ff; padding: 10px;\">陳明慧 Female, DoB: 1945-03-15 ( National Person Identifier: A123456789\u00a0(use:\u00a0official,\u00a0))</p><hr/><table class=\"grid\"><tr><td style=\"background-color: #f3f5da\" title=\"Record is active\">Active:</td><td colspan=\"3\">true</td></tr><tr><td style=\"background-color: #f3f5da\" title=\"Other Id (see the one above)\">Other Id:</td><td colspan=\"3\">Provider Number/R2024001\u00a0(use:\u00a0official,\u00a0)</td></tr><tr><td style=\"background-color: #f3f5da\" title=\"Alternate names (see the one above)\">Alt. Name:</td><td colspan=\"3\">Chen Ming Hui(Official)</td></tr><tr><td style=\"background-color: #f3f5da\" title=\"Ways to contact the Patient\">Contact Detail</td><td colspan=\"3\"><ul><li>ph: 0912345678(Mobile)</li><li>新北市中和區安康路二段123號3樓301室(home)</li><li>台北市大安區和平東路二段76號2樓(billing)</li></ul></td></tr><tr><td style=\"background-color: #f3f5da\" title=\"Nominated Contact: Next-of-Kin\">Next-of-Kin:</td><td colspan=\"3\"><ul><li>陳志強</li><li>ph: 0987654321(Mobile)</li></ul></td></tr><tr><td style=\"background-color: #f3f5da\" title=\"Patient Links\">Links:</td><td colspan=\"3\"><ul><li>Managing Organization: <a href=\"Organization-ltc-organization-example.html\">Organization 新北市私立安康老人長期照顧中心（養護型）</a></li></ul></td></tr><tr><td style=\"background-color: #f3f5da\" title=\"此 Extension 用以表述長照機構住民的經濟狀況。\"><a href=\"StructureDefinition-ExtPatientEconomyStatus-TWLTC.html\">長照機構住民經濟狀況</a></td><td colspan=\"3\"><span title=\"Codes:{http://ltc-ig.fhir.tw/CodeSystem/EconomyStatusCS-TWLTC middle-income}\">中等收入戶</span></td></tr></table></div>"
  },
  "extension" : [{
    "url" : "http://ltc-ig.fhir.tw/StructureDefinition/ExtPatientEconomyStatus-TWLTC",
    "valueCodeableConcept" : {
      "coding" : [{
        "system" : "http://ltc-ig.fhir.tw/CodeSystem/EconomyStatusCS-TWLTC",
        "code" : "middle-income",
        "display" : "中等收入戶"
      }]
    }
  }],
  "identifier" : [{
    "use" : "official",
    "type" : {
      "coding" : [{
        "system" : "http://terminology.hl7.org/CodeSystem/v2-0203",
        "code" : "PRN",
        "display" : "Provider Number"
      }]
    },
    "system" : "http://www.ankang-ltc.tw",
    "value" : "R2024001"
  },
  {
    "use" : "official",
    "type" : {
      "coding" : [{
        "system" : "http://terminology.hl7.org/CodeSystem/v2-0203",
        "code" : "NNxxx",
        "display" : "National Person Identifier"
      }]
    },
    "system" : "http://www.moi.gov.tw",
    "value" : "A123456789"
  }],
  "active" : true,
  "name" : [{
    "use" : "official",
    "text" : "Chen Ming Hui"
  },
  {
    "use" : "usual",
    "text" : "陳明慧"
  }],
  "telecom" : [{
    "system" : "phone",
    "value" : "0912345678",
    "use" : "mobile"
  }],
  "gender" : "female",
  "birthDate" : "1945-03-15",
  "address" : [{
    "use" : "home",
    "text" : "新北市中和區安康路二段123號3樓301室",
    "line" : ["安康路二段123號3樓301室"],
    "city" : "中和區",
    "state" : "新北市",
    "postalCode" : "23511",
    "country" : "TW"
  },
  {
    "use" : "billing",
    "text" : "台北市大安區和平東路二段76號2樓",
    "line" : ["和平東路二段76號2樓"],
    "city" : "大安區",
    "state" : "台北市",
    "postalCode" : "10663",
    "country" : "TW"
  }],
  "contact" : [{
    "relationship" : [{
      "coding" : [{
        "system" : "http://terminology.hl7.org/CodeSystem/v2-0131",
        "code" : "N",
        "display" : "Next-of-Kin"
      }]
    }],
    "name" : {
      "use" : "usual",
      "text" : "陳志強"
    },
    "telecom" : [{
      "system" : "phone",
      "value" : "0987654321",
      "use" : "mobile"
    }]
  }],
  "managingOrganization" : {
    "reference" : "Organization/ltc-organization-example"
  }
}