{
  "resourceType" : "Patient",
  "id" : "ltc-patient-cms-example",
  "meta" : {
    "profile" : ["http://ltc-ig.fhir.tw/StructureDefinition/LTCPatientCMS"]
  },
  "text" : {
    "status" : "generated",
    "div" : "<div xmlns=\"http://www.w3.org/1999/xhtml\"><p class=\"res-header-id\"><b>Generated Narrative: Patient ltc-patient-cms-example</b></p><a name=\"ltc-patient-cms-example\"> </a><a name=\"hcltc-patient-cms-example\"> </a><div style=\"display: inline-block; background-color: #d9e0e7; padding: 6px; margin: 4px; border: 1px solid #8da1b4; border-radius: 5px; line-height: 60%\"><p style=\"margin-bottom: 0px\"/><p style=\"margin-bottom: 0px\">Profile: <a href=\"StructureDefinition-LTCPatientCMS.html\">照顧管理評估量表－個案基本資料</a></p></div><p style=\"border: 1px #661aff solid; background-color: #e6e6ff; padding: 10px;\">陳明華(official) Female, DoB: 1945-08-15 ( National Person Identifier (TWN):\u00a0A123456789\u00a0(use:\u00a0official,\u00a0))</p><hr/><table class=\"grid\"><tr><td style=\"background-color: #f3f5da\" title=\"Record is active\">Active:</td><td>true</td><td style=\"background-color: #f3f5da\" title=\"Known Marital status of Patient\">Marital Status:</td><td colspan=\"3\"><span title=\"Codes:{http://terminology.hl7.org/CodeSystem/v3-MaritalStatus M}\">Married</span></td></tr><tr><td style=\"background-color: #f3f5da\" title=\"Other Id (see the one above)\">Other Id:</td><td colspan=\"3\">Provider number/LTC-12345\u00a0(use:\u00a0official,\u00a0)</td></tr><tr><td style=\"background-color: #f3f5da\" title=\"Ways to contact the Patient\">Contact Detail</td><td colspan=\"3\"><ul><li>ph: 02-12345678(Home)</li><li>台北市信義區信義路五段7號(home)</li></ul></td></tr><tr><td style=\"background-color: #f3f5da\" title=\"Nominated Contact: Emergency Contact\">Emergency Contact:</td><td colspan=\"3\"><ul><li>陳建國(Official)</li><li>ph: 0912-345-678(Mobile)</li></ul></td></tr><tr><td style=\"background-color: #f3f5da\" title=\"此 Extension 用以表述個案的身分別。\"><a href=\"StructureDefinition-ExtPatientIdentity-TWLTC.html\">個案身分別</a></td><td colspan=\"3\"><span title=\"Codes:{http://ltc-ig.fhir.tw/CodeSystem/PatientIdentityCS-TWLTC 1}\">一般戶</span></td></tr><tr><td style=\"background-color: #f3f5da\" title=\"此 Extension 用以表述長照機構住民的教育程度。\"><a href=\"StructureDefinition-ExtPatientEducationStatus-TWLTC.html\">長照機構住民教育程度</a></td><td colspan=\"3\"><span title=\"Codes:{http://ltc-ig.fhir.tw/CodeSystem/EducationStatusCS-TWLTC elementary}\">國小</span></td></tr></table></div>"
  },
  "extension" : [{
    "url" : "http://ltc-ig.fhir.tw/StructureDefinition/ExtPatientEducationStatus-TWLTC",
    "valueCodeableConcept" : {
      "coding" : [{
        "system" : "http://ltc-ig.fhir.tw/CodeSystem/EducationStatusCS-TWLTC",
        "code" : "elementary",
        "display" : "國小"
      }]
    }
  },
  {
    "url" : "http://ltc-ig.fhir.tw/StructureDefinition/ExtPatientIdentity-TWLTC",
    "valueCodeableConcept" : {
      "coding" : [{
        "system" : "http://ltc-ig.fhir.tw/CodeSystem/PatientIdentityCS-TWLTC",
        "code" : "1",
        "display" : "一般戶"
      }]
    }
  }],
  "identifier" : [{
    "use" : "official",
    "type" : {
      "coding" : [{
        "system" : "http://terminology.hl7.org/CodeSystem/v2-0203",
        "code" : "PRN",
        "display" : "Provider number"
      }]
    },
    "system" : "http://ltc-hospital.tw",
    "value" : "LTC-12345"
  },
  {
    "use" : "official",
    "type" : {
      "coding" : [{
        "system" : "http://terminology.hl7.org/CodeSystem/v2-0203",
        "code" : "NNxxx",
        "display" : "National Person Identifier where the xxx is the ISO table 3166 3-character (alphabetic) country code"
      }],
      "text" : "National Person Identifier (TWN)"
    },
    "system" : "http://www.moi.gov.tw",
    "value" : "A123456789"
  }],
  "active" : true,
  "name" : [{
    "use" : "official",
    "text" : "陳明華",
    "family" : "陳",
    "given" : ["明華"]
  }],
  "telecom" : [{
    "system" : "phone",
    "value" : "02-12345678",
    "use" : "home"
  }],
  "gender" : "female",
  "birthDate" : "1945-08-15",
  "address" : [{
    "use" : "home",
    "type" : "both",
    "text" : "台北市信義區信義路五段7號",
    "line" : ["信義路五段7號"],
    "city" : "台北市",
    "district" : "信義區",
    "postalCode" : "110",
    "country" : "TW"
  }],
  "maritalStatus" : {
    "coding" : [{
      "system" : "http://terminology.hl7.org/CodeSystem/v3-MaritalStatus",
      "code" : "M",
      "display" : "Married"
    }]
  },
  "contact" : [{
    "relationship" : [{
      "coding" : [{
        "system" : "http://terminology.hl7.org/CodeSystem/v2-0131",
        "code" : "C",
        "display" : "Emergency Contact"
      }]
    }],
    "name" : {
      "use" : "official",
      "text" : "陳建國",
      "family" : "陳",
      "given" : ["建國"]
    },
    "telecom" : [{
      "system" : "phone",
      "value" : "0912-345-678",
      "use" : "mobile"
    }]
  }]
}