{
  "resourceType" : "Practitioner",
  "id" : "ltc-practitioner-example",
  "meta" : {
    "profile" : ["http://ltc-ig.fhir.tw/StructureDefinition/LTCPractitioner"]
  },
  "text" : {
    "status" : "generated",
    "div" : "<div xmlns=\"http://www.w3.org/1999/xhtml\"><p class=\"res-header-id\"><b>Generated Narrative: Practitioner ltc-practitioner-example</b></p><a name=\"ltc-practitioner-example\"> </a><a name=\"hcltc-practitioner-example\"> </a><div style=\"display: inline-block; background-color: #d9e0e7; padding: 6px; margin: 4px; border: 1px solid #8da1b4; border-radius: 5px; line-height: 60%\"><p style=\"margin-bottom: 0px\"/><p style=\"margin-bottom: 0px\">Profile: <a href=\"StructureDefinition-LTCPractitioner.html\">長期照顧－照顧服務提供者</a></p></div><p><b>identifier</b>: Medical License number/KMD12345\u00a0(use:\u00a0official,\u00a0)</p><p><b>active</b>: true</p><p><b>name</b>: 王美玲(Official)</p><p><b>telecom</b>: ph: 02-87654321(Work), <a href=\"mailto:meiling.wang@ltc-hospital.tw\">meiling.wang@ltc-hospital.tw</a></p><p><b>address</b>: 台北市大安區復興南路二段201號(work)</p><p><b>gender</b>: Female</p><p><b>birthDate</b>: 1975-06-10</p><blockquote><p><b>qualification</b></p><p><b>identifier</b>: <code>http://www.mohw.gov.tw/license</code>/PT-2005-0123</p><p><b>code</b>: <span title=\"Codes:{http://snomed.info/sct 36682004}\">Physiotherapist</span></p><p><b>period</b>: 2005-07-15 --&gt; (ongoing)</p><p><b>issuer</b>: 衛生福利部</p></blockquote><blockquote><p><b>qualification</b></p><p><b>identifier</b>: <code>http://www.mohw.gov.tw/license</code>/LTC-2010-5678</p><p><b>code</b>: <span title=\"Codes:{http://ltc-ig.fhir.tw/CodeSystem/TempCodeCS long-term-care-specialist}\">長期照護專科</span></p><p><b>period</b>: 2010-03-20 --&gt; (ongoing)</p><p><b>issuer</b>: 台灣長期照護學會</p></blockquote></div>"
  },
  "identifier" : [{
    "use" : "official",
    "type" : {
      "coding" : [{
        "system" : "http://terminology.hl7.org/CodeSystem/v2-0203",
        "code" : "MD",
        "display" : "Medical License number"
      }]
    },
    "system" : "http://www.mohw.gov.tw/doctor",
    "value" : "KMD12345"
  }],
  "active" : true,
  "name" : [{
    "use" : "official",
    "text" : "王美玲",
    "family" : "王",
    "given" : ["美玲"]
  }],
  "telecom" : [{
    "system" : "phone",
    "value" : "02-87654321",
    "use" : "work"
  },
  {
    "system" : "email",
    "value" : "meiling.wang@ltc-hospital.tw",
    "use" : "work"
  }],
  "address" : [{
    "use" : "work",
    "type" : "both",
    "text" : "台北市大安區復興南路二段201號",
    "line" : ["復興南路二段201號"],
    "city" : "台北市",
    "district" : "大安區",
    "postalCode" : "106",
    "country" : "TW"
  }],
  "gender" : "female",
  "birthDate" : "1975-06-10",
  "qualification" : [{
    "identifier" : [{
      "system" : "http://www.mohw.gov.tw/license",
      "value" : "PT-2005-0123"
    }],
    "code" : {
      "coding" : [{
        "system" : "http://snomed.info/sct",
        "code" : "36682004",
        "display" : "Physiotherapist"
      }]
    },
    "period" : {
      "start" : "2005-07-15"
    },
    "issuer" : {
      "display" : "衛生福利部"
    }
  },
  {
    "identifier" : [{
      "system" : "http://www.mohw.gov.tw/license",
      "value" : "LTC-2010-5678"
    }],
    "code" : {
      "coding" : [{
        "system" : "http://ltc-ig.fhir.tw/CodeSystem/TempCodeCS",
        "code" : "long-term-care-specialist",
        "display" : "長期照護專科"
      }]
    },
    "period" : {
      "start" : "2010-03-20"
    },
    "issuer" : {
      "display" : "台灣長期照護學會"
    }
  }]
}