{
  "resourceType" : "Practitioner",
  "id" : "ltc-practitioner-nurse-example",
  "meta" : {
    "profile" : ["http://ltc-ig.fhir.tw/StructureDefinition/LTCPractitioner"]
  },
  "text" : {
    "status" : "generated",
    "div" : "<div xmlns=\"http://www.w3.org/1999/xhtml\"><p class=\"res-header-id\"><b>Generated Narrative: Practitioner ltc-practitioner-nurse-example</b></p><a name=\"ltc-practitioner-nurse-example\"> </a><a name=\"hcltc-practitioner-nurse-example\"> </a><div style=\"display: inline-block; background-color: #d9e0e7; padding: 6px; margin: 4px; border: 1px solid #8da1b4; border-radius: 5px; line-height: 60%\"><p style=\"margin-bottom: 0px\"/><p style=\"margin-bottom: 0px\">Profile: <a href=\"StructureDefinition-LTCPractitioner.html\">長期照顧－照顧服務提供者</a></p></div><p><b>identifier</b>: Provider Number/N123456789\u00a0(use:\u00a0official,\u00a0)</p><p><b>active</b>: true</p><p><b>name</b>: 王美玲(Official)</p><p><b>telecom</b>: ph: 02-29412345(Work), <a href=\"mailto:meiling.wang@ltc-center.tw\">meiling.wang@ltc-center.tw</a></p><p><b>gender</b>: Female</p><h3>Qualifications</h3><table class=\"grid\"><tr><td style=\"display: none\">-</td><td><b>Identifier</b></td><td><b>Code</b></td></tr><tr><td style=\"display: none\">*</td><td><code>http://www.mohw.gov.tw/nursing-license</code>/護理執照123456</td><td><span title=\"Codes:{http://snomed.info/sct 224535009}\">Registered nurse</span></td></tr></table></div>"
  },
  "identifier" : [{
    "use" : "official",
    "type" : {
      "coding" : [{
        "system" : "http://terminology.hl7.org/CodeSystem/v2-0203",
        "code" : "PRN",
        "display" : "Provider Number"
      }]
    },
    "system" : "http://www.mohw.gov.tw",
    "value" : "N123456789"
  }],
  "active" : true,
  "name" : [{
    "use" : "official",
    "text" : "王美玲",
    "family" : "王",
    "given" : ["美玲"]
  }],
  "telecom" : [{
    "system" : "phone",
    "value" : "02-29412345",
    "use" : "work"
  },
  {
    "system" : "email",
    "value" : "meiling.wang@ltc-center.tw",
    "use" : "work"
  }],
  "gender" : "female",
  "qualification" : [{
    "identifier" : [{
      "system" : "http://www.mohw.gov.tw/nursing-license",
      "value" : "護理執照123456"
    }],
    "code" : {
      "coding" : [{
        "system" : "http://snomed.info/sct",
        "code" : "224535009",
        "display" : "Registered nurse"
      }]
    }
  }]
}