{
  "resourceType" : "Practitioner",
  "id" : "ltc-practitioner-example",
  "meta" : {
    "profile" : ["http://ltc-ig.fhir.tw/StructureDefinition/LTCPractitioner"]
  },
  "text" : {
    "status" : "generated",
    "div" : "<div xmlns=\"http://www.w3.org/1999/xhtml\"><p class=\"res-header-id\"><b>Generated Narrative: Practitioner ltc-practitioner-example</b></p><a name=\"ltc-practitioner-example\"> </a><a name=\"hcltc-practitioner-example\"> </a><div style=\"display: inline-block; background-color: #d9e0e7; padding: 6px; margin: 4px; border: 1px solid #8da1b4; border-radius: 5px; line-height: 60%\"><p style=\"margin-bottom: 0px\"/><p style=\"margin-bottom: 0px\">Profile: <a href=\"StructureDefinition-LTCPractitioner.html\">長期照顧－照顧服務提供者</a></p></div><p><b>identifier</b>: Medical License number/KMD12345\u00a0(use:\u00a0official,\u00a0)</p><p><b>active</b>: true</p><p><b>name</b>: 王美玲(Official)</p><p><b>telecom</b>: ph: 02-87654321(Work), <a href=\"mailto:meiling.wang@ltc-hospital.tw\">meiling.wang@ltc-hospital.tw</a></p><p><b>address</b>: 台北市大安區復興南路二段201號(work)</p><p><b>gender</b>: Female</p><p><b>birthDate</b>: 1975-06-10</p></div>"
  },
  "identifier" : [{
    "use" : "official",
    "type" : {
      "coding" : [{
        "system" : "http://terminology.hl7.org/CodeSystem/v2-0203",
        "code" : "MD"
      }]
    },
    "system" : "http://example.org/fhir/NamingSystem/hospital-license",
    "value" : "KMD12345"
  }],
  "active" : true,
  "name" : [{
    "use" : "official",
    "text" : "王美玲",
    "family" : "王",
    "given" : ["美玲"]
  }],
  "telecom" : [{
    "system" : "phone",
    "value" : "02-87654321",
    "use" : "work"
  },
  {
    "system" : "email",
    "value" : "meiling.wang@ltc-hospital.tw",
    "use" : "work"
  }],
  "address" : [{
    "use" : "work",
    "type" : "both",
    "text" : "台北市大安區復興南路二段201號",
    "line" : ["復興南路二段201號"],
    "city" : "台北市",
    "district" : "大安區",
    "postalCode" : "106",
    "country" : "TW"
  }],
  "gender" : "female",
  "birthDate" : "1975-06-10"
}