{
  "resourceType" : "RelatedPerson",
  "id" : "ltc-related-person-primary-caregiver-example",
  "meta" : {
    "profile" : ["http://ltc-ig.fhir.tw/StructureDefinition/LTCRelatedPerson"]
  },
  "text" : {
    "status" : "extensions",
    "div" : "<div xmlns=\"http://www.w3.org/1999/xhtml\"><p class=\"res-header-id\"><b>Generated Narrative: RelatedPerson ltc-related-person-primary-caregiver-example</b></p><a name=\"ltc-related-person-primary-caregiver-example\"> </a><a name=\"hcltc-related-person-primary-caregiver-example\"> </a><div style=\"display: inline-block; background-color: #d9e0e7; padding: 6px; margin: 4px; border: 1px solid #8da1b4; border-radius: 5px; line-height: 60%\"><p style=\"margin-bottom: 0px\"/><p style=\"margin-bottom: 0px\">Profile: <a href=\"StructureDefinition-LTCRelatedPerson.html\">長期照顧－關係人</a></p></div><p><b>是否為主要照顧者</b>: true</p><p><b>active</b>: true</p><p><b>patient</b>: <a href=\"Patient-ltc-patient-chen-ming-hui.html\">陳明慧 Female, DoB: 1945-03-15 ( National Person Identifier (TWN):\u00a0A123456789\u00a0(use:\u00a0official,\u00a0))</a></p><p><b>relationship</b>: <span title=\"Codes:{http://terminology.hl7.org/CodeSystem/v3-RoleCode CHILD}\">child</span></p><p><b>name</b>: 陳志強</p><p><b>telecom</b>: ph: 0987654321(Mobile), ph: 02-27031234(Home)</p><p><b>gender</b>: Male</p><p><b>address</b>: 台北市大安區仁愛路三段55號8樓(home)</p></div>"
  },
  "extension" : [{
    "url" : "http://ltc-ig.fhir.tw/StructureDefinition/ExtRelatedPersonIsPrimary-TWLTC",
    "valueBoolean" : true
  }],
  "active" : true,
  "patient" : {
    "reference" : "Patient/ltc-patient-chen-ming-hui"
  },
  "relationship" : [{
    "coding" : [{
      "system" : "http://terminology.hl7.org/CodeSystem/v3-RoleCode",
      "code" : "CHILD",
      "display" : "child"
    }]
  }],
  "name" : [{
    "use" : "usual",
    "text" : "陳志強",
    "family" : "陳",
    "given" : ["志強"]
  }],
  "telecom" : [{
    "system" : "phone",
    "value" : "0987654321",
    "use" : "mobile"
  },
  {
    "system" : "phone",
    "value" : "02-27031234",
    "use" : "home"
  }],
  "gender" : "male",
  "address" : [{
    "use" : "home",
    "text" : "台北市大安區仁愛路三段55號8樓",
    "line" : ["仁愛路三段55號8樓"],
    "city" : "大安區",
    "state" : "台北市",
    "postalCode" : "10657",
    "country" : "TW"
  }]
}