{
  "resourceType" : "ValueSet",
  "id" : "FallHistoryResultVS-TWLTC",
  "text" : {
    "status" : "generated",
    "div" : "<div xmlns=\"http://www.w3.org/1999/xhtml\"><p class=\"res-header-id\"><b>Generated Narrative: ValueSet FallHistoryResultVS-TWLTC</b></p><a name=\"FallHistoryResultVS-TWLTC\"> </a><a name=\"hcFallHistoryResultVS-TWLTC\"> </a><a name=\"FallHistoryResultVS-TWLTC-en-US\"> </a><ul><li>Include these codes as defined in <a href=\"http://loinc.org\"><code>http://loinc.org</code></a><table class=\"none\"><tr><td style=\"white-space:nowrap\"><b>Code</b></td><td><b>Display</b></td></tr><tr><td><a href=\"https://loinc.org/LA19655-2/\">LA19655-2</a></td><td>Not observed</td></tr><tr><td><a href=\"https://loinc.org/LA33635-6/\">LA33635-6</a></td><td>Observed</td></tr></table></li></ul></div>"
  },
  "url" : "http://ltc-ig.fhir.tw/ValueSet/FallHistoryResultVS-TWLTC",
  "version" : "0.2.0",
  "name" : "FallHistoryResultVSTWLTC",
  "title" : "跌倒紀錄結果值集",
  "status" : "active",
  "experimental" : false,
  "date" : "2024-10-20",
  "publisher" : "MI-TW",
  "contact" : [{
    "name" : "MI-TW",
    "telecom" : [{
      "system" : "url",
      "value" : "https://mitw.dicom.org.tw/"
    }]
  }],
  "description" : "紀錄住民跌倒的偵測結果。",
  "compose" : {
    "include" : [{
      "system" : "http://loinc.org",
      "concept" : [{
        "code" : "LA19655-2",
        "display" : "Not observed"
      },
      {
        "code" : "LA33635-6",
        "display" : "Observed"
      }]
    }]
  }
}