{
  "resourceType" : "ValueSet",
  "id" : "PatientIdentityVS-TWLTC",
  "text" : {
    "status" : "generated",
    "div" : "<div xmlns=\"http://www.w3.org/1999/xhtml\"><p class=\"res-header-id\"><b>Generated Narrative: ValueSet PatientIdentityVS-TWLTC</b></p><a name=\"PatientIdentityVS-TWLTC\"> </a><a name=\"hcPatientIdentityVS-TWLTC\"> </a><a name=\"PatientIdentityVS-TWLTC-en-US\"> </a><ul><li>Include all codes defined in <a href=\"CodeSystem-PatientIdentityCS-TWLTC.html\"><code>http://ltc-ig.fhir.tw/CodeSystem/PatientIdentityCS-TWLTC</code></a></li></ul></div>"
  },
  "url" : "http://ltc-ig.fhir.tw/ValueSet/PatientIdentityVS-TWLTC",
  "version" : "0.1.1",
  "name" : "PatientIdentityVSTWLTC",
  "title" : "個案身分別值集",
  "status" : "active",
  "experimental" : false,
  "date" : "2024-09-02",
  "publisher" : "MI-TW",
  "contact" : [{
    "name" : "MI-TW",
    "telecom" : [{
      "system" : "url",
      "value" : "https://mitw.dicom.org.tw/"
    }]
  }],
  "description" : "個案身分別的值集",
  "compose" : {
    "include" : [{
      "system" : "http://ltc-ig.fhir.tw/CodeSystem/PatientIdentityCS-TWLTC"
    }]
  }
}