{
  "resourceType" : "ValueSet",
  "id" : "ConditionDisabilityTypeVS-TWLTC",
  "text" : {
    "status" : "generated",
    "div" : "<div xmlns=\"http://www.w3.org/1999/xhtml\"><p class=\"res-header-id\"><b>Generated Narrative: ValueSet ConditionDisabilityTypeVS-TWLTC</b></p><a name=\"ConditionDisabilityTypeVS-TWLTC\"> </a><a name=\"hcConditionDisabilityTypeVS-TWLTC\"> </a><a name=\"ConditionDisabilityTypeVS-TWLTC-en-US\"> </a><p>This value set includes codes based on the following rules:</p><ul><li>Include all codes defined in <a href=\"CodeSystem-ConditionDisabilityTypeCS-TWLTC.html\"><code>http://ltc-ig.fhir.tw/CodeSystem/ConditionDisabilityTypeCS-TWLTC</code></a></li><li>Include all codes defined in <a href=\"CodeSystem-ConditionDisabilityLegacyTypeCS-TWLTC.html\"><code>http://ltc-ig.fhir.tw/CodeSystem/ConditionDisabilityLegacyTypeCS-TWLTC</code></a></li></ul></div>"
  },
  "url" : "http://ltc-ig.fhir.tw/ValueSet/ConditionDisabilityTypeVS-TWLTC",
  "version" : "0.1.1",
  "name" : "ConditionDisabilityTypeVSTWLTC",
  "title" : "身心障礙類型值集",
  "status" : "active",
  "experimental" : false,
  "date" : "2024-08-25",
  "publisher" : "MI-TW",
  "contact" : [{
    "name" : "MI-TW",
    "telecom" : [{
      "system" : "url",
      "value" : "https://mitw.dicom.org.tw/"
    }]
  }],
  "description" : "個案身心障礙類型",
  "compose" : {
    "include" : [{
      "system" : "http://ltc-ig.fhir.tw/CodeSystem/ConditionDisabilityTypeCS-TWLTC"
    },
    {
      "system" : "http://ltc-ig.fhir.tw/CodeSystem/ConditionDisabilityLegacyTypeCS-TWLTC"
    }]
  }
}