{
  "resourceType" : "ValueSet",
  "id" : "ReferralCarePlanVS-TWLTC",
  "text" : {
    "status" : "generated",
    "div" : "<div xmlns=\"http://www.w3.org/1999/xhtml\"><p class=\"res-header-id\"><b>Generated Narrative: ValueSet ReferralCarePlanVS-TWLTC</b></p><a name=\"ReferralCarePlanVS-TWLTC\"> </a><a name=\"hcReferralCarePlanVS-TWLTC\"> </a><a name=\"ReferralCarePlanVS-TWLTC-en-US\"> </a><ul><li>Include all codes defined in <a href=\"CodeSystem-ReferralCarePlanCS-TWLTC.html\"><code>http://ltc-ig.fhir.tw/CodeSystem/ReferralCarePlanCS-TWLTC</code></a></li></ul></div>"
  },
  "url" : "http://ltc-ig.fhir.tw/ValueSet/ReferralCarePlanVS-TWLTC",
  "version" : "0.1.1",
  "name" : "ReferralCarePlanVSTWLTC",
  "title" : "轉介單申請服務種類值集",
  "status" : "active",
  "experimental" : false,
  "date" : "2024-08-25",
  "publisher" : "MI-TW",
  "contact" : [{
    "name" : "MI-TW",
    "telecom" : [{
      "system" : "url",
      "value" : "https://mitw.dicom.org.tw/"
    }]
  }],
  "description" : "轉介單申請服務種類的值集",
  "compose" : {
    "include" : [{
      "system" : "http://ltc-ig.fhir.tw/CodeSystem/ReferralCarePlanCS-TWLTC"
    }]
  }
}