{
  "resourceType" : "ValueSet",
  "id" : "GoalDescriptionVS-TWLTC",
  "text" : {
    "status" : "generated",
    "div" : "<div xmlns=\"http://www.w3.org/1999/xhtml\"><p class=\"res-header-id\"><b>Generated Narrative: ValueSet GoalDescriptionVS-TWLTC</b></p><a name=\"GoalDescriptionVS-TWLTC\"> </a><a name=\"hcGoalDescriptionVS-TWLTC\"> </a><a name=\"GoalDescriptionVS-TWLTC-en-US\"> </a><p>This value set includes codes based on the following rules:</p><ul><li>Include all codes defined in <a href=\"http://www.snomed.org/\"><code>http://snomed.info/sct</code></a></li><li>Include all codes defined in <a href=\"http://loinc.org\"><code>http://loinc.org</code></a></li></ul></div>"
  },
  "url" : "http://ltc-ig.fhir.tw/ValueSet/GoalDescriptionVS-TWLTC",
  "version" : "0.2.0",
  "name" : "GoalDescriptionVSTWLTC",
  "title" : "照顧目標描述值集",
  "status" : "active",
  "experimental" : false,
  "date" : "2024-08-25",
  "publisher" : "MI-TW",
  "contact" : [{
    "name" : "MI-TW",
    "telecom" : [{
      "system" : "url",
      "value" : "https://mitw.dicom.org.tw/"
    }]
  }],
  "description" : "照顧目標的描述值集，用以表述長期照顧情境中涉及之照顧目標描述內容。本值集比照 US Core Goal Profile 中的 description 元素定義，引用 SNOMED CT 與 LOINC 等術語系統。",
  "compose" : {
    "include" : [{
      "system" : "http://snomed.info/sct"
    },
    {
      "system" : "http://loinc.org"
    }]
  }
}