{
  "resourceType" : "ValueSet",
  "id" : "EconomyStatusVS-TWLTC",
  "text" : {
    "status" : "generated",
    "div" : "<div xmlns=\"http://www.w3.org/1999/xhtml\"><p class=\"res-header-id\"><b>Generated Narrative: ValueSet EconomyStatusVS-TWLTC</b></p><a name=\"EconomyStatusVS-TWLTC\"> </a><a name=\"hcEconomyStatusVS-TWLTC\"> </a><a name=\"EconomyStatusVS-TWLTC-en-US\"> </a><ul><li>Include all codes defined in <a href=\"CodeSystem-EconomyStatusCS-TWLTC.html\"><code>http://ltc-ig.fhir.tw/CodeSystem/EconomyStatusCS-TWLTC</code></a></li></ul></div>"
  },
  "url" : "http://ltc-ig.fhir.tw/ValueSet/EconomyStatusVS-TWLTC",
  "version" : "0.1.1",
  "name" : "EconomyStatusVSTWLTC",
  "title" : "個案經濟狀況值集",
  "status" : "active",
  "experimental" : false,
  "date" : "2024-08-25",
  "publisher" : "MI-TW",
  "contact" : [{
    "name" : "MI-TW",
    "telecom" : [{
      "system" : "url",
      "value" : "https://mitw.dicom.org.tw/"
    }]
  }],
  "description" : "用以表述個案經濟狀況之值集，包含個案經濟狀況之描述內容。",
  "compose" : {
    "include" : [{
      "system" : "http://ltc-ig.fhir.tw/CodeSystem/EconomyStatusCS-TWLTC"
    }]
  }
}