{
  "resourceType" : "ValueSet",
  "id" : "EducationStatusVS-TWLTC",
  "text" : {
    "status" : "generated",
    "div" : "<div xmlns=\"http://www.w3.org/1999/xhtml\"><p class=\"res-header-id\"><b>Generated Narrative: ValueSet EducationStatusVS-TWLTC</b></p><a name=\"EducationStatusVS-TWLTC\"> </a><a name=\"hcEducationStatusVS-TWLTC\"> </a><a name=\"EducationStatusVS-TWLTC-en-US\"> </a><ul><li>Include all codes defined in <a href=\"CodeSystem-EducationStatusCS-TWLTC.html\"><code>http://ltc-ig.fhir.tw/CodeSystem/EducationStatusCS-TWLTC</code></a></li></ul></div>"
  },
  "url" : "http://ltc-ig.fhir.tw/ValueSet/EducationStatusVS-TWLTC",
  "version" : "0.2.0",
  "name" : "EducationStatusVSTWLTC",
  "title" : "教育程度值集",
  "status" : "active",
  "experimental" : false,
  "date" : "2024-10-23T02:33:36+08:00",
  "publisher" : "MI-TW",
  "contact" : [{
    "name" : "MI-TW",
    "telecom" : [{
      "system" : "url",
      "value" : "https://mitw.dicom.org.tw/"
    }]
  }],
  "description" : "用以表述教育程度之值集，包含教育程度之描述內容。",
  "compose" : {
    "include" : [{
      "system" : "http://ltc-ig.fhir.tw/CodeSystem/EducationStatusCS-TWLTC"
    }]
  }
}