{
  "resourceType" : "ValueSet",
  "id" : "ExerciseHistoryVS-Sport",
  "text" : {
    "status" : "generated",
    "div" : "<div xmlns=\"http://www.w3.org/1999/xhtml\"><p class=\"res-header-id\"><b>Generated Narrative: ValueSet ExerciseHistoryVS-Sport</b></p><a name=\"ExerciseHistoryVS-Sport\"> </a><a name=\"hcExerciseHistoryVS-Sport\"> </a><a name=\"ExerciseHistoryVS-Sport-en-US\"> </a><ul><li>Include these codes as defined in <code>http://snomed.info/sct/901000000000207008/version/20240901</code><table class=\"none\"><tr><td style=\"white-space:nowrap\"><b>Code</b></td><td><b>Display</b></td></tr><tr><td>229072005</td><td>Aerobic exercises</td></tr><tr><td>266741004</td><td>Muscle strength exercise</td></tr><tr><td>229070002</td><td>Stretching exercises</td></tr><tr><td>386293009</td><td>Balance exercises</td></tr></table></li></ul></div>"
  },
  "url" : "http://ltc-ig.fhir.tw/ValueSet/ExerciseHistoryVS-Sport",
  "version" : "0.2.0",
  "name" : "ExerciseHistoryVSSport",
  "title" : "身體活動量測-最近(目前)運動史值集",
  "status" : "active",
  "experimental" : false,
  "date" : "2024-06-04",
  "publisher" : "MI-TW",
  "contact" : [{
    "name" : "MI-TW",
    "telecom" : [{
      "system" : "url",
      "value" : "https://mitw.dicom.org.tw/"
    }]
  }],
  "description" : "最近(目前)運動史。本 ValueSet 繼承自身體活動量測 IG，後續將配合原始 IG 進行更新。",
  "compose" : {
    "include" : [{
      "system" : "http://snomed.info/sct/901000000000207008/version/20240901",
      "concept" : [{
        "code" : "229072005",
        "display" : "Aerobic exercises"
      },
      {
        "code" : "266741004",
        "display" : "Muscle strength exercise"
      },
      {
        "code" : "229070002",
        "display" : "Stretching exercises"
      },
      {
        "code" : "386293009",
        "display" : "Balance exercises"
      }]
    }]
  }
}