{
  "resourceType" : "ValueSet",
  "id" : "GaitCycleVS-Sports",
  "text" : {
    "status" : "generated",
    "div" : "<div xmlns=\"http://www.w3.org/1999/xhtml\"><p class=\"res-header-id\"><b>Generated Narrative: ValueSet GaitCycleVS-Sports</b></p><a name=\"GaitCycleVS-Sports\"> </a><a name=\"hcGaitCycleVS-Sports\"> </a><a name=\"GaitCycleVS-Sports-en-US\"> </a><ul><li>Include all codes defined in <a href=\"CodeSystem-GaitCycleCS-Sports.html\"><code>http://ltc-ig.fhir.tw/CodeSystem/GaitCycleCS-Sports</code></a></li></ul></div>"
  },
  "url" : "http://ltc-ig.fhir.tw/ValueSet/GaitCycleVS-Sports",
  "version" : "0.2.0",
  "name" : "GaitCycleVSSports",
  "title" : "身體活動量測-步態週期值集",
  "status" : "active",
  "experimental" : false,
  "date" : "2024-06-04",
  "publisher" : "MI-TW",
  "contact" : [{
    "name" : "MI-TW",
    "telecom" : [{
      "system" : "url",
      "value" : "https://mitw.dicom.org.tw/"
    }]
  }],
  "description" : "一個步伐的完整過程，從一隻腳接觸地面開始到同一隻腳再次接觸地面結束。這個過程可以分為兩個主要階段：支撐期（stance phase）和擺動期（swing phase）。本 ValueSet 繼承自身體活動量測 IG，後續將配合原始 IG 進行更新。",
  "compose" : {
    "include" : [{
      "system" : "http://ltc-ig.fhir.tw/CodeSystem/GaitCycleCS-Sports"
    }]
  }
}